world,heterogeneity,method,private_fraction,serialized_bytes,train_examples,optimizer_updates,attention_mac_proxy,reconstruction_mac_proxy,wall_time_s,attention_output_nmse,status_note
58501,0,native_shared,0,815,0,0,24576,768,0,0.332648621,oracle rank-2 role basis and magnitude top-k residual
58501,0,mirror_rank2,0,2126,0,0,24576,768,0,1.44045276e-31,oracle rank-2 role basis and magnitude top-k residual
58501,0,direct_coeff,0,2126,0,0,24576,768,0,1.44045276e-31,oracle rank-2 role basis and magnitude top-k residual
58501,0,private_sparse,0,2128,0,0,24576,768,0,1.44045276e-31,oracle rank-2 role basis and magnitude top-k residual
58501,0,private_sparse,0.05,2724,0,0,24576,768,0,1.08107484e-31,oracle rank-2 role basis and magnitude top-k residual
58501,0,private_sparse,0.1,2838,0,0,24576,768,0,7.34201433e-32,oracle rank-2 role basis and magnitude top-k residual
58501,0,private_sparse,0.25,3186,0,0,24576,768,0,3.93858657e-32,oracle rank-2 role basis and magnitude top-k residual
58501,0,private_sparse,0.5,3762,0,0,24576,768,0,1.23646683e-32,oracle rank-2 role basis and magnitude top-k residual
58501,0,private_sparse,1.0,4914,0,0,24576,768,0,0,oracle rank-2 role basis and magnitude top-k residual
58501,0,independent,0,2217,0,0,24576,768,0,0,oracle rank-2 role basis and magnitude top-k residual
58501,0.1,native_shared,0,815,0,0,24576,768,0,0.796768824,oracle rank-2 role basis and magnitude top-k residual
58501,0.1,mirror_rank2,0,2126,0,0,24576,768,0,0.069549161,oracle rank-2 role basis and magnitude top-k residual
58501,0.1,direct_coeff,0,2126,0,0,24576,768,0,0.069549161,oracle rank-2 role basis and magnitude top-k residual
58501,0.1,private_sparse,0,2128,0,0,24576,768,0,0.069549161,oracle rank-2 role basis and magnitude top-k residual
58501,0.1,private_sparse,0.05,2724,0,0,24576,768,0,0.023781306,oracle rank-2 role basis and magnitude top-k residual
58501,0.1,private_sparse,0.1,2838,0,0,24576,768,0,0.0143320442,oracle rank-2 role basis and magnitude top-k residual
58501,0.1,private_sparse,0.25,3186,0,0,24576,768,0,0.00578180862,oracle rank-2 role basis and magnitude top-k residual
58501,0.1,private_sparse,0.5,3762,0,0,24576,768,0,0.00132417725,oracle rank-2 role basis and magnitude top-k residual
58501,0.1,private_sparse,1.0,4914,0,0,24576,768,0,6.51371043e-34,oracle rank-2 role basis and magnitude top-k residual
58501,0.1,independent,0,2217,0,0,24576,768,0,0,oracle rank-2 role basis and magnitude top-k residual
58501,0.3,native_shared,0,815,0,0,24576,768,0,0.782309068,oracle rank-2 role basis and magnitude top-k residual
58501,0.3,mirror_rank2,0,2126,0,0,24576,768,0,0.203658703,oracle rank-2 role basis and magnitude top-k residual
58501,0.3,direct_coeff,0,2126,0,0,24576,768,0,0.203658703,oracle rank-2 role basis and magnitude top-k residual
58501,0.3,private_sparse,0,2128,0,0,24576,768,0,0.203658703,oracle rank-2 role basis and magnitude top-k residual
58501,0.3,private_sparse,0.05,2724,0,0,24576,768,0,0.119410236,oracle rank-2 role basis and magnitude top-k residual
58501,0.3,private_sparse,0.1,2838,0,0,24576,768,0,0.0787251695,oracle rank-2 role basis and magnitude top-k residual
58501,0.3,private_sparse,0.25,3186,0,0,24576,768,0,0.0383155445,oracle rank-2 role basis and magnitude top-k residual
58501,0.3,private_sparse,0.5,3762,0,0,24576,768,0,0.00748604116,oracle rank-2 role basis and magnitude top-k residual
58501,0.3,private_sparse,1.0,4914,0,0,24576,768,0,1.72201919e-33,oracle rank-2 role basis and magnitude top-k residual
58501,0.3,independent,0,2217,0,0,24576,768,0,0,oracle rank-2 role basis and magnitude top-k residual
58501,0.6,native_shared,0,815,0,0,24576,768,0,0.497219723,oracle rank-2 role basis and magnitude top-k residual
58501,0.6,mirror_rank2,0,2126,0,0,24576,768,0,0.141169931,oracle rank-2 role basis and magnitude top-k residual
58501,0.6,direct_coeff,0,2126,0,0,24576,768,0,0.141169931,oracle rank-2 role basis and magnitude top-k residual
58501,0.6,private_sparse,0,2128,0,0,24576,768,0,0.141169931,oracle rank-2 role basis and magnitude top-k residual
58501,0.6,private_sparse,0.05,2724,0,0,24576,768,0,0.100961698,oracle rank-2 role basis and magnitude top-k residual
58501,0.6,private_sparse,0.1,2838,0,0,24576,768,0,0.0878863775,oracle rank-2 role basis and magnitude top-k residual
58501,0.6,private_sparse,0.25,3186,0,0,24576,768,0,0.0419755992,oracle rank-2 role basis and magnitude top-k residual
58501,0.6,private_sparse,0.5,3762,0,0,24576,768,0,0.0145807322,oracle rank-2 role basis and magnitude top-k residual
58501,0.6,private_sparse,1.0,4914,0,0,24576,768,0,2.57000646e-33,oracle rank-2 role basis and magnitude top-k residual
58501,0.6,independent,0,2217,0,0,24576,768,0,0,oracle rank-2 role basis and magnitude top-k residual
58502,0,native_shared,0,815,0,0,24576,768,0,0.308770914,oracle rank-2 role basis and magnitude top-k residual
58502,0,mirror_rank2,0,2126,0,0,24576,768,0,1.57040227e-31,oracle rank-2 role basis and magnitude top-k residual
58502,0,direct_coeff,0,2126,0,0,24576,768,0,1.57040227e-31,oracle rank-2 role basis and magnitude top-k residual
58502,0,private_sparse,0,2128,0,0,24576,768,0,1.57040227e-31,oracle rank-2 role basis and magnitude top-k residual
58502,0,private_sparse,0.05,2724,0,0,24576,768,0,8.50749621e-32,oracle rank-2 role basis and magnitude top-k residual
58502,0,private_sparse,0.1,2838,0,0,24576,768,0,6.00766525e-32,oracle rank-2 role basis and magnitude top-k residual
58502,0,private_sparse,0.25,3186,0,0,24576,768,0,3.49082263e-32,oracle rank-2 role basis and magnitude top-k residual
58502,0,private_sparse,0.5,3762,0,0,24576,768,0,1.46383026e-32,oracle rank-2 role basis and magnitude top-k residual
58502,0,private_sparse,1.0,4914,0,0,24576,768,0,0,oracle rank-2 role basis and magnitude top-k residual
58502,0,independent,0,2217,0,0,24576,768,0,0,oracle rank-2 role basis and magnitude top-k residual
58502,0.1,native_shared,0,815,0,0,24576,768,0,0.412173234,oracle rank-2 role basis and magnitude top-k residual
58502,0.1,mirror_rank2,0,2126,0,0,24576,768,0,0.0444699079,oracle rank-2 role basis and magnitude top-k residual
58502,0.1,direct_coeff,0,2126,0,0,24576,768,0,0.0444699079,oracle rank-2 role basis and magnitude top-k residual
58502,0.1,private_sparse,0,2128,0,0,24576,768,0,0.0444699079,oracle rank-2 role basis and magnitude top-k residual
58502,0.1,private_sparse,0.05,2724,0,0,24576,768,0,0.0166474516,oracle rank-2 role basis and magnitude top-k residual
58502,0.1,private_sparse,0.1,2838,0,0,24576,768,0,0.00994559233,oracle rank-2 role basis and magnitude top-k residual
58502,0.1,private_sparse,0.25,3186,0,0,24576,768,0,0.00323364521,oracle rank-2 role basis and magnitude top-k residual
58502,0.1,private_sparse,0.5,3762,0,0,24576,768,0,0.000578287472,oracle rank-2 role basis and magnitude top-k residual
58502,0.1,private_sparse,1.0,4914,0,0,24576,768,0,9.43852548e-35,oracle rank-2 role basis and magnitude top-k residual
58502,0.1,independent,0,2217,0,0,24576,768,0,0,oracle rank-2 role basis and magnitude top-k residual
58502,0.3,native_shared,0,815,0,0,24576,768,0,0.929765926,oracle rank-2 role basis and magnitude top-k residual
58502,0.3,mirror_rank2,0,2126,0,0,24576,768,0,0.154221378,oracle rank-2 role basis and magnitude top-k residual
58502,0.3,direct_coeff,0,2126,0,0,24576,768,0,0.154221378,oracle rank-2 role basis and magnitude top-k residual
58502,0.3,private_sparse,0,2128,0,0,24576,768,0,0.154221378,oracle rank-2 role basis and magnitude top-k residual
58502,0.3,private_sparse,0.05,2724,0,0,24576,768,0,0.0873788975,oracle rank-2 role basis and magnitude top-k residual
58502,0.3,private_sparse,0.1,2838,0,0,24576,768,0,0.0511708886,oracle rank-2 role basis and magnitude top-k residual
58502,0.3,private_sparse,0.25,3186,0,0,24576,768,0,0.0354691604,oracle rank-2 role basis and magnitude top-k residual
58502,0.3,private_sparse,0.5,3762,0,0,24576,768,0,0.00475422467,oracle rank-2 role basis and magnitude top-k residual
58502,0.3,private_sparse,1.0,4914,0,0,24576,768,0,6.57186672e-34,oracle rank-2 role basis and magnitude top-k residual
58502,0.3,independent,0,2217,0,0,24576,768,0,0,oracle rank-2 role basis and magnitude top-k residual
58502,0.6,native_shared,0,815,0,0,24576,768,0,0.662744641,oracle rank-2 role basis and magnitude top-k residual
58502,0.6,mirror_rank2,0,2126,0,0,24576,768,0,0.17738347,oracle rank-2 role basis and magnitude top-k residual
58502,0.6,direct_coeff,0,2126,0,0,24576,768,0,0.17738347,oracle rank-2 role basis and magnitude top-k residual
58502,0.6,private_sparse,0,2128,0,0,24576,768,0,0.17738347,oracle rank-2 role basis and magnitude top-k residual
58502,0.6,private_sparse,0.05,2724,0,0,24576,768,0,0.146353658,oracle rank-2 role basis and magnitude top-k residual
58502,0.6,private_sparse,0.1,2838,0,0,24576,768,0,0.101456615,oracle rank-2 role basis and magnitude top-k residual
58502,0.6,private_sparse,0.25,3186,0,0,24576,768,0,0.0557496284,oracle rank-2 role basis and magnitude top-k residual
58502,0.6,private_sparse,0.5,3762,0,0,24576,768,0,0.0145612392,oracle rank-2 role basis and magnitude top-k residual
58502,0.6,private_sparse,1.0,4914,0,0,24576,768,0,1.96740358e-33,oracle rank-2 role basis and magnitude top-k residual
58502,0.6,independent,0,2217,0,0,24576,768,0,0,oracle rank-2 role basis and magnitude top-k residual
