condition,world_or_seed,learning_rate,method,serialized_bytes,train_tokens_seen,optimizer_updates,base_MAC_per_token,generator_MAC_per_token,train_wall_time_s,inference_tokens_per_second,accuracy,nll,payload_sha256,roundtrip_max_abs_diff,status_note
development,40300,0.003,shared,4957,153600,1200,640,0,0.421925,10975559.888,0.81591797,0.4403159022,ded640a0a217d2ef0526db5214e69600fba54f5830668945688371ce5113cb50,0.0,development/40300/0.003/shared; sequence length 8; complete inference state charged
development,40300,0.003,mirror_gen,6037,153600,1200,640,144,0.794772,2700494.585,0.85937500,0.3477985561,f184f3bdfbe45a9d29ab37e327890d5a3fed54993f9729ff0e2e6723e8699ce1,0.0,development/40300/0.003/mirror_gen; sequence length 8; complete inference state charged
development,40300,0.003,film_gen,6613,153600,1200,640,288,0.759468,2808207.654,0.83886719,0.4067398608,ad11d9a40a86fc792127102c77ab31803cc203224dd477a54c681364dfc72e05,0.0,development/40300/0.003/film_gen; sequence length 8; complete inference state charged
development,40300,0.003,static,5209,153600,1200,640,0,0.707729,3715424.6,0.89599609,0.2744081020,047603d725f82c1c4430e1f6ff3a40c1fae5247baf39e617fd9a844b1911e00e,0.0,development/40300/0.003/static; sequence length 8; complete inference state charged
development,40300,0.003,independent,15987,153600,1200,640,0,1.156984,1767347.36,0.87744141,0.3180227578,0215838f2ee63f49607bd1fad726f8883415992039b317dd12ccf4d63192dde2,0.0,development/40300/0.003/independent; sequence length 8; complete inference state charged
development,40300,0.01,shared,4957,153600,1200,640,0,0.41039,10572265.311,0.80468750,0.4542621672,f34b0868a77c894e62916eb228de65d15c520ceb148a2a3a1636fcb0895ccc84,0.0,development/40300/0.01/shared; sequence length 8; complete inference state charged
development,40300,0.01,mirror_gen,6037,153600,1200,640,144,0.773797,2779594.962,0.87939453,0.3143204451,21b96b0f9bfd0d2ece13258733bb439fac133dbb134d4aa295ce09cfec4df864,0.0,development/40300/0.01/mirror_gen; sequence length 8; complete inference state charged
development,40300,0.01,film_gen,6613,153600,1200,640,288,0.736012,2908852.904,0.87988281,0.3250848949,1df1da67bf273ced3c5458325b34f621e8a3e717fc4f49a835e05e0e4db4a661,0.0,development/40300/0.01/film_gen; sequence length 8; complete inference state charged
development,40300,0.01,static,5209,153600,1200,640,0,0.702456,3049370.611,0.88769531,0.2734327316,9a059259f8d34d7e179fc775b153b9ec69787ad525e2075d496c6b19fefffc0a,0.0,development/40300/0.01/static; sequence length 8; complete inference state charged
development,40300,0.01,independent,15987,153600,1200,640,0,1.184694,1719455.979,0.87451172,0.3651800156,47f17d884c6c607297801c1fbf1cc1cbc0f5b1d9e7fe79b0f58292750e29dcf8,0.0,development/40300/0.01/independent; sequence length 8; complete inference state charged
development,40301,0.003,shared,4957,153600,1200,640,0,0.428757,11696493.981,0.83886719,0.3860481679,c6a75d1a61b910b2c421f39bca9828472082c105ab2bf3a5f4a1110e4ef96fe1,0.0,development/40301/0.003/shared; sequence length 8; complete inference state charged
development,40301,0.003,mirror_gen,6037,153600,1200,640,144,0.803298,2835682.183,0.84570312,0.3861282468,927a1114ea82dd237932e5c8e62fbfea2714c1c60154ef62015c9a56e74c4642,0.0,development/40301/0.003/mirror_gen; sequence length 8; complete inference state charged
development,40301,0.003,film_gen,6613,153600,1200,640,288,0.778879,2926854.913,0.85253906,0.3727698624,285d4d4defcc38e82372792b8a52cae05ec066338885a79f680747817c88e6b6,0.0,development/40301/0.003/film_gen; sequence length 8; complete inference state charged
development,40301,0.003,static,5209,153600,1200,640,0,0.758371,3749045.376,0.86181641,0.3476476669,2115a6d27a27c752b2c207ff1cd0d3fe3e563fe00614404427fce0a712912945,0.0,development/40301/0.003/static; sequence length 8; complete inference state charged
development,40301,0.003,independent,15987,153600,1200,640,0,1.149183,1578898.029,0.85351562,0.3806371987,b1e03cf0360a8fcc35f945deffdce930e45d56f74c3dd0d063837e13f1621076,0.0,development/40301/0.003/independent; sequence length 8; complete inference state charged
development,40301,0.01,shared,4957,153600,1200,640,0,0.418036,8800108.512,0.83593750,0.4064127207,bb716869e218462d82dd356b4263005694ab4c875f54d07da94c1c0cf5dc6da9,0.0,development/40301/0.01/shared; sequence length 8; complete inference state charged
development,40301,0.01,mirror_gen,6037,153600,1200,640,144,0.809373,2805617.818,0.85449219,0.3448845148,1bcf8cdfecdfb39a903ef8d911abf5deb81a2496a1506c371b5b4b8562f511f9,0.0,development/40301/0.01/mirror_gen; sequence length 8; complete inference state charged
development,40301,0.01,film_gen,6613,153600,1200,640,288,0.753773,2395498.706,0.85693359,0.3676515520,dc295130aeba59455f6b3f50661563369e56f36f5040441d9609e8489e322a82,0.0,development/40301/0.01/film_gen; sequence length 8; complete inference state charged
development,40301,0.01,static,5209,153600,1200,640,0,0.718529,3337679.248,0.88378906,0.2896206975,baaea699e44f60b5af8d0b580f0f08e07926707bd87baa8054338758d1f6dbf5,0.0,development/40301/0.01/static; sequence length 8; complete inference state charged
development,40301,0.01,independent,15987,153600,1200,640,0,1.175178,1767133.862,0.85009766,0.4364143610,8a2dee9f8fc48c5eddfa5a532bb7a359bdc95070413909232379c545752a7032,0.0,development/40301/0.01/independent; sequence length 8; complete inference state charged
fresh,40310,0.01,shared,4957,153600,1200,640,0,0.465042,11355898.863,0.84570312,0.3938693404,41973ca8b7adfb69560a5199a884a815eb7b50c5ced44109383526c3fbcb469b,0.0,fresh/40310/0.01/shared; sequence length 8; complete inference state charged
fresh,40310,0.01,mirror_gen,6037,153600,1200,640,144,0.8645,2653075.186,0.89379883,0.2686304450,c9ab560dafc4212a83fff509a0ad51a8fd26ad73d3df557eebbf26cc312a71fc,0.0,fresh/40310/0.01/mirror_gen; sequence length 8; complete inference state charged
fresh,40310,0.01,film_gen,6613,153600,1200,640,288,0.793255,2414618.24,0.87670898,0.3327497840,5fa9216c8da78fb6536808ac4d3676bd274e45bc72bbbf138f3adcfd20f02b08,0.0,fresh/40310/0.01/film_gen; sequence length 8; complete inference state charged
fresh,40310,0.01,static,5209,153600,1200,640,0,0.775191,3606522.74,0.89941406,0.2644863427,7e894b43fb31afec87c5833336de8741d0c3aad69158581bdc0ef023ea5b2998,0.0,fresh/40310/0.01/static; sequence length 8; complete inference state charged
fresh,40310,0.01,independent,15987,153600,1200,640,0,1.227085,1549355.913,0.87646484,0.3448839784,560257ea8cc7203b7151be48f4ebd0b6d05bcf42472d3b8e88f6e63e777086b8,0.0,fresh/40310/0.01/independent; sequence length 8; complete inference state charged
fresh,40311,0.01,shared,4957,153600,1200,640,0,0.458423,10687172.418,0.85253906,0.3791068196,7ca88052aa08300990e758e266fcf8f107995b2fb4abbfe637f11989ae788b0f,0.0,fresh/40311/0.01/shared; sequence length 8; complete inference state charged
fresh,40311,0.01,mirror_gen,6037,153600,1200,640,144,0.84988,2224640.941,0.86987305,0.3361847103,8f90756b36c7d4d173ba3a8ad2f59f22edec7b07f68fdd354aecd1446ea270de,0.0,fresh/40311/0.01/mirror_gen; sequence length 8; complete inference state charged
fresh,40311,0.01,film_gen,6613,153600,1200,640,288,0.823494,2782787.142,0.85156250,0.3972091079,80654c0b3a5e40adc7518d1e3eb1b7eb5f2bfb8f21383caaa14084b3ba14506a,0.0,fresh/40311/0.01/film_gen; sequence length 8; complete inference state charged
fresh,40311,0.01,static,5209,153600,1200,640,0,0.744141,3586358.39,0.88403320,0.2826699317,1a3c29cc2486c7304471ead724875187567e35386e77da8f0dde929f1b0c7368,0.0,fresh/40311/0.01/static; sequence length 8; complete inference state charged
fresh,40311,0.01,independent,15987,153600,1200,640,0,1.206871,1741514.369,0.86083984,0.4053806365,7456e799a073055f589d605629f53baecfc1cf641bc7de62e731f852a4ef7fbb,0.0,fresh/40311/0.01/independent; sequence length 8; complete inference state charged
fresh,40312,0.01,shared,4957,153600,1200,640,0,0.472136,11698364.949,0.80615234,0.4618759155,0a0ec5a89632ed951196cd50fd0763af1ec2232b045ef587a32c034f79930f02,0.0,fresh/40312/0.01/shared; sequence length 8; complete inference state charged
fresh,40312,0.01,mirror_gen,6037,153600,1200,640,144,0.825864,2591284.578,0.87402344,0.3187201023,1144f2ce44150cbb1e1e468f79b2f7547e3df9673f8531be35377526947ec3d8,0.0,fresh/40312/0.01/mirror_gen; sequence length 8; complete inference state charged
fresh,40312,0.01,film_gen,6613,153600,1200,640,288,0.77617,2475162.554,0.86450195,0.3372281492,c7d0197038372a0d24646a92064be25323bb067b374e41ab6ee319d405fd39a5,0.0,fresh/40312/0.01/film_gen; sequence length 8; complete inference state charged
fresh,40312,0.01,static,5209,153600,1200,640,0,0.744424,2756157.087,0.89160156,0.2576248646,5063ddcc8cf6eec988adc1ec1943d4484f8211f6a0fb668901140c868f27eeeb,0.0,fresh/40312/0.01/static; sequence length 8; complete inference state charged
fresh,40312,0.01,independent,15987,153600,1200,640,0,1.347538,1705579.643,0.84716797,0.4261005819,979a933a9f94631b075e974934cde6ca3bd7caa2ec946b287b455e6444d86c2b,0.0,fresh/40312/0.01/independent; sequence length 8; complete inference state charged
