phase,world,seed,method,split_count,novel_split_count,query_nrmse,payload_bytes,sha256
development,29900,0,independent_private,10,10,0.0,20590,e58f10aba7cf346ccc691f6d703fb9acccffa4e301ce4d9e1593a7dafecc3f6f
development,29900,0,never_split,0,0,0.9220589399337769,3295,d7f4bed05f49d20ea11711f4500d3526a9c85a2442625434100af1ef2d070355
development,29900,0,adaptive_mirror_split,4,4,2.852047487067466e-07,11543,5efbc9b3077049143f0e13adff71b35199bfe5c3c6ec7b9e8fa0ca77efcfe66d
development,29900,0,generic_pca_split,4,4,2.852047487067466e-07,11539,473c43970781dd3cb5a76f332b3152650ea062266567864869ce646624087083
development,29900,1,independent_private,10,10,0.0,20590,650b769a112cb8c8f46dea2e19ee8a6c26824551fb18630830c4d55ad4012795
development,29900,1,never_split,0,0,0.8499984741210938,3295,63c82517c37632d7541eb15443c8cd232a0f319c79bd2ab3f231fc93401c561c
development,29900,1,adaptive_mirror_split,4,4,1.4027450845333078e-07,11543,5f2d6e1ee8deb399e2da5559587cfdab61913f91ddd00627a3276abafac3722b
development,29900,1,generic_pca_split,4,4,1.4027450845333078e-07,11539,c0abf0945892b2873e4cb14be1246c0251fa5b4883d91d4a86018bcf4446a329
development,29900,2,independent_private,10,10,0.0,20590,1bd752ba14b20a00320d37e7a748335883a0fc02e05d94eaeb7aa0f8bdf6a08d
development,29900,2,never_split,0,0,0.9152201414108276,3295,8637588b8a943d29a70fde2604483491baa84fb042908705b667226837c933f0
development,29900,2,adaptive_mirror_split,4,4,1.6323461693446006e-07,11543,ba1a0d551af5138fc9b3edcfd81b291873bebe9d96fa319507bedc2775a07187
development,29900,2,generic_pca_split,4,4,1.6323461693446006e-07,11539,52a170ac90895e1e206fcc0af4b1f4af5b6bf1e5abdc551500fa3cf75b77df2b
development,29901,0,independent_private,10,10,0.0,20590,26ee359476456ab9a5fd49b912be841fd922ff3eba79e918d07217b4f0a07fc7
development,29901,0,never_split,0,0,0.8927596211433411,3295,a568189cd862920e751c7dca98ff46d457d6567291590c7c6aec70682050dd3f
development,29901,0,adaptive_mirror_split,4,4,1.9415057295191218e-07,11543,8baf796affce88df5a84272ae90019bc0761ce3a14a9514ebfe9a881ad0dd071
development,29901,0,generic_pca_split,4,4,1.9415057295191218e-07,11539,8b9273f76266b559d7ea7792f324aaf9a00abbc571d7489a5921ea0bbc0e3251
development,29901,1,independent_private,10,10,0.0,20590,5ece7b122f8cd73e3d6a45b4b31bf7885dce5c3a7b8eeb4af26cb0bce7baa44f
development,29901,1,never_split,0,0,0.8933058381080627,3295,80852785d0ed938175c4e499599df8107ba8c1342cde908ca7e66eeafb0621ef
development,29901,1,adaptive_mirror_split,4,4,1.686710930925983e-07,11543,5aa80bc58b72dd8f7109fbf3fc91b75bd978e5d5124c8dde774683ca30788593
development,29901,1,generic_pca_split,4,4,1.686710930925983e-07,11539,c512a01630d1e24e515d67c91604aec7b231d8f6c5327a5f92349f9633b4db14
development,29901,2,independent_private,10,10,0.0,20590,f535831c574361246a795301118316249abe4f58f5f3f914bf64a53e8595aa63
development,29901,2,never_split,0,0,0.8491277694702148,3295,2e8219d9a3fc50bdc410743e6c1868a4f42d669746377d660670591b65b1420e
development,29901,2,adaptive_mirror_split,4,4,1.9048157184897718e-07,11543,bc503c02c9e1ddb689f686de07683ff0d12d6a3238715daebbb12df9b1586d4f
development,29901,2,generic_pca_split,4,4,1.9048157184897718e-07,11539,e9106415674a2820d059aef6b231aea9e64b76d0c0d9e65a3ce1f16c34a2e40f
