world,seed,method,rank,accuracy,mean_target_nll,vector_nrmse,intervention_payload_bytes,total_deployment_bytes,base_model_bytes,inference_seconds,hash,path
51610,0,explicit,0,0.0,7.015349388122559,0.0,50793,551010654,550959861,1.5532049070461653,a8d795c0a931f45460a510f6d31e267f7fdc573b04d4b91e005177c04c14765e,experiments/mirror_applications/ma-516-function-vector-mirror/artifacts/payloads/51610_0_explicit_R0.pt
51610,0,mirror_pca,4,0.0,7.015244483947754,0.00973360612988472,17569,550977430,550959861,1.6800571710045915,660740a6407c63aebf3a6d2721057ab1c7abcdc2eac046387a530bc5ba3778d3,experiments/mirror_applications/ma-516-function-vector-mirror/artifacts/payloads/51610_0_mirror_pca_R4.pt
51610,0,mirror_pca,8,0.0,7.015064239501953,0.00713502150028944,29985,550989846,550959861,1.6589051570626907,f3bafc5e6e680e937f0303689e0ffc7c4efb443f7f77edc3c1aafbf19d0fef15,experiments/mirror_applications/ma-516-function-vector-mirror/artifacts/payloads/51610_0_mirror_pca_R8.pt
51610,0,mirror_pca,16,0.0,7.015312671661377,0.003299673553556204,54817,551014678,550959861,1.5484772029449232,33d3439f321e6bf022ba70ca2d643d847a11fbeb94bf64b5eb74615121770dde,experiments/mirror_applications/ma-516-function-vector-mirror/artifacts/payloads/51610_0_mirror_pca_R16.pt
51610,0,query_only,0,0.0,6.910593032836914,0.0,0,550959861,550959861,90807.061956054,,
51610,0,direct_icl,0,0.1875,2.4687464237213135,0.0,0,550959861,550959861,5.296208176994696,,
51610,1,explicit,0,0.0,6.753859043121338,0.0,50793,551010654,550959861,1.6559012980287662,17017d87f137e0d2604734ac64b89b0cb187f2967435cc2021c68361c95d7a56,experiments/mirror_applications/ma-516-function-vector-mirror/artifacts/payloads/51610_1_explicit_R0.pt
51610,1,mirror_pca,4,0.0,6.7546796798706055,0.009491736069321632,17569,550977430,550959861,1.5906294699962018,440195085bf6913c4387a28ad652436aa99a6086f3d068e3dc02f858f2f2fbfc,experiments/mirror_applications/ma-516-function-vector-mirror/artifacts/payloads/51610_1_mirror_pca_R4.pt
51610,1,mirror_pca,8,0.0,6.7538838386535645,0.007066951598972082,29985,550989846,550959861,1.6034089910099283,7f08735dd4ee983e0ca819857f3551e135fa45bb58f1b0327099382be0ed04ea,experiments/mirror_applications/ma-516-function-vector-mirror/artifacts/payloads/51610_1_mirror_pca_R8.pt
51610,1,mirror_pca,16,0.0,6.754530429840088,0.0033735584001988173,54817,551014678,550959861,1.6515322840423323,5c30d34af8b66d938d366b31c6f944a32a8a1af6ac21725aff0b005281a7fa98,experiments/mirror_applications/ma-516-function-vector-mirror/artifacts/payloads/51610_1_mirror_pca_R16.pt
51610,1,query_only,0,0.0,6.683897018432617,0.0,0,550959861,550959861,90823.472323287,,
51610,1,direct_icl,0,0.140625,2.721996307373047,0.0,0,550959861,550959861,5.502204303003964,,
51610,2,explicit,0,0.0,6.951740741729736,0.0,50793,551010654,550959861,1.5479905120446347,a1ba6ac0bfdeca6db2a77ae7eb95a06c5e692a175dda5bf9b0deea2c8c0382be,experiments/mirror_applications/ma-516-function-vector-mirror/artifacts/payloads/51610_2_explicit_R0.pt
51610,2,mirror_pca,4,0.0,6.953408241271973,0.009646458551287651,17569,550977430,550959861,1.5345931830088375,6eb87a43711f07e3cba6c3c6bdda36e3800c669362d96747feac1d3b69f158cb,experiments/mirror_applications/ma-516-function-vector-mirror/artifacts/payloads/51610_2_mirror_pca_R4.pt
51610,2,mirror_pca,8,0.0,6.95017147064209,0.006684980355203152,29985,550989846,550959861,1.5451936279860092,24aa225bbc9ac85a207e6430c73bda46cf944b22937d5b7f0d48bd1727b2038b,experiments/mirror_applications/ma-516-function-vector-mirror/artifacts/payloads/51610_2_mirror_pca_R8.pt
51610,2,mirror_pca,16,0.0,6.951861381530762,0.0034192625898867846,54817,551014678,550959861,1.616485146980267,cae29bb2212ac6de0d7235aa548a98a6dc938d0753d0f552e33e489315bdce25,experiments/mirror_applications/ma-516-function-vector-mirror/artifacts/payloads/51610_2_mirror_pca_R16.pt
51610,2,query_only,0,0.0,6.822886943817139,0.0,0,550959861,550959861,90839.077368842,,
51610,2,direct_icl,0,0.171875,2.489755153656006,0.0,0,550959861,550959861,5.227120769995963,,
51611,0,explicit,0,0.0,6.904727935791016,0.0,50793,551010654,550959861,1.50047614898358,1067d6ab1e93757a8da595495e6591ffbee0236232ad15adacb0bff0f9228691,experiments/mirror_applications/ma-516-function-vector-mirror/artifacts/payloads/51611_0_explicit_R0.pt
51611,0,mirror_pca,4,0.0,6.9068403244018555,0.009185449220240116,17569,550977430,550959861,1.48540714502451,7b47b5e518b9bded67dccd52e68550bef521c5971f1759a972f7b577e787ffc7,experiments/mirror_applications/ma-516-function-vector-mirror/artifacts/payloads/51611_0_mirror_pca_R4.pt
51611,0,mirror_pca,8,0.0,6.9063801765441895,0.006986346561461687,29985,550989846,550959861,1.7817949330346892,3ddace4bde2bb1579c72553aa9b54dbd34bf2fb8901c809b68d5222b2a24b60f,experiments/mirror_applications/ma-516-function-vector-mirror/artifacts/payloads/51611_0_mirror_pca_R8.pt
51611,0,mirror_pca,16,0.0,6.906179428100586,0.0033093001693487167,54817,551014678,550959861,1.6548744829779025,5ab6f1ba32d867a3d301e19b1a83bc73f4d348ef5888cde3cd5d45db509851ee,experiments/mirror_applications/ma-516-function-vector-mirror/artifacts/payloads/51611_0_mirror_pca_R16.pt
51611,0,query_only,0,0.0,6.801841735839844,0.0,0,550959861,550959861,90854.554748942,,
51611,0,direct_icl,0,0.1875,2.6250274181365967,0.0,0,550959861,550959861,5.397158482999657,,
51611,1,explicit,0,0.0,6.7972307205200195,0.0,50793,551010654,550959861,1.4743445469939616,e22289ceeedcdbaf32ee44e08a54af3f1faaa051f1cd59ae34398ff13593d3ac,experiments/mirror_applications/ma-516-function-vector-mirror/artifacts/payloads/51611_1_explicit_R0.pt
51611,1,mirror_pca,4,0.0,6.798224449157715,0.009135313332080841,17569,550977430,550959861,1.5597499209688976,eb60cc06b0de5512f57be3595ee22adb53a3be00c41874e41cf5fa733cb88fce,experiments/mirror_applications/ma-516-function-vector-mirror/artifacts/payloads/51611_1_mirror_pca_R4.pt
51611,1,mirror_pca,8,0.0,6.795628547668457,0.006667588837444782,29985,550989846,550959861,1.4994590390415397,901bb759edfe07b6b3fccf64031704ea43aaaa38739d35eff4a1e3f087c3e04f,experiments/mirror_applications/ma-516-function-vector-mirror/artifacts/payloads/51611_1_mirror_pca_R8.pt
51611,1,mirror_pca,16,0.0,6.796681880950928,0.003318868111819029,54817,551014678,550959861,1.6233505359559786,91794371b9f6bd7310539b7d8ee27d226b689057a6192ddc586beac6d1eedf92,experiments/mirror_applications/ma-516-function-vector-mirror/artifacts/payloads/51611_1_mirror_pca_R16.pt
51611,1,query_only,0,0.0,6.732381343841553,0.0,0,550959861,550959861,90870.279414536,,
51611,1,direct_icl,0,0.171875,2.4124538898468018,0.0,0,550959861,550959861,5.349700403006864,,
51611,2,explicit,0,0.0,6.940075874328613,0.0,50793,551010654,550959861,1.6767760029615602,020f417da507de739e099cf41bb8301995f8fe144c32fbbb2afa1d177adff9b7,experiments/mirror_applications/ma-516-function-vector-mirror/artifacts/payloads/51611_2_explicit_R0.pt
51611,2,mirror_pca,4,0.0,6.935094356536865,0.009512517601251602,17569,550977430,550959861,1.559677264012862,b1d604970f5f281ed2be0109f51f8500d7c383efb79a6d9617954f2027e887a8,experiments/mirror_applications/ma-516-function-vector-mirror/artifacts/payloads/51611_2_mirror_pca_R4.pt
51611,2,mirror_pca,8,0.0,6.9388957023620605,0.006824118550866842,29985,550989846,550959861,1.6889510409964714,585e3722d080f0f6b64dd16ea510dbb1cbe91c163b3df3a17fcf97bb7423cb5e,experiments/mirror_applications/ma-516-function-vector-mirror/artifacts/payloads/51611_2_mirror_pca_R8.pt
51611,2,mirror_pca,16,0.0,6.939840316772461,0.0033252739813178778,54817,551014678,550959861,1.7237241870025173,5711d53fb4eb20dffc4b311ef5ae807beb688db0cc378bb0d0aeb47dc1404105,experiments/mirror_applications/ma-516-function-vector-mirror/artifacts/payloads/51611_2_mirror_pca_R16.pt
51611,2,query_only,0,0.0,6.820011615753174,0.0,0,550959861,550959861,90885.525477786,,
51611,2,direct_icl,0,0.203125,2.5421457290649414,0.0,0,550959861,550959861,5.283964066999033,,
51612,0,explicit,0,0.0,6.778975009918213,0.0,50793,551010654,550959861,1.6312589029985247,b4acc9d7dbde631c8fc2e088c53f153a9c72c8b489e6e401ce04116d9b0063ac,experiments/mirror_applications/ma-516-function-vector-mirror/artifacts/payloads/51612_0_explicit_R0.pt
51612,0,mirror_pca,4,0.0,6.778518199920654,0.009002874605357647,17569,550977430,550959861,1.8360709760163445,a7169b28f8f26647e0fe66efec1e35eaa6cdabaa72446dd04392da83e59fef64,experiments/mirror_applications/ma-516-function-vector-mirror/artifacts/payloads/51612_0_mirror_pca_R4.pt
51612,0,mirror_pca,8,0.0,6.778862476348877,0.007211979944258928,29985,550989846,550959861,1.6511255319783231,23db23759c79590fc8609d2633a5b2dacb035bccaca068355ae42fb970bbdd67,experiments/mirror_applications/ma-516-function-vector-mirror/artifacts/payloads/51612_0_mirror_pca_R8.pt
51612,0,mirror_pca,16,0.0,6.779271125793457,0.0035221301950514317,54817,551014678,550959861,1.7002368320099777,5f1728b5070921a6e6401343f30148fb2be1b890f457b7ac2135b2b0907c483f,experiments/mirror_applications/ma-516-function-vector-mirror/artifacts/payloads/51612_0_mirror_pca_R16.pt
51612,0,query_only,0,0.0,6.616659164428711,0.0,0,550959861,550959861,90902.12533497,,
51612,0,direct_icl,0,0.140625,2.4915034770965576,0.0,0,550959861,550959861,5.448797940989607,,
51612,1,explicit,0,0.0,6.798680782318115,0.0,50793,551010654,550959861,1.6118049409851665,a224794e13fbc8e046d4c401197d5c49f109019ee1061aaf084542bfc9e9c698,experiments/mirror_applications/ma-516-function-vector-mirror/artifacts/payloads/51612_1_explicit_R0.pt
51612,1,mirror_pca,4,0.0,6.801214218139648,0.010268335230648518,17569,550977430,550959861,1.6844705189869273,1765c5929d8a33b2c0daee968c39e1d6af667e12629f9782905a6ca6a1e2375b,experiments/mirror_applications/ma-516-function-vector-mirror/artifacts/payloads/51612_1_mirror_pca_R4.pt
51612,1,mirror_pca,8,0.0,6.799082279205322,0.0073328278958797455,29985,550989846,550959861,1.6107845170045039,702a82729b33a912ee11bfe5931372636ec15ec131ece727170968f079af3f5c,experiments/mirror_applications/ma-516-function-vector-mirror/artifacts/payloads/51612_1_mirror_pca_R8.pt
51612,1,mirror_pca,16,0.0,6.799994468688965,0.0035161306150257587,54817,551014678,550959861,1.458717932982836,d7475950ba1712c1b5b3bc3e2c3beb6e7f4cd46268d5596a66f2201dfc67ad15,experiments/mirror_applications/ma-516-function-vector-mirror/artifacts/payloads/51612_1_mirror_pca_R16.pt
51612,1,query_only,0,0.0,6.6774749755859375,0.0,0,550959861,550959861,90918.375204487,,
51612,1,direct_icl,0,0.15625,2.459134101867676,0.0,0,550959861,550959861,5.336351197009208,,
51612,2,explicit,0,0.0,6.906089782714844,0.0,50793,551010654,550959861,1.5226089520001551,6ae7d3787f6169318b298baa2772b4caf500fc0adc9119ea9c42868b9307256d,experiments/mirror_applications/ma-516-function-vector-mirror/artifacts/payloads/51612_2_explicit_R0.pt
51612,2,mirror_pca,4,0.0,6.905470371246338,0.00918734073638916,17569,550977430,550959861,1.662387299031252,a043ecda4681193409deb96563f29aa6b0d1d9827a11630e170fcdea233ac753,experiments/mirror_applications/ma-516-function-vector-mirror/artifacts/payloads/51612_2_mirror_pca_R4.pt
51612,2,mirror_pca,8,0.0,6.905612945556641,0.006947056856006384,29985,550989846,550959861,1.6927804340230068,60f1bc9149b379f0248e4d82d515c06835c17a468b541d1719136d3a61f3690d,experiments/mirror_applications/ma-516-function-vector-mirror/artifacts/payloads/51612_2_mirror_pca_R8.pt
51612,2,mirror_pca,16,0.0,6.906406879425049,0.003095445688813925,54817,551014678,550959861,1.5929123730311403,39955e52b603668113f0745a58804f39986521efd56428cc5b0e07af7c0e752e,experiments/mirror_applications/ma-516-function-vector-mirror/artifacts/payloads/51612_2_mirror_pca_R16.pt
51612,2,query_only,0,0.0,6.792733192443848,0.0,0,550959861,550959861,90933.880642126,,
51612,2,direct_icl,0,0.109375,2.589125394821167,0.0,0,550959861,550959861,5.1794878840009915,,
