variant,method,query_mse,accuracy,equivariance_error,payload_bytes,latency_ms,train_wall_s,parameters,active_macs,updates
aligned,equivariant_only,0.44064703004227745,0.5145534939236112,6.093593727247388e-16,168,0.017908243890512193,0.212597047001408,4,16,625
aligned,mirror_exception,1.862393595308259e-08,0.9999593098958334,0.7883763172560267,272,0.1640676126120929,1.2637514276672543,24,32,975
aligned,basis2_exception,0.0007593068449851773,0.9896918402777778,0.7952887436581982,360,0.030847232722509135,0.44171063088853973,44,48,950
aligned,independent_maps,3.4412360680296277e-06,0.9997287326388888,0.7885054718289111,424,0.006511256166251971,0.13235583366703293,64,16,450
aligned,hard_shared_residual,0.15244728958027232,0.7584906684027778,0.5793544666634666,256,0.020498121499662778,0.05806989155664471,20,16,150
independent,equivariant_only,0.8685073297884729,0.6021321614583334,2.210877494504269e-15,168,0.017871116721734224,0.210610867778693,4,16,625
independent,mirror_exception,0.42875223606824875,0.7481825086805556,0.6597659575442473,272,0.161794442054088,1.2607520762224642,24,32,975
independent,basis2_exception,0.21989368668033016,0.8207329644097222,1.0244403856082096,360,0.03097494000070987,0.4436008772204837,44,48,950
independent,independent_maps,4.269932596295029e-05,0.9995930989583334,1.3948114833070173,424,0.006495017776614986,0.1321532865557755,64,16,450
independent,hard_shared_residual,0.7172073771556219,0.6502956814236112,0.3520444962713454,256,0.020674746055091318,0.05771466266661365,20,16,150
