method,variant,world,model_seed,updates,attention_mse
mirror_raw,aligned,3,31,25,0.18052509054541588
mirror_raw,aligned,3,31,50,0.10372920893132687
mirror_raw,aligned,3,31,75,0.054124814458191395
mirror_raw,aligned,3,31,100,0.021960238926112652
mirror_raw,aligned,3,31,125,0.007553646573796868
mirror_raw,aligned,3,31,150,0.002624469343572855
mirror_raw,aligned,3,31,175,0.000994379835901782
mirror_raw,aligned,3,31,200,0.0003716558567248285
mirror_raw,aligned,3,31,225,0.00014338465916807763
mirror_raw,aligned,3,31,250,5.297596453601727e-05
mirror_raw,aligned,3,31,275,1.8809235825756332e-05
mirror_raw,aligned,3,31,300,6.49513231110177e-06
mirror_raw,aligned,3,31,325,1.996532745351942e-06
mirror_raw,aligned,3,31,350,6.117872715094563e-07
mirror_raw,aligned,3,31,375,1.7394165752193658e-07
mirror_raw,aligned,3,31,400,4.6761734928679743e-08
mirror_raw,aligned,3,31,425,1.155342399528081e-08
mirror_raw,aligned,3,31,450,2.5771981215783057e-09
mirror_raw,aligned,3,31,475,5.461624000280274e-10
mirror_raw,aligned,3,31,500,1.0218515270055128e-10
mirror_raw,aligned,3,47,25,0.17398114502429962
mirror_raw,aligned,3,47,50,0.09634128212928772
mirror_raw,aligned,3,47,75,0.049672932364046574
mirror_raw,aligned,3,47,100,0.02264702506363392
mirror_raw,aligned,3,47,125,0.009440200170502067
mirror_raw,aligned,3,47,150,0.0036503923474811018
mirror_raw,aligned,3,47,175,0.001447023474611342
mirror_raw,aligned,3,47,200,0.0005995551910018548
mirror_raw,aligned,3,47,225,0.00026441756926942617
mirror_raw,aligned,3,47,250,0.0001125977978517767
mirror_raw,aligned,3,47,275,4.5657453483727295e-05
mirror_raw,aligned,3,47,300,1.7938073142431676e-05
mirror_raw,aligned,3,47,325,6.696585614918149e-06
mirror_raw,aligned,3,47,350,2.406472049187869e-06
mirror_raw,aligned,3,47,375,7.996187889602879e-07
mirror_raw,aligned,3,47,400,2.602859154876569e-07
mirror_raw,aligned,3,47,425,8.088560932151267e-08
mirror_raw,aligned,3,47,450,2.549191702172493e-08
mirror_raw,aligned,3,47,475,5.567881489199067e-09
mirror_raw,aligned,3,47,500,1.3403818610591145e-09
mirror_raw,aligned,3,59,25,0.17912760749459267
mirror_raw,aligned,3,59,50,0.10197721235454082
mirror_raw,aligned,3,59,75,0.05323152616620064
mirror_raw,aligned,3,59,100,0.02561760414391756
mirror_raw,aligned,3,59,125,0.010606476105749607
mirror_raw,aligned,3,59,150,0.004683419829234481
mirror_raw,aligned,3,59,175,0.0021742333192378283
mirror_raw,aligned,3,59,200,0.001054282343829982
mirror_raw,aligned,3,59,225,0.0005203226173762232
mirror_raw,aligned,3,59,250,0.0002438204173813574
mirror_raw,aligned,3,59,275,0.000112399937279406
mirror_raw,aligned,3,59,300,5.158779276825953e-05
mirror_raw,aligned,3,59,325,2.24332634388702e-05
mirror_raw,aligned,3,59,350,9.512305723546888e-06
mirror_raw,aligned,3,59,375,3.820838003321114e-06
mirror_raw,aligned,3,59,400,1.4482910444257868e-06
mirror_raw,aligned,3,59,425,5.230169932701756e-07
mirror_raw,aligned,3,59,450,1.8069696849920547e-07
mirror_raw,aligned,3,59,475,5.9134690033602055e-08
mirror_raw,aligned,3,59,500,1.805908400598355e-08
mirror_raw,independent,3,31,25,0.24303407222032547
mirror_raw,independent,3,31,50,0.2281190473586321
mirror_raw,independent,3,31,75,0.22596989758312702
mirror_raw,independent,3,31,100,0.21665498800575733
mirror_raw,independent,3,31,125,0.20953090861439705
mirror_raw,independent,3,31,150,0.20287030562758446
mirror_raw,independent,3,31,175,0.19526615738868713
mirror_raw,independent,3,31,200,0.19156808219850063
mirror_raw,independent,3,31,225,0.1913125179708004
mirror_raw,independent,3,31,250,0.18684181198477745
mirror_raw,independent,3,31,275,0.18354761600494385
mirror_raw,independent,3,31,300,0.18267729878425598
mirror_raw,independent,3,31,325,0.18165169283747673
mirror_raw,independent,3,31,350,0.180544663220644
mirror_raw,independent,3,31,375,0.1812092885375023
mirror_raw,independent,3,31,400,0.18056097254157066
mirror_raw,independent,3,31,425,0.18022345751523972
mirror_raw,independent,3,31,450,0.17965590953826904
mirror_raw,independent,3,31,475,0.1801007091999054
mirror_raw,independent,3,31,500,0.18075493350625038
mirror_raw,independent,3,47,25,0.24706528149545193
mirror_raw,independent,3,47,50,0.22825485095381737
mirror_raw,independent,3,47,75,0.21978200785815716
mirror_raw,independent,3,47,100,0.2115941308438778
mirror_raw,independent,3,47,125,0.2046380639076233
mirror_raw,independent,3,47,150,0.19813592359423637
mirror_raw,independent,3,47,175,0.1896942090243101
mirror_raw,independent,3,47,200,0.18789149075746536
mirror_raw,independent,3,47,225,0.18443533778190613
mirror_raw,independent,3,47,250,0.1812911070883274
mirror_raw,independent,3,47,275,0.18497179821133614
mirror_raw,independent,3,47,300,0.1818690001964569
mirror_raw,independent,3,47,325,0.17945843189954758
mirror_raw,independent,3,47,350,0.17822931706905365
mirror_raw,independent,3,47,375,0.17963936179876328
mirror_raw,independent,3,47,400,0.1804468333721161
mirror_raw,independent,3,47,425,0.17990879155695438
mirror_raw,independent,3,47,450,0.18098501861095428
mirror_raw,independent,3,47,475,0.180433452129364
mirror_raw,independent,3,47,500,0.18171045556664467
mirror_raw,independent,3,59,25,0.25074341520667076
mirror_raw,independent,3,59,50,0.23715053498744965
mirror_raw,independent,3,59,75,0.23082774877548218
mirror_raw,independent,3,59,100,0.22708266600966454
mirror_raw,independent,3,59,125,0.22446032986044884
mirror_raw,independent,3,59,150,0.21348854899406433
mirror_raw,independent,3,59,175,0.204510647803545
mirror_raw,independent,3,59,200,0.19665341451764107
mirror_raw,independent,3,59,225,0.19120359048247337
mirror_raw,independent,3,59,250,0.18617632612586021
mirror_raw,independent,3,59,275,0.18622567132115364
mirror_raw,independent,3,59,300,0.18148722499608994
mirror_raw,independent,3,59,325,0.17983930930495262
mirror_raw,independent,3,59,350,0.1806931272149086
mirror_raw,independent,3,59,375,0.18076150864362717
mirror_raw,independent,3,59,400,0.17913398146629333
mirror_raw,independent,3,59,425,0.1799558401107788
mirror_raw,independent,3,59,450,0.1797768622636795
mirror_raw,independent,3,59,475,0.18055502697825432
mirror_raw,independent,3,59,500,0.18008104525506496
mirror_raw,aligned,7,31,25,0.32787854224443436
mirror_raw,aligned,7,31,50,0.19294358789920807
mirror_raw,aligned,7,31,75,0.11215158738195896
mirror_raw,aligned,7,31,100,0.05762770911678672
mirror_raw,aligned,7,31,125,0.02033602981828153
mirror_raw,aligned,7,31,150,0.007497557671740651
mirror_raw,aligned,7,31,175,0.0026318842719774693
mirror_raw,aligned,7,31,200,0.000607692425546702
mirror_raw,aligned,7,31,225,0.00011908073429367505
mirror_raw,aligned,7,31,250,2.159675659640925e-05
mirror_raw,aligned,7,31,275,3.9102538380575425e-06
mirror_raw,aligned,7,31,300,7.020337164931334e-07
mirror_raw,aligned,7,31,325,1.466550525464072e-07
mirror_raw,aligned,7,31,350,1.5065606095987505e-08
mirror_raw,aligned,7,31,375,8.807626919460354e-10
mirror_raw,aligned,7,31,400,2.6365524347093938e-11
mirror_raw,aligned,7,31,425,2.8478296042427735e-12
mirror_raw,aligned,7,31,450,1.3038851038639238e-12
mirror_raw,aligned,7,31,475,1.096495339525925e-13
mirror_raw,aligned,7,31,500,5.812947321978896e-14
mirror_raw,aligned,7,47,25,0.34658054262399673
mirror_raw,aligned,7,47,50,0.2173500843346119
mirror_raw,aligned,7,47,75,0.12947887927293777
mirror_raw,aligned,7,47,100,0.06997178122401237
mirror_raw,aligned,7,47,125,0.03202818566933274
mirror_raw,aligned,7,47,150,0.013060232507996261
mirror_raw,aligned,7,47,175,0.004713863774668425
mirror_raw,aligned,7,47,200,0.0010653724311850965
mirror_raw,aligned,7,47,225,0.00021149667554709595
mirror_raw,aligned,7,47,250,4.928137650495046e-05
mirror_raw,aligned,7,47,275,9.818054820698308e-06
mirror_raw,aligned,7,47,300,1.0835820916099692e-06
mirror_raw,aligned,7,47,325,1.1562249646601686e-07
mirror_raw,aligned,7,47,350,9.972881076514284e-09
mirror_raw,aligned,7,47,375,5.676082694139328e-10
mirror_raw,aligned,7,47,400,1.3039397252917473e-11
mirror_raw,aligned,7,47,425,1.06970676213387e-12
mirror_raw,aligned,7,47,450,6.195829033205438e-13
mirror_raw,aligned,7,47,475,1.7645334791840245e-13
mirror_raw,aligned,7,47,500,1.5468054558021548e-13
mirror_raw,aligned,7,59,25,0.3577969819307327
mirror_raw,aligned,7,59,50,0.23019089922308922
mirror_raw,aligned,7,59,75,0.1324839275330305
mirror_raw,aligned,7,59,100,0.06478381622582674
mirror_raw,aligned,7,59,125,0.025630221236497164
mirror_raw,aligned,7,59,150,0.00872738508041948
mirror_raw,aligned,7,59,175,0.0026644335011951625
mirror_raw,aligned,7,59,200,0.0007801278115948662
mirror_raw,aligned,7,59,225,0.00020854440663242713
mirror_raw,aligned,7,59,250,4.3155825551366434e-05
mirror_raw,aligned,7,59,275,8.45920703795855e-06
mirror_raw,aligned,7,59,300,1.5369933521469648e-06
mirror_raw,aligned,7,59,325,2.4355895078542744e-07
mirror_raw,aligned,7,59,350,3.1283412305072034e-08
mirror_raw,aligned,7,59,375,3.6655424806575354e-09
mirror_raw,aligned,7,59,400,3.3850915126532044e-10
mirror_raw,aligned,7,59,425,2.1350081858689807e-11
mirror_raw,aligned,7,59,450,7.772297210125942e-13
mirror_raw,aligned,7,59,475,8.250564741498802e-14
mirror_raw,aligned,7,59,500,7.986989602950124e-14
mirror_raw,independent,7,31,25,0.4203604608774185
mirror_raw,independent,7,31,50,0.3795672580599785
mirror_raw,independent,7,31,75,0.35941606014966965
mirror_raw,independent,7,31,100,0.339385561645031
mirror_raw,independent,7,31,125,0.32468241453170776
mirror_raw,independent,7,31,150,0.31776800379157066
mirror_raw,independent,7,31,175,0.30973219126462936
mirror_raw,independent,7,31,200,0.3080505393445492
mirror_raw,independent,7,31,225,0.3066947013139725
mirror_raw,independent,7,31,250,0.30849939212203026
mirror_raw,independent,7,31,275,0.30730731412768364
mirror_raw,independent,7,31,300,0.3026182949542999
mirror_raw,independent,7,31,325,0.30202406272292137
mirror_raw,independent,7,31,350,0.30242718756198883
mirror_raw,independent,7,31,375,0.30313414335250854
mirror_raw,independent,7,31,400,0.30083167552948
mirror_raw,independent,7,31,425,0.2987796850502491
mirror_raw,independent,7,31,450,0.3007599376142025
mirror_raw,independent,7,31,475,0.30079183727502823
mirror_raw,independent,7,31,500,0.3034835755825043
mirror_raw,independent,7,47,25,0.44219280034303665
mirror_raw,independent,7,47,50,0.38938403874635696
mirror_raw,independent,7,47,75,0.35343823581933975
mirror_raw,independent,7,47,100,0.33277562260627747
mirror_raw,independent,7,47,125,0.3222363516688347
mirror_raw,independent,7,47,150,0.316806860268116
mirror_raw,independent,7,47,175,0.31504128873348236
mirror_raw,independent,7,47,200,0.3234540596604347
mirror_raw,independent,7,47,225,0.31193578243255615
mirror_raw,independent,7,47,250,0.3116508014500141
mirror_raw,independent,7,47,275,0.3100670911371708
mirror_raw,independent,7,47,300,0.3110598884522915
mirror_raw,independent,7,47,325,0.3090576268732548
mirror_raw,independent,7,47,350,0.3096570633351803
mirror_raw,independent,7,47,375,0.30771127343177795
mirror_raw,independent,7,47,400,0.30663619562983513
mirror_raw,independent,7,47,425,0.3085970990359783
mirror_raw,independent,7,47,450,0.30675069242715836
mirror_raw,independent,7,47,475,0.3074011690914631
mirror_raw,independent,7,47,500,0.3069189488887787
mirror_raw,independent,7,59,25,0.4307136535644531
mirror_raw,independent,7,59,50,0.3866966441273689
mirror_raw,independent,7,59,75,0.36433088779449463
mirror_raw,independent,7,59,100,0.3400092348456383
mirror_raw,independent,7,59,125,0.32879265770316124
mirror_raw,independent,7,59,150,0.3171757534146309
mirror_raw,independent,7,59,175,0.31232307106256485
mirror_raw,independent,7,59,200,0.3056156858801842
mirror_raw,independent,7,59,225,0.3067829757928848
mirror_raw,independent,7,59,250,0.30807774513959885
mirror_raw,independent,7,59,275,0.3013148009777069
mirror_raw,independent,7,59,300,0.29997897893190384
mirror_raw,independent,7,59,325,0.2995098680257797
mirror_raw,independent,7,59,350,0.3026287443935871
mirror_raw,independent,7,59,375,0.2958511896431446
mirror_raw,independent,7,59,400,0.29538169130682945
mirror_raw,independent,7,59,425,0.29560137540102005
mirror_raw,independent,7,59,450,0.29509903863072395
mirror_raw,independent,7,59,475,0.29483678564429283
mirror_raw,independent,7,59,500,0.29453662782907486
mirror_attention,aligned,3,31,25,0.1831708513200283
mirror_attention,aligned,3,31,50,0.10327224619686604
mirror_attention,aligned,3,31,75,0.05111488699913025
mirror_attention,aligned,3,31,100,0.019478630740195513
mirror_attention,aligned,3,31,125,0.00662947678938508
mirror_attention,aligned,3,31,150,0.0025305316667072475
mirror_attention,aligned,3,31,175,0.0012618107721209526
mirror_attention,aligned,3,31,200,0.0006904511392349377
mirror_attention,aligned,3,31,225,0.00037002719182055444
mirror_attention,aligned,3,31,250,0.00020360900816740468
mirror_attention,aligned,3,31,275,0.00010950945215881802
mirror_attention,aligned,3,31,300,5.496393168868963e-05
mirror_attention,aligned,3,31,325,2.6964369226334384e-05
mirror_attention,aligned,3,31,350,1.3431488696369343e-05
mirror_attention,aligned,3,31,375,6.499451274066814e-06
mirror_attention,aligned,3,31,400,3.016483105966472e-06
mirror_attention,aligned,3,31,425,1.3839252801517432e-06
mirror_attention,aligned,3,31,450,6.395121090463363e-07
mirror_attention,aligned,3,31,475,2.670370307100711e-07
mirror_attention,aligned,3,31,500,1.0446201592628768e-07
mirror_attention,aligned,3,47,25,0.17616022005677223
mirror_attention,aligned,3,47,50,0.09605917148292065
mirror_attention,aligned,3,47,75,0.04727450292557478
mirror_attention,aligned,3,47,100,0.020664897747337818
mirror_attention,aligned,3,47,125,0.008632939658127725
mirror_attention,aligned,3,47,150,0.003801438433583826
mirror_attention,aligned,3,47,175,0.0019389737863093615
mirror_attention,aligned,3,47,200,0.0010911219287663698
mirror_attention,aligned,3,47,225,0.000628540467005223
mirror_attention,aligned,3,47,250,0.0003493476251605898
mirror_attention,aligned,3,47,275,0.00019535020328476094
mirror_attention,aligned,3,47,300,0.00010819092676683795
mirror_attention,aligned,3,47,325,5.760169824498007e-05
mirror_attention,aligned,3,47,350,3.065395594603615e-05
mirror_attention,aligned,3,47,375,1.6175962628039997e-05
mirror_attention,aligned,3,47,400,8.45028375806578e-06
mirror_attention,aligned,3,47,425,4.128211685383576e-06
mirror_attention,aligned,3,47,450,1.9494496541483386e-06
mirror_attention,aligned,3,47,475,9.077631375475903e-07
mirror_attention,aligned,3,47,500,4.0596989947516704e-07
mirror_attention,aligned,3,59,25,0.18142437562346458
mirror_attention,aligned,3,59,50,0.1029830239713192
mirror_attention,aligned,3,59,75,0.05216292291879654
mirror_attention,aligned,3,59,100,0.024582760874181986
mirror_attention,aligned,3,59,125,0.009942017728462815
mirror_attention,aligned,3,59,150,0.004790195845998824
mirror_attention,aligned,3,59,175,0.0026441405643709004
mirror_attention,aligned,3,59,200,0.0015806486189831048
mirror_attention,aligned,3,59,225,0.0009535877761663869
mirror_attention,aligned,3,59,250,0.0005480730178533122
mirror_attention,aligned,3,59,275,0.0003214181124349125
mirror_attention,aligned,3,59,300,0.00018672998703550547
mirror_attention,aligned,3,59,325,0.00010552918138273526
mirror_attention,aligned,3,59,350,5.854985829500947e-05
mirror_attention,aligned,3,59,375,3.264241331635276e-05
mirror_attention,aligned,3,59,400,1.7478248537372565e-05
mirror_attention,aligned,3,59,425,9.344269983557751e-06
mirror_attention,aligned,3,59,450,4.881948598267627e-06
mirror_attention,aligned,3,59,475,2.4737154831200314e-06
mirror_attention,aligned,3,59,500,1.2285697721381439e-06
mirror_attention,independent,3,31,25,0.24308241717517376
mirror_attention,independent,3,31,50,0.22808701917529106
mirror_attention,independent,3,31,75,0.22640766203403473
mirror_attention,independent,3,31,100,0.2192214373499155
mirror_attention,independent,3,31,125,0.2124849073588848
mirror_attention,independent,3,31,150,0.2058156169950962
mirror_attention,independent,3,31,175,0.1986471526324749
mirror_attention,independent,3,31,200,0.19564645364880562
mirror_attention,independent,3,31,225,0.19490188360214233
mirror_attention,independent,3,31,250,0.1899833008646965
mirror_attention,independent,3,31,275,0.1865282505750656
mirror_attention,independent,3,31,300,0.18473336473107338
mirror_attention,independent,3,31,325,0.1845351681113243
mirror_attention,independent,3,31,350,0.18292923644185066
mirror_attention,independent,3,31,375,0.18336868099868298
mirror_attention,independent,3,31,400,0.18278886750340462
mirror_attention,independent,3,31,425,0.1824984923005104
mirror_attention,independent,3,31,450,0.1812196932733059
mirror_attention,independent,3,31,475,0.18181027099490166
mirror_attention,independent,3,31,500,0.18342633545398712
mirror_attention,independent,3,47,25,0.24805014953017235
mirror_attention,independent,3,47,50,0.22984355874359608
mirror_attention,independent,3,47,75,0.22140765562653542
mirror_attention,independent,3,47,100,0.21391666494309902
mirror_attention,independent,3,47,125,0.2072203829884529
mirror_attention,independent,3,47,150,0.20237267017364502
mirror_attention,independent,3,47,175,0.19343660585582256
mirror_attention,independent,3,47,200,0.19057953357696533
mirror_attention,independent,3,47,225,0.18638824671506882
mirror_attention,independent,3,47,250,0.18297471851110458
mirror_attention,independent,3,47,275,0.18734369426965714
mirror_attention,independent,3,47,300,0.1846301220357418
mirror_attention,independent,3,47,325,0.181423619389534
mirror_attention,independent,3,47,350,0.17925978638231754
mirror_attention,independent,3,47,375,0.18158266693353653
mirror_attention,independent,3,47,400,0.18276751413941383
mirror_attention,independent,3,47,425,0.18067941442131996
mirror_attention,independent,3,47,450,0.18218756094574928
mirror_attention,independent,3,47,475,0.18068348616361618
mirror_attention,independent,3,47,500,0.1829977948218584
mirror_attention,independent,3,59,25,0.2503158524632454
mirror_attention,independent,3,59,50,0.23801935836672783
mirror_attention,independent,3,59,75,0.23277822136878967
mirror_attention,independent,3,59,100,0.23066364601254463
mirror_attention,independent,3,59,125,0.22944435477256775
mirror_attention,independent,3,59,150,0.21807464212179184
mirror_attention,independent,3,59,175,0.21004267036914825
mirror_attention,independent,3,59,200,0.20215986669063568
mirror_attention,independent,3,59,225,0.19616485759615898
mirror_attention,independent,3,59,250,0.19022159278392792
mirror_attention,independent,3,59,275,0.1890238467603922
mirror_attention,independent,3,59,300,0.1837717965245247
mirror_attention,independent,3,59,325,0.1818603202700615
mirror_attention,independent,3,59,350,0.18235468864440918
mirror_attention,independent,3,59,375,0.18271539732813835
mirror_attention,independent,3,59,400,0.18075966462492943
mirror_attention,independent,3,59,425,0.18207606486976147
mirror_attention,independent,3,59,450,0.18122875317931175
mirror_attention,independent,3,59,475,0.18167250603437424
mirror_attention,independent,3,59,500,0.1810319796204567
mirror_attention,aligned,7,31,25,0.3313901275396347
mirror_attention,aligned,7,31,50,0.19319964200258255
mirror_attention,aligned,7,31,75,0.1087610237300396
mirror_attention,aligned,7,31,100,0.05480653839185834
mirror_attention,aligned,7,31,125,0.01913156104274094
mirror_attention,aligned,7,31,150,0.0070215561427176
mirror_attention,aligned,7,31,175,0.002367011475143954
mirror_attention,aligned,7,31,200,0.0005517067402251996
mirror_attention,aligned,7,31,225,0.00011669809282466304
mirror_attention,aligned,7,31,250,2.299129528182675e-05
mirror_attention,aligned,7,31,275,4.698842758443789e-06
mirror_attention,aligned,7,31,300,8.174779395631049e-07
mirror_attention,aligned,7,31,325,1.3541572485564757e-07
mirror_attention,aligned,7,31,350,1.5429636235353428e-08
mirror_attention,aligned,7,31,375,2.3381554747903266e-09
mirror_attention,aligned,7,31,400,1.2915795169488042e-10
mirror_attention,aligned,7,31,425,5.79098108442061e-12
mirror_attention,aligned,7,31,450,1.211122470216354e-13
mirror_attention,aligned,7,31,475,6.715703348107857e-14
mirror_attention,aligned,7,31,500,4.533481185261699e-14
mirror_attention,aligned,7,47,25,0.352250836789608
mirror_attention,aligned,7,47,50,0.21824759989976883
mirror_attention,aligned,7,47,75,0.1282432284206152
mirror_attention,aligned,7,47,100,0.06814149580895901
mirror_attention,aligned,7,47,125,0.029339286731556058
mirror_attention,aligned,7,47,150,0.011586116976104677
mirror_attention,aligned,7,47,175,0.004119088320294395
mirror_attention,aligned,7,47,200,0.0009748351440066472
mirror_attention,aligned,7,47,225,0.0001972316222236259
mirror_attention,aligned,7,47,250,4.359580634627491e-05
mirror_attention,aligned,7,47,275,8.050603412357304e-06
mirror_attention,aligned,7,47,300,8.142270360167458e-07
mirror_attention,aligned,7,47,325,7.81423921125679e-08
mirror_attention,aligned,7,47,350,6.2313932902569036e-09
mirror_attention,aligned,7,47,375,3.01473247407702e-10
mirror_attention,aligned,7,47,400,1.1178220675478467e-11
mirror_attention,aligned,7,47,425,1.2396416697508551e-12
mirror_attention,aligned,7,47,450,6.042163839571624e-13
mirror_attention,aligned,7,47,475,3.2121745178028197e-13
mirror_attention,aligned,7,47,500,3.0276103754047975e-13
mirror_attention,aligned,7,59,25,0.36155369132757187
mirror_attention,aligned,7,59,50,0.23005741462111473
mirror_attention,aligned,7,59,75,0.13074480183422565
mirror_attention,aligned,7,59,100,0.06198564637452364
mirror_attention,aligned,7,59,125,0.02252010628581047
mirror_attention,aligned,7,59,150,0.007548326044343412
mirror_attention,aligned,7,59,175,0.0023769157705828547
mirror_attention,aligned,7,59,200,0.0007192404882516712
mirror_attention,aligned,7,59,225,0.00019991972294519655
mirror_attention,aligned,7,59,250,5.0612908125913236e-05
mirror_attention,aligned,7,59,275,1.1463292139524128e-05
mirror_attention,aligned,7,59,300,2.3320276341110002e-06
mirror_attention,aligned,7,59,325,4.16897940169747e-07
mirror_attention,aligned,7,59,350,5.861925522765432e-08
mirror_attention,aligned,7,59,375,7.493111353618076e-09
mirror_attention,aligned,7,59,400,7.880656405223618e-10
mirror_attention,aligned,7,59,425,5.928117545461742e-11
mirror_attention,aligned,7,59,450,3.256789261017745e-12
mirror_attention,aligned,7,59,475,1.2729656501261292e-13
mirror_attention,aligned,7,59,500,9.814531118693647e-14
mirror_attention,independent,7,31,25,0.42333797365427017
mirror_attention,independent,7,31,50,0.38569142669439316
mirror_attention,independent,7,31,75,0.3662522882223129
mirror_attention,independent,7,31,100,0.3447386957705021
mirror_attention,independent,7,31,125,0.3292646110057831
mirror_attention,independent,7,31,150,0.3225608505308628
mirror_attention,independent,7,31,175,0.31391918286681175
mirror_attention,independent,7,31,200,0.31078681722283363
mirror_attention,independent,7,31,225,0.3102446720004082
mirror_attention,independent,7,31,250,0.31368761882185936
mirror_attention,independent,7,31,275,0.31189659982919693
mirror_attention,independent,7,31,300,0.3059746064245701
mirror_attention,independent,7,31,325,0.304790623486042
mirror_attention,independent,7,31,350,0.3059263490140438
mirror_attention,independent,7,31,375,0.3063351735472679
mirror_attention,independent,7,31,400,0.3065688833594322
mirror_attention,independent,7,31,425,0.30482523143291473
mirror_attention,independent,7,31,450,0.30331354960799217
mirror_attention,independent,7,31,475,0.30599912256002426
mirror_attention,independent,7,31,500,0.3070608079433441
mirror_attention,independent,7,47,25,0.44288644194602966
mirror_attention,independent,7,47,50,0.3926074244081974
mirror_attention,independent,7,47,75,0.3568892404437065
mirror_attention,independent,7,47,100,0.33520546555519104
mirror_attention,independent,7,47,125,0.32513606548309326
mirror_attention,independent,7,47,150,0.3184190094470978
mirror_attention,independent,7,47,175,0.31609757989645004
mirror_attention,independent,7,47,200,0.3271263539791107
mirror_attention,independent,7,47,225,0.31467167288064957
mirror_attention,independent,7,47,250,0.3137731961905956
mirror_attention,independent,7,47,275,0.31414543837308884
mirror_attention,independent,7,47,300,0.3164813630282879
mirror_attention,independent,7,47,325,0.31122373417019844
mirror_attention,independent,7,47,350,0.3100242130458355
mirror_attention,independent,7,47,375,0.3083462789654732
mirror_attention,independent,7,47,400,0.3065587393939495
mirror_attention,independent,7,47,425,0.309683620929718
mirror_attention,independent,7,47,450,0.30862465128302574
mirror_attention,independent,7,47,475,0.3085836246609688
mirror_attention,independent,7,47,500,0.307670671492815
mirror_attention,independent,7,59,25,0.43312764167785645
mirror_attention,independent,7,59,50,0.3886328637599945
mirror_attention,independent,7,59,75,0.3669740557670593
mirror_attention,independent,7,59,100,0.34191206097602844
mirror_attention,independent,7,59,125,0.3302319422364235
mirror_attention,independent,7,59,150,0.31874068081378937
mirror_attention,independent,7,59,175,0.3146742060780525
mirror_attention,independent,7,59,200,0.30875496193766594
mirror_attention,independent,7,59,225,0.31187132745981216
mirror_attention,independent,7,59,250,0.3142731711268425
mirror_attention,independent,7,59,275,0.30824561417102814
mirror_attention,independent,7,59,300,0.30557483807206154
mirror_attention,independent,7,59,325,0.30626653134822845
mirror_attention,independent,7,59,350,0.3104530833661556
mirror_attention,independent,7,59,375,0.300178412348032
mirror_attention,independent,7,59,400,0.3014922924339771
mirror_attention,independent,7,59,425,0.30247265845537186
mirror_attention,independent,7,59,450,0.30147384852170944
mirror_attention,independent,7,59,475,0.3005695566534996
mirror_attention,independent,7,59,500,0.29891395941376686
basis2_attention,aligned,3,31,25,0.28345541656017303
basis2_attention,aligned,3,31,50,0.1809022966772318
basis2_attention,aligned,3,31,75,0.11082129739224911
basis2_attention,aligned,3,31,100,0.07607374154031277
basis2_attention,aligned,3,31,125,0.04640289442613721
basis2_attention,aligned,3,31,150,0.015347017208114266
basis2_attention,aligned,3,31,175,0.0043115257867611945
basis2_attention,aligned,3,31,200,0.0010713851152104326
basis2_attention,aligned,3,31,225,0.00025996153271989897
basis2_attention,aligned,3,31,250,7.917089283182577e-05
basis2_attention,aligned,3,31,275,1.937017987074796e-05
basis2_attention,aligned,3,31,300,4.240646035214013e-06
basis2_attention,aligned,3,31,325,9.398413851613441e-07
basis2_attention,aligned,3,31,350,1.9265827067016517e-07
basis2_attention,aligned,3,31,375,5.649586709566279e-08
basis2_attention,aligned,3,31,400,1.137752569935202e-08
basis2_attention,aligned,3,31,425,3.11472453384809e-09
basis2_attention,aligned,3,31,450,8.722605346345169e-10
basis2_attention,aligned,3,31,475,1.622182180249787e-10
basis2_attention,aligned,3,31,500,2.0216031322919936e-11
basis2_attention,aligned,3,47,25,0.2900533750653267
basis2_attention,aligned,3,47,50,0.22448912262916565
basis2_attention,aligned,3,47,75,0.1241460656747222
basis2_attention,aligned,3,47,100,0.044115716591477394
basis2_attention,aligned,3,47,125,0.009541457635350525
basis2_attention,aligned,3,47,150,0.0014071048062760383
basis2_attention,aligned,3,47,175,0.0002455478461342864
basis2_attention,aligned,3,47,200,3.816960133917746e-05
basis2_attention,aligned,3,47,225,6.727815105023183e-06
basis2_attention,aligned,3,47,250,7.087449773734988e-07
basis2_attention,aligned,3,47,275,1.0478810619218848e-07
basis2_attention,aligned,3,47,300,1.8477752106171863e-08
basis2_attention,aligned,3,47,325,2.6809429953811303e-09
basis2_attention,aligned,3,47,350,4.3149415984711226e-10
basis2_attention,aligned,3,47,375,5.714121710520548e-11
basis2_attention,aligned,3,47,400,1.5254291536523357e-11
basis2_attention,aligned,3,47,425,3.04608017954143e-12
basis2_attention,aligned,3,47,450,2.977052689789742e-13
basis2_attention,aligned,3,47,475,7.270795124552764e-14
basis2_attention,aligned,3,47,500,3.7701194230865993e-14
basis2_attention,aligned,3,59,25,0.27639833092689514
basis2_attention,aligned,3,59,50,0.18002988025546074
basis2_attention,aligned,3,59,75,0.09816801454871893
basis2_attention,aligned,3,59,100,0.06513229780830443
basis2_attention,aligned,3,59,125,0.06067713303491473
basis2_attention,aligned,3,59,150,0.05706064379774034
basis2_attention,aligned,3,59,175,0.05538234021514654
basis2_attention,aligned,3,59,200,0.047468349104747176
basis2_attention,aligned,3,59,225,0.03128583758370951
basis2_attention,aligned,3,59,250,0.008850307800457813
basis2_attention,aligned,3,59,275,0.0031355243181678816
basis2_attention,aligned,3,59,300,0.0006016298212898619
basis2_attention,aligned,3,59,325,5.626355061849608e-05
basis2_attention,aligned,3,59,350,5.109983533202467e-06
basis2_attention,aligned,3,59,375,3.9788517369743204e-07
basis2_attention,aligned,3,59,400,2.6891402882256443e-08
basis2_attention,aligned,3,59,425,1.6101971977988683e-09
basis2_attention,aligned,3,59,450,2.4271662457664434e-10
basis2_attention,aligned,3,59,475,2.5717548316622763e-11
basis2_attention,aligned,3,59,500,1.4996807506766074e-12
basis2_attention,independent,3,31,25,0.2626958657056093
basis2_attention,independent,3,31,50,0.21442285552620888
basis2_attention,independent,3,31,75,0.13527326472103596
basis2_attention,independent,3,31,100,0.10512795299291611
basis2_attention,independent,3,31,125,0.09496879577636719
basis2_attention,independent,3,31,150,0.0890642125159502
basis2_attention,independent,3,31,175,0.08766386192291975
basis2_attention,independent,3,31,200,0.08658621646463871
basis2_attention,independent,3,31,225,0.0843553114682436
basis2_attention,independent,3,31,250,0.08349799830466509
basis2_attention,independent,3,31,275,0.08499965071678162
basis2_attention,independent,3,31,300,0.08593497145920992
basis2_attention,independent,3,31,325,0.08543092384934425
basis2_attention,independent,3,31,350,0.08519163308665156
basis2_attention,independent,3,31,375,0.08430628012865782
basis2_attention,independent,3,31,400,0.08566897455602884
basis2_attention,independent,3,31,425,0.08532961551100016
basis2_attention,independent,3,31,450,0.08551849843934178
basis2_attention,independent,3,31,475,0.0846404591575265
basis2_attention,independent,3,31,500,0.08321616239845753
basis2_attention,independent,3,47,25,0.2516923286020756
basis2_attention,independent,3,47,50,0.2014152891933918
basis2_attention,independent,3,47,75,0.14990587905049324
basis2_attention,independent,3,47,100,0.12054613418877125
basis2_attention,independent,3,47,125,0.10823841392993927
basis2_attention,independent,3,47,150,0.09539909893646836
basis2_attention,independent,3,47,175,0.094238699413836
basis2_attention,independent,3,47,200,0.09787126258015633
basis2_attention,independent,3,47,225,0.09237845614552498
basis2_attention,independent,3,47,250,0.09108904656022787
basis2_attention,independent,3,47,275,0.08845896506682038
basis2_attention,independent,3,47,300,0.08766179857775569
basis2_attention,independent,3,47,325,0.08684380166232586
basis2_attention,independent,3,47,350,0.08855689316987991
basis2_attention,independent,3,47,375,0.08898760005831718
basis2_attention,independent,3,47,400,0.09039732255041599
basis2_attention,independent,3,47,425,0.0907152071595192
basis2_attention,independent,3,47,450,0.08919895999133587
basis2_attention,independent,3,47,475,0.09201938845217228
basis2_attention,independent,3,47,500,0.09342054463922977
basis2_attention,independent,3,59,25,0.25637645833194256
basis2_attention,independent,3,59,50,0.20116235688328743
basis2_attention,independent,3,59,75,0.1594959106296301
basis2_attention,independent,3,59,100,0.14955212641507387
basis2_attention,independent,3,59,125,0.14609008841216564
basis2_attention,independent,3,59,150,0.1404867209494114
basis2_attention,independent,3,59,175,0.13857698999345303
basis2_attention,independent,3,59,200,0.13448725827038288
basis2_attention,independent,3,59,225,0.1292739175260067
basis2_attention,independent,3,59,250,0.12690915539860725
basis2_attention,independent,3,59,275,0.12732361443340778
basis2_attention,independent,3,59,300,0.12131600640714169
basis2_attention,independent,3,59,325,0.11851444281637669
basis2_attention,independent,3,59,350,0.11437803227454424
basis2_attention,independent,3,59,375,0.11037922091782093
basis2_attention,independent,3,59,400,0.10939878737553954
basis2_attention,independent,3,59,425,0.11066769994795322
basis2_attention,independent,3,59,450,0.10724261868745089
basis2_attention,independent,3,59,475,0.10625631781294942
basis2_attention,independent,3,59,500,0.10612355219200253
basis2_attention,aligned,7,31,25,0.46752752363681793
basis2_attention,aligned,7,31,50,0.3176277130842209
basis2_attention,aligned,7,31,75,0.16786421835422516
basis2_attention,aligned,7,31,100,0.13511005556210876
basis2_attention,aligned,7,31,125,0.11255307152168825
basis2_attention,aligned,7,31,150,0.08205824356991798
basis2_attention,aligned,7,31,175,0.045712105493294075
basis2_attention,aligned,7,31,200,0.0077802254527341574
basis2_attention,aligned,7,31,225,0.0009761246510606725
basis2_attention,aligned,7,31,250,4.1021986817213474e-05
basis2_attention,aligned,7,31,275,1.4610046378038533e-05
basis2_attention,aligned,7,31,300,2.882182798202848e-06
basis2_attention,aligned,7,31,325,3.8868881624409823e-07
basis2_attention,aligned,7,31,350,8.528377648531205e-08
basis2_attention,aligned,7,31,375,5.761471369436499e-09
basis2_attention,aligned,7,31,400,1.8725460938784355e-10
basis2_attention,aligned,7,31,425,4.415137710728906e-11
basis2_attention,aligned,7,31,450,1.2127042195420566e-11
basis2_attention,aligned,7,31,475,2.3293259038454934e-12
basis2_attention,aligned,7,31,500,3.1923057760733587e-13
basis2_attention,aligned,7,47,25,0.43738359957933426
basis2_attention,aligned,7,47,50,0.29492655396461487
basis2_attention,aligned,7,47,75,0.17716106469742954
basis2_attention,aligned,7,47,100,0.11539847031235695
basis2_attention,aligned,7,47,125,0.06127032870426774
basis2_attention,aligned,7,47,150,0.018978439999045804
basis2_attention,aligned,7,47,175,0.007058452090859646
basis2_attention,aligned,7,47,200,0.0014681285683764145
basis2_attention,aligned,7,47,225,0.00024708317141630687
basis2_attention,aligned,7,47,250,3.6318011098046554e-05
basis2_attention,aligned,7,47,275,6.72123282896564e-06
basis2_attention,aligned,7,47,300,9.388704835799899e-07
basis2_attention,aligned,7,47,325,1.321173270785181e-07
basis2_attention,aligned,7,47,350,1.5958032638374586e-08
basis2_attention,aligned,7,47,375,1.8767381450984777e-09
basis2_attention,aligned,7,47,400,1.198755795149553e-10
basis2_attention,aligned,7,47,425,5.2145668967724934e-12
basis2_attention,aligned,7,47,450,1.054781065821294e-12
basis2_attention,aligned,7,47,475,3.863239853615485e-13
basis2_attention,aligned,7,47,500,2.3166877792491717e-13
basis2_attention,aligned,7,59,25,0.48343851417303085
basis2_attention,aligned,7,59,50,0.3979494124650955
basis2_attention,aligned,7,59,75,0.30899811536073685
basis2_attention,aligned,7,59,100,0.2471036296337843
basis2_attention,aligned,7,59,125,0.16228537168353796
basis2_attention,aligned,7,59,150,0.05870664748363197
basis2_attention,aligned,7,59,175,0.013025727472268045
basis2_attention,aligned,7,59,200,0.004105412925127894
basis2_attention,aligned,7,59,225,0.0009020363559102407
basis2_attention,aligned,7,59,250,8.955559678724967e-05
basis2_attention,aligned,7,59,275,1.6095826651962852e-05
basis2_attention,aligned,7,59,300,7.879733800564281e-06
basis2_attention,aligned,7,59,325,3.0630792338115498e-06
basis2_attention,aligned,7,59,350,1.0963949037545717e-06
basis2_attention,aligned,7,59,375,4.6005909926094546e-07
basis2_attention,aligned,7,59,400,1.3724265457426554e-07
basis2_attention,aligned,7,59,425,4.8343140657269856e-08
basis2_attention,aligned,7,59,450,1.4445034002275037e-08
basis2_attention,aligned,7,59,475,4.285379644891618e-09
basis2_attention,aligned,7,59,500,1.495864542476466e-09
basis2_attention,independent,7,31,25,0.4647954851388931
basis2_attention,independent,7,31,50,0.41023626923561096
basis2_attention,independent,7,31,75,0.33040087297558784
basis2_attention,independent,7,31,100,0.2459067478775978
basis2_attention,independent,7,31,125,0.20830454677343369
basis2_attention,independent,7,31,150,0.1889851987361908
basis2_attention,independent,7,31,175,0.1790618784725666
basis2_attention,independent,7,31,200,0.17613041028380394
basis2_attention,independent,7,31,225,0.17314896546304226
basis2_attention,independent,7,31,250,0.17123754136264324
basis2_attention,independent,7,31,275,0.1703976597636938
basis2_attention,independent,7,31,300,0.17015814781188965
basis2_attention,independent,7,31,325,0.1673348844051361
basis2_attention,independent,7,31,350,0.16376744583249092
basis2_attention,independent,7,31,375,0.16138105280697346
basis2_attention,independent,7,31,400,0.16281711868941784
basis2_attention,independent,7,31,425,0.15995891951024532
basis2_attention,independent,7,31,450,0.1542569249868393
basis2_attention,independent,7,31,475,0.15732629038393497
basis2_attention,independent,7,31,500,0.15586455818265676
basis2_attention,independent,7,47,25,0.47145767509937286
basis2_attention,independent,7,47,50,0.42765478417277336
basis2_attention,independent,7,47,75,0.3574494197964668
basis2_attention,independent,7,47,100,0.2852047123014927
basis2_attention,independent,7,47,125,0.26064062491059303
basis2_attention,independent,7,47,150,0.24382131546735764
basis2_attention,independent,7,47,175,0.22844318207353354
basis2_attention,independent,7,47,200,0.22463786602020264
basis2_attention,independent,7,47,225,0.21989897824823856
basis2_attention,independent,7,47,250,0.22169035952538252
basis2_attention,independent,7,47,275,0.22118806652724743
basis2_attention,independent,7,47,300,0.2178263384848833
basis2_attention,independent,7,47,325,0.22261787578463554
basis2_attention,independent,7,47,350,0.22204678691923618
basis2_attention,independent,7,47,375,0.2175226081162691
basis2_attention,independent,7,47,400,0.21196389757096767
basis2_attention,independent,7,47,425,0.2055145800113678
basis2_attention,independent,7,47,450,0.1997026912868023
basis2_attention,independent,7,47,475,0.1905694492161274
basis2_attention,independent,7,47,500,0.1857683528214693
basis2_attention,independent,7,59,25,0.46532978117465973
basis2_attention,independent,7,59,50,0.39530493319034576
basis2_attention,independent,7,59,75,0.3444865196943283
basis2_attention,independent,7,59,100,0.3299595005810261
basis2_attention,independent,7,59,125,0.31277619674801826
basis2_attention,independent,7,59,150,0.2841107212007046
basis2_attention,independent,7,59,175,0.2551865726709366
basis2_attention,independent,7,59,200,0.2415726501494646
basis2_attention,independent,7,59,225,0.23162240162491798
basis2_attention,independent,7,59,250,0.21408510021865368
basis2_attention,independent,7,59,275,0.19917626352980733
basis2_attention,independent,7,59,300,0.20143832452595234
basis2_attention,independent,7,59,325,0.19643208477646112
basis2_attention,independent,7,59,350,0.2020559946540743
basis2_attention,independent,7,59,375,0.18537309858947992
basis2_attention,independent,7,59,400,0.17729602009058
basis2_attention,independent,7,59,425,0.17401454411447048
basis2_attention,independent,7,59,450,0.17099918238818645
basis2_attention,independent,7,59,475,0.17068054527044296
basis2_attention,independent,7,59,500,0.16658179834485054
shared_attention,aligned,3,31,25,0.18606023490428925
shared_attention,aligned,3,31,50,0.125596035271883
shared_attention,aligned,3,31,75,0.10055648256093264
shared_attention,aligned,3,31,100,0.0947235468775034
shared_attention,aligned,3,31,125,0.08870561886578798
shared_attention,aligned,3,31,150,0.08716956060379744
shared_attention,aligned,3,31,175,0.08500858303159475
shared_attention,aligned,3,31,200,0.0860382467508316
shared_attention,aligned,3,31,225,0.08564628753811121
shared_attention,aligned,3,31,250,0.08448990900069475
shared_attention,aligned,3,31,275,0.08473960217088461
shared_attention,aligned,3,31,300,0.08527502324432135
shared_attention,aligned,3,31,325,0.08751614578068256
shared_attention,aligned,3,31,350,0.08476745244115591
shared_attention,aligned,3,31,375,0.0878886766731739
shared_attention,aligned,3,31,400,0.08718375861644745
shared_attention,aligned,3,31,425,0.08525843918323517
shared_attention,aligned,3,31,450,0.08398766256868839
shared_attention,aligned,3,31,475,0.08544494304805994
shared_attention,aligned,3,31,500,0.08555810805410147
shared_attention,aligned,3,47,25,0.18367420509457588
shared_attention,aligned,3,47,50,0.1262230984866619
shared_attention,aligned,3,47,75,0.10043056681752205
shared_attention,aligned,3,47,100,0.09200215246528387
shared_attention,aligned,3,47,125,0.0867486521601677
shared_attention,aligned,3,47,150,0.08712525013834238
shared_attention,aligned,3,47,175,0.08663164265453815
shared_attention,aligned,3,47,200,0.08508993405848742
shared_attention,aligned,3,47,225,0.08610351104289293
shared_attention,aligned,3,47,250,0.08505014702677727
shared_attention,aligned,3,47,275,0.08897173125296831
shared_attention,aligned,3,47,300,0.08857925701886415
shared_attention,aligned,3,47,325,0.08460741396993399
shared_attention,aligned,3,47,350,0.08559788297861814
shared_attention,aligned,3,47,375,0.0847618579864502
shared_attention,aligned,3,47,400,0.08549922192469239
shared_attention,aligned,3,47,425,0.08613150287419558
shared_attention,aligned,3,47,450,0.08581019565463066
shared_attention,aligned,3,47,475,0.085450554266572
shared_attention,aligned,3,47,500,0.08900585677474737
shared_attention,aligned,3,59,25,0.1852549873292446
shared_attention,aligned,3,59,50,0.12655243463814259
shared_attention,aligned,3,59,75,0.1039880532771349
shared_attention,aligned,3,59,100,0.09280287567526102
shared_attention,aligned,3,59,125,0.0902433954179287
shared_attention,aligned,3,59,150,0.08703063149005175
shared_attention,aligned,3,59,175,0.08730574790388346
shared_attention,aligned,3,59,200,0.08589920215308666
shared_attention,aligned,3,59,225,0.08525482378900051
shared_attention,aligned,3,59,250,0.08628372754901648
shared_attention,aligned,3,59,275,0.08568458165973425
shared_attention,aligned,3,59,300,0.08574699237942696
shared_attention,aligned,3,59,325,0.08531535137444735
shared_attention,aligned,3,59,350,0.08697676565498114
shared_attention,aligned,3,59,375,0.08441740367561579
shared_attention,aligned,3,59,400,0.0854644300416112
shared_attention,aligned,3,59,425,0.08494174759835005
shared_attention,aligned,3,59,450,0.08435964398086071
shared_attention,aligned,3,59,475,0.08516111876815557
shared_attention,aligned,3,59,500,0.08550439961254597
shared_attention,independent,3,31,25,0.24423609673976898
shared_attention,independent,3,31,50,0.23137706518173218
shared_attention,independent,3,31,75,0.23394259437918663
shared_attention,independent,3,31,100,0.23400208353996277
shared_attention,independent,3,31,125,0.2346237450838089
shared_attention,independent,3,31,150,0.2326558269560337
shared_attention,independent,3,31,175,0.23173798248171806
shared_attention,independent,3,31,200,0.23272772505879402
shared_attention,independent,3,31,225,0.2345460020005703
shared_attention,independent,3,31,250,0.2334507666528225
shared_attention,independent,3,31,275,0.2323669046163559
shared_attention,independent,3,31,300,0.23257021978497505
shared_attention,independent,3,31,325,0.23217470943927765
shared_attention,independent,3,31,350,0.23200388252735138
shared_attention,independent,3,31,375,0.23329726792871952
shared_attention,independent,3,31,400,0.23361087404191494
shared_attention,independent,3,31,425,0.23403621278703213
shared_attention,independent,3,31,450,0.23188713379204273
shared_attention,independent,3,31,475,0.23363960906863213
shared_attention,independent,3,31,500,0.23560341075062752
shared_attention,independent,3,47,25,0.2497139908373356
shared_attention,independent,3,47,50,0.235555037856102
shared_attention,independent,3,47,75,0.23247431218624115
shared_attention,independent,3,47,100,0.23208197578787804
shared_attention,independent,3,47,125,0.2332001943141222
shared_attention,independent,3,47,150,0.23410936072468758
shared_attention,independent,3,47,175,0.23328210040926933
shared_attention,independent,3,47,200,0.23850496858358383
shared_attention,independent,3,47,225,0.23449286445975304
shared_attention,independent,3,47,250,0.23199319280683994
shared_attention,independent,3,47,275,0.2354731783270836
shared_attention,independent,3,47,300,0.23329809308052063
shared_attention,independent,3,47,325,0.23254454135894775
shared_attention,independent,3,47,350,0.2317688763141632
shared_attention,independent,3,47,375,0.2321009524166584
shared_attention,independent,3,47,400,0.2329920083284378
shared_attention,independent,3,47,425,0.23321514204144478
shared_attention,independent,3,47,450,0.23300154879689217
shared_attention,independent,3,47,475,0.23424420319497585
shared_attention,independent,3,47,500,0.23490823805332184
shared_attention,independent,3,59,25,0.25082768499851227
shared_attention,independent,3,59,50,0.23808938264846802
shared_attention,independent,3,59,75,0.23407088592648506
shared_attention,independent,3,59,100,0.23553449660539627
shared_attention,independent,3,59,125,0.2387600764632225
shared_attention,independent,3,59,150,0.23369953781366348
shared_attention,independent,3,59,175,0.23246923461556435
shared_attention,independent,3,59,200,0.23334729298949242
shared_attention,independent,3,59,225,0.23350834473967552
shared_attention,independent,3,59,250,0.23209935054183006
shared_attention,independent,3,59,275,0.23473855294287205
shared_attention,independent,3,59,300,0.23217780888080597
shared_attention,independent,3,59,325,0.23404015973210335
shared_attention,independent,3,59,350,0.23408791050314903
shared_attention,independent,3,59,375,0.23192952573299408
shared_attention,independent,3,59,400,0.23208891414105892
shared_attention,independent,3,59,425,0.2352775912731886
shared_attention,independent,3,59,450,0.2312794327735901
shared_attention,independent,3,59,475,0.2317592315375805
shared_attention,independent,3,59,500,0.2323752585798502
shared_attention,aligned,7,31,25,0.3453511744737625
shared_attention,aligned,7,31,50,0.2415606901049614
shared_attention,aligned,7,31,75,0.1975750494748354
shared_attention,aligned,7,31,100,0.1816409882158041
shared_attention,aligned,7,31,125,0.17912003211677074
shared_attention,aligned,7,31,150,0.17446281015872955
shared_attention,aligned,7,31,175,0.17325697466731071
shared_attention,aligned,7,31,200,0.17306213406845927
shared_attention,aligned,7,31,225,0.17375335516408086
shared_attention,aligned,7,31,250,0.1781088449060917
shared_attention,aligned,7,31,275,0.17388166347518563
shared_attention,aligned,7,31,300,0.1739683235064149
shared_attention,aligned,7,31,325,0.17289295606315136
shared_attention,aligned,7,31,350,0.17432531830854714
shared_attention,aligned,7,31,375,0.17454010667279363
shared_attention,aligned,7,31,400,0.1763883987441659
shared_attention,aligned,7,31,425,0.17408620612695813
shared_attention,aligned,7,31,450,0.17275375896133482
shared_attention,aligned,7,31,475,0.17302182223647833
shared_attention,aligned,7,31,500,0.17336930171586573
shared_attention,aligned,7,47,25,0.3583777919411659
shared_attention,aligned,7,47,50,0.2538391202688217
shared_attention,aligned,7,47,75,0.20388863794505596
shared_attention,aligned,7,47,100,0.18553775548934937
shared_attention,aligned,7,47,125,0.1798860840499401
shared_attention,aligned,7,47,150,0.17533843219280243
shared_attention,aligned,7,47,175,0.1752812066115439
shared_attention,aligned,7,47,200,0.17341384012252092
shared_attention,aligned,7,47,225,0.17331882659345865
shared_attention,aligned,7,47,250,0.17389815486967564
shared_attention,aligned,7,47,275,0.17412397381849587
shared_attention,aligned,7,47,300,0.17314133374020457
shared_attention,aligned,7,47,325,0.17331147380173206
shared_attention,aligned,7,47,350,0.1732589271850884
shared_attention,aligned,7,47,375,0.17337913624942303
shared_attention,aligned,7,47,400,0.17323596123605967
shared_attention,aligned,7,47,425,0.17259463900700212
shared_attention,aligned,7,47,450,0.17313863756135106
shared_attention,aligned,7,47,475,0.1732134243939072
shared_attention,aligned,7,47,500,0.1731893236283213
shared_attention,aligned,7,59,25,0.3689071461558342
shared_attention,aligned,7,59,50,0.26622845605015755
shared_attention,aligned,7,59,75,0.21864661388099194
shared_attention,aligned,7,59,100,0.19530769996345043
shared_attention,aligned,7,59,125,0.18476604484021664
shared_attention,aligned,7,59,150,0.1791721796616912
shared_attention,aligned,7,59,175,0.1754610287025571
shared_attention,aligned,7,59,200,0.17321145255118608
shared_attention,aligned,7,59,225,0.17395066563040018
shared_attention,aligned,7,59,250,0.17319377791136503
shared_attention,aligned,7,59,275,0.1737477295100689
shared_attention,aligned,7,59,300,0.17258342145942152
shared_attention,aligned,7,59,325,0.17273606825619936
shared_attention,aligned,7,59,350,0.17506959848105907
shared_attention,aligned,7,59,375,0.17550490982830524
shared_attention,aligned,7,59,400,0.1756895538419485
shared_attention,aligned,7,59,425,0.17351152375340462
shared_attention,aligned,7,59,450,0.17639364628121257
shared_attention,aligned,7,59,475,0.17357261339202523
shared_attention,aligned,7,59,500,0.1730140121653676
shared_attention,independent,7,31,25,0.4297114312648773
shared_attention,independent,7,31,50,0.40754900872707367
shared_attention,independent,7,31,75,0.40282758325338364
shared_attention,independent,7,31,100,0.39793728291988373
shared_attention,independent,7,31,125,0.3947027772665024
shared_attention,independent,7,31,150,0.39462265372276306
shared_attention,independent,7,31,175,0.39092522859573364
shared_attention,independent,7,31,200,0.39294255524873734
shared_attention,independent,7,31,225,0.39403247088193893
shared_attention,independent,7,31,250,0.3971950560808182
shared_attention,independent,7,31,275,0.3971529006958008
shared_attention,independent,7,31,300,0.3911443203687668
shared_attention,independent,7,31,325,0.3893168792128563
shared_attention,independent,7,31,350,0.38769105076789856
shared_attention,independent,7,31,375,0.38710595667362213
shared_attention,independent,7,31,400,0.3895653560757637
shared_attention,independent,7,31,425,0.3877870813012123
shared_attention,independent,7,31,450,0.38678041100502014
shared_attention,independent,7,31,475,0.3867329880595207
shared_attention,independent,7,31,500,0.3875247612595558
shared_attention,independent,7,47,25,0.4475877098739147
shared_attention,independent,7,47,50,0.4102379381656647
shared_attention,independent,7,47,75,0.395354725420475
shared_attention,independent,7,47,100,0.3931921347975731
shared_attention,independent,7,47,125,0.3923935368657112
shared_attention,independent,7,47,150,0.3884422332048416
shared_attention,independent,7,47,175,0.39152949303388596
shared_attention,independent,7,47,200,0.4031808599829674
shared_attention,independent,7,47,225,0.39295627176761627
shared_attention,independent,7,47,250,0.39182884246110916
shared_attention,independent,7,47,275,0.39333225786685944
shared_attention,independent,7,47,300,0.3965148404240608
shared_attention,independent,7,47,325,0.3924361914396286
shared_attention,independent,7,47,350,0.3916159048676491
shared_attention,independent,7,47,375,0.39024677127599716
shared_attention,independent,7,47,400,0.38698361814022064
shared_attention,independent,7,47,425,0.3885781243443489
shared_attention,independent,7,47,450,0.3887692838907242
shared_attention,independent,7,47,475,0.3883374482393265
shared_attention,independent,7,47,500,0.38757891952991486
shared_attention,independent,7,59,25,0.4351331368088722
shared_attention,independent,7,59,50,0.4039750471711159
shared_attention,independent,7,59,75,0.39722613990306854
shared_attention,independent,7,59,100,0.388730987906456
shared_attention,independent,7,59,125,0.3873903304338455
shared_attention,independent,7,59,150,0.38629405945539474
shared_attention,independent,7,59,175,0.3889955133199692
shared_attention,independent,7,59,200,0.38634809851646423
shared_attention,independent,7,59,225,0.39099570363759995
shared_attention,independent,7,59,250,0.3986029550433159
shared_attention,independent,7,59,275,0.3938416987657547
shared_attention,independent,7,59,300,0.3918856903910637
shared_attention,independent,7,59,325,0.3944440484046936
shared_attention,independent,7,59,350,0.40125780925154686
shared_attention,independent,7,59,375,0.3891128748655319
shared_attention,independent,7,59,400,0.3897595480084419
shared_attention,independent,7,59,425,0.39258549362421036
shared_attention,independent,7,59,450,0.39222563803195953
shared_attention,independent,7,59,475,0.3909483328461647
shared_attention,independent,7,59,500,0.3888954222202301
independent_attention,aligned,3,31,25,0.24020007252693176
independent_attention,aligned,3,31,50,0.16962890326976776
independent_attention,aligned,3,31,75,0.11653654091060162
independent_attention,aligned,3,31,100,0.07906563580036163
independent_attention,aligned,3,31,125,0.05495917797088623
independent_attention,aligned,3,31,150,0.03809748776257038
independent_attention,aligned,3,31,175,0.026624854654073715
independent_attention,aligned,3,31,200,0.018715264974161983
independent_attention,aligned,3,31,225,0.013045822270214558
independent_attention,aligned,3,31,250,0.009505710913799703
independent_attention,aligned,3,31,275,0.006876019877381623
independent_attention,aligned,3,31,300,0.0049856993136927485
independent_attention,aligned,3,31,325,0.00374499149620533
independent_attention,aligned,3,31,350,0.0029416296747513115
independent_attention,aligned,3,31,375,0.002279273292515427
independent_attention,aligned,3,31,400,0.00180770197766833
independent_attention,aligned,3,31,425,0.001445134577807039
independent_attention,aligned,3,31,450,0.0011306354135740548
independent_attention,aligned,3,31,475,0.0009106898360187188
independent_attention,aligned,3,31,500,0.0006988082022871822
independent_attention,aligned,3,47,25,0.23691434785723686
independent_attention,aligned,3,47,50,0.16146192327141762
independent_attention,aligned,3,47,75,0.10857498832046986
independent_attention,aligned,3,47,100,0.07329257018864155
independent_attention,aligned,3,47,125,0.0489893089979887
independent_attention,aligned,3,47,150,0.03236671956256032
independent_attention,aligned,3,47,175,0.022650121711194515
independent_attention,aligned,3,47,200,0.015926726395264268
independent_attention,aligned,3,47,225,0.011071400484070182
independent_attention,aligned,3,47,250,0.007581721292808652
independent_attention,aligned,3,47,275,0.005669367150403559
independent_attention,aligned,3,47,300,0.004338327911682427
independent_attention,aligned,3,47,325,0.00321103137684986
independent_attention,aligned,3,47,350,0.0025043681380338967
independent_attention,aligned,3,47,375,0.001983711466891691
independent_attention,aligned,3,47,400,0.0015032903611427173
independent_attention,aligned,3,47,425,0.0011479588429210708
independent_attention,aligned,3,47,450,0.0008819920767564327
independent_attention,aligned,3,47,475,0.00069179118872853
independent_attention,aligned,3,47,500,0.0005499283215613104
independent_attention,aligned,3,59,25,0.2253132238984108
independent_attention,aligned,3,59,50,0.15563791245222092
independent_attention,aligned,3,59,75,0.10842928662896156
independent_attention,aligned,3,59,100,0.07511500269174576
independent_attention,aligned,3,59,125,0.05052345618605614
independent_attention,aligned,3,59,150,0.03487341059371829
independent_attention,aligned,3,59,175,0.02437449898570776
independent_attention,aligned,3,59,200,0.017056760611012578
independent_attention,aligned,3,59,225,0.011861490434966981
independent_attention,aligned,3,59,250,0.0087996874935925
independent_attention,aligned,3,59,275,0.00657508330186829
independent_attention,aligned,3,59,300,0.004950233560521156
independent_attention,aligned,3,59,325,0.003585873229894787
independent_attention,aligned,3,59,350,0.002657729433849454
independent_attention,aligned,3,59,375,0.002014246041653678
independent_attention,aligned,3,59,400,0.0015671431028749794
independent_attention,aligned,3,59,425,0.001256569565157406
independent_attention,aligned,3,59,450,0.001011429209029302
independent_attention,aligned,3,59,475,0.0007923240555101074
independent_attention,aligned,3,59,500,0.0006310294265858829
independent_attention,independent,3,31,25,0.20508799329400063
independent_attention,independent,3,31,50,0.1252748416736722
independent_attention,independent,3,31,75,0.0717896088026464
independent_attention,independent,3,31,100,0.041694121435284615
independent_attention,independent,3,31,125,0.023708419175818563
independent_attention,independent,3,31,150,0.013005304033868015
independent_attention,independent,3,31,175,0.007362993084825575
independent_attention,independent,3,31,200,0.004276800958905369
independent_attention,independent,3,31,225,0.002408705127891153
independent_attention,independent,3,31,250,0.0013208358432166278
independent_attention,independent,3,31,275,0.0007473006480722688
independent_attention,independent,3,31,300,0.00045839390077162534
independent_attention,independent,3,31,325,0.00027093134394817753
independent_attention,independent,3,31,350,0.00016783246746854275
independent_attention,independent,3,31,375,0.0001021360646973335
independent_attention,independent,3,31,400,6.063957061996916e-05
independent_attention,independent,3,31,425,3.600953823479358e-05
independent_attention,independent,3,31,450,2.2639280729208622e-05
independent_attention,independent,3,31,475,1.4502717490927353e-05
independent_attention,independent,3,31,500,8.9283119315553e-06
independent_attention,independent,3,47,25,0.19429010711610317
independent_attention,independent,3,47,50,0.12327296938747168
independent_attention,independent,3,47,75,0.07889363495633006
independent_attention,independent,3,47,100,0.049706039018929005
independent_attention,independent,3,47,125,0.031915741157718
independent_attention,independent,3,47,150,0.017613030853681266
independent_attention,independent,3,47,175,0.010713039839174598
independent_attention,independent,3,47,200,0.007119645306374878
independent_attention,independent,3,47,225,0.0038319279556162655
independent_attention,independent,3,47,250,0.0022240441176109016
independent_attention,independent,3,47,275,0.001051296669174917
independent_attention,independent,3,47,300,0.0005981463255011477
independent_attention,independent,3,47,325,0.0003690262674354017
independent_attention,independent,3,47,350,0.00022997320593276527
independent_attention,independent,3,47,375,0.00014714010558236623
independent_attention,independent,3,47,400,9.692129219729395e-05
independent_attention,independent,3,47,425,6.298676436244932e-05
independent_attention,independent,3,47,450,4.007421566143421e-05
independent_attention,independent,3,47,475,2.299470131106318e-05
independent_attention,independent,3,47,500,1.635134507793623e-05
independent_attention,independent,3,59,25,0.19685463048517704
independent_attention,independent,3,59,50,0.12527387216687202
independent_attention,independent,3,59,75,0.07874215440824628
independent_attention,independent,3,59,100,0.05080302827991545
independent_attention,independent,3,59,125,0.03245795168913901
independent_attention,independent,3,59,150,0.018710462609305978
independent_attention,independent,3,59,175,0.01180088787805289
independent_attention,independent,3,59,200,0.007248508307384327
independent_attention,independent,3,59,225,0.0039433057681890205
independent_attention,independent,3,59,250,0.0024407723612966947
independent_attention,independent,3,59,275,0.0017070730609702878
independent_attention,independent,3,59,300,0.0009278139259549789
independent_attention,independent,3,59,325,0.0005456356157083064
independent_attention,independent,3,59,350,0.0003523205095916637
independent_attention,independent,3,59,375,0.00015454334152309457
independent_attention,independent,3,59,400,0.00010106966874445789
independent_attention,independent,3,59,425,7.314924528145639e-05
independent_attention,independent,3,59,450,3.5256704677522066e-05
independent_attention,independent,3,59,475,1.909273441924597e-05
independent_attention,independent,3,59,500,1.274061636991064e-05
independent_attention,aligned,7,31,25,0.42644649744033813
independent_attention,aligned,7,31,50,0.30873676389455795
independent_attention,aligned,7,31,75,0.219228807836771
independent_attention,aligned,7,31,100,0.15148717164993286
independent_attention,aligned,7,31,125,0.10269246995449066
independent_attention,aligned,7,31,150,0.07059299945831299
independent_attention,aligned,7,31,175,0.04684198903851211
independent_attention,aligned,7,31,200,0.03154436475597322
independent_attention,aligned,7,31,225,0.02116095193196088
independent_attention,aligned,7,31,250,0.014516058727167547
independent_attention,aligned,7,31,275,0.009609149739844725
independent_attention,aligned,7,31,300,0.0059675092925317585
independent_attention,aligned,7,31,325,0.0040371508002863266
independent_attention,aligned,7,31,350,0.002685040974029107
independent_attention,aligned,7,31,375,0.0017643219562160084
independent_attention,aligned,7,31,400,0.0011028300305042649
independent_attention,aligned,7,31,425,0.000608420488788397
independent_attention,aligned,7,31,450,0.0003663236457214225
independent_attention,aligned,7,31,475,0.00023086351166057284
independent_attention,aligned,7,31,500,0.0001430676792892882
independent_attention,aligned,7,47,25,0.39143211394548416
independent_attention,aligned,7,47,50,0.27231019362807274
independent_attention,aligned,7,47,75,0.18611210584640503
independent_attention,aligned,7,47,100,0.1257130727171898
independent_attention,aligned,7,47,125,0.08737536426633596
independent_attention,aligned,7,47,150,0.05786812398582697
independent_attention,aligned,7,47,175,0.03849795088171959
independent_attention,aligned,7,47,200,0.02502103627193719
independent_attention,aligned,7,47,225,0.016124730871524662
independent_attention,aligned,7,47,250,0.010031624871771783
independent_attention,aligned,7,47,275,0.006264321360504255
independent_attention,aligned,7,47,300,0.004275912913726643
independent_attention,aligned,7,47,325,0.0026172755897277966
independent_attention,aligned,7,47,350,0.0016043502291722689
independent_attention,aligned,7,47,375,0.0009410231868969277
independent_attention,aligned,7,47,400,0.0005648810083584976
independent_attention,aligned,7,47,425,0.00032582710809947457
independent_attention,aligned,7,47,450,0.0001722984486605128
independent_attention,aligned,7,47,475,8.552864176181174e-05
independent_attention,aligned,7,47,500,3.8505765530771896e-05
independent_attention,aligned,7,59,25,0.40093544870615005
independent_attention,aligned,7,59,50,0.2856224849820137
independent_attention,aligned,7,59,75,0.20465364679694176
independent_attention,aligned,7,59,100,0.14237523823976517
independent_attention,aligned,7,59,125,0.09433995746076107
independent_attention,aligned,7,59,150,0.0647644242271781
independent_attention,aligned,7,59,175,0.042763265781104565
independent_attention,aligned,7,59,200,0.02827228931710124
independent_attention,aligned,7,59,225,0.018405832932330668
independent_attention,aligned,7,59,250,0.012311713653616607
independent_attention,aligned,7,59,275,0.007954507949762046
independent_attention,aligned,7,59,300,0.004969167202943936
independent_attention,aligned,7,59,325,0.003193452866980806
independent_attention,aligned,7,59,350,0.001989337310078554
independent_attention,aligned,7,59,375,0.0012577123561641201
independent_attention,aligned,7,59,400,0.000799226836534217
independent_attention,aligned,7,59,425,0.0004337163882155437
independent_attention,aligned,7,59,450,0.0002498302364983829
independent_attention,aligned,7,59,475,0.00014258766896091402
independent_attention,aligned,7,59,500,8.300973877339857e-05
independent_attention,independent,7,31,25,0.38963207602500916
independent_attention,independent,7,31,50,0.2906612455844879
independent_attention,independent,7,31,75,0.21355361118912697
independent_attention,independent,7,31,100,0.15516221337020397
independent_attention,independent,7,31,125,0.11104706767946482
independent_attention,independent,7,31,150,0.07735677482560277
independent_attention,independent,7,31,175,0.053165166871622205
independent_attention,independent,7,31,200,0.037439401843585074
independent_attention,independent,7,31,225,0.02551872021285817
independent_attention,independent,7,31,250,0.016646152740577236
independent_attention,independent,7,31,275,0.011610646091867238
independent_attention,independent,7,31,300,0.0076284434253466316
independent_attention,independent,7,31,325,0.0047268547968997154
independent_attention,independent,7,31,350,0.002854018399375491
independent_attention,independent,7,31,375,0.0017936413096322212
independent_attention,independent,7,31,400,0.0011281709257673356
independent_attention,independent,7,31,425,0.0006608685444007278
independent_attention,independent,7,31,450,0.00040165463178709615
independent_attention,independent,7,31,475,0.00026132480093110644
independent_attention,independent,7,31,500,0.0001829223036224903
independent_attention,independent,7,47,25,0.4198671355843544
independent_attention,independent,7,47,50,0.30961689352989197
independent_attention,independent,7,47,75,0.2210216112434864
independent_attention,independent,7,47,100,0.15567230246961117
independent_attention,independent,7,47,125,0.10843844525516033
independent_attention,independent,7,47,150,0.07417744491249323
independent_attention,independent,7,47,175,0.050409261137247086
independent_attention,independent,7,47,200,0.03379297582432628
independent_attention,independent,7,47,225,0.02176039037294686
independent_attention,independent,7,47,250,0.01462409389205277
independent_attention,independent,7,47,275,0.00968783482676372
independent_attention,independent,7,47,300,0.006526655255584046
independent_attention,independent,7,47,325,0.004301850451156497
independent_attention,independent,7,47,350,0.002731741904426599
independent_attention,independent,7,47,375,0.0016799061304482166
independent_attention,independent,7,47,400,0.0009897775489662308
independent_attention,independent,7,47,425,0.0005964392803434748
independent_attention,independent,7,47,450,0.00037058606494611013
independent_attention,independent,7,47,475,0.00022781977941122022
independent_attention,independent,7,47,500,0.0001373151022789898
independent_attention,independent,7,59,25,0.37638087570667267
independent_attention,independent,7,59,50,0.2739659510552883
independent_attention,independent,7,59,75,0.1997583657503128
independent_attention,independent,7,59,100,0.14337069913744926
independent_attention,independent,7,59,125,0.10371297225356102
independent_attention,independent,7,59,150,0.06939747091382742
independent_attention,independent,7,59,175,0.045677172020077705
independent_attention,independent,7,59,200,0.03018425265327096
independent_attention,independent,7,59,225,0.019624219043180346
independent_attention,independent,7,59,250,0.011992650339379907
independent_attention,independent,7,59,275,0.007403535419143736
independent_attention,independent,7,59,300,0.0047781458124518394
independent_attention,independent,7,59,325,0.0030478160188067704
independent_attention,independent,7,59,350,0.0022669651079922915
independent_attention,independent,7,59,375,0.0011228749935980886
independent_attention,independent,7,59,400,0.0006102797742641997
independent_attention,independent,7,59,425,0.0003516132774166181
independent_attention,independent,7,59,450,0.0002085952921788703
independent_attention,independent,7,59,475,0.0001230892172543463
independent_attention,independent,7,59,500,5.899377794094107e-05
