condition,world_or_seed,method,width,serialized_bytes,train_examples,optimizer_updates,active_macs_per_example,wall_time_s,primary_metric,primary_value,secondary_metric,secondary_value,status_note
development,36701,independent,8|16|24|32,10653,819200,1000,"288|576|864|1152",1.02,macro_test_accuracy,0.7178,macro_test_nll,0.6844,"validated; archive replay exact; independent widths"
development,36701,usnet,8|16|24|32,3949,819200,1000,"288|576|864|1152",0.91,macro_test_accuracy,0.7413,macro_test_nll,0.6318,"validated; archive replay exact; native US-Net"
development,36701,scalar_gate,8|16|24|32,4179,819200,1000,"288|576|864|1152",0.99,macro_test_accuracy,0.7286,macro_test_nll,0.6674,"validated; archive replay exact; scalar control"
development,36701,mirror_givens,8|16|24|32,4179,819200,1000,"304|608|912|1216",1.40,macro_test_accuracy,0.7283,macro_test_nll,0.6708,"validated; archive replay exact; narrow gate failed"
development,36701,ia3_width,8|16|24|32,4427,819200,1000,"288|576|864|1152",1.03,macro_test_accuracy,0.7413,macro_test_nll,0.6333,"validated; archive replay exact; IA3 control"
development,36702,independent,8|16|24|32,10653,819200,1000,"288|576|864|1152",1.00,macro_test_accuracy,0.7975,macro_test_nll,0.5134,"validated; archive replay exact; independent widths"
development,36702,usnet,8|16|24|32,3949,819200,1000,"288|576|864|1152",0.86,macro_test_accuracy,0.8133,macro_test_nll,0.4686,"validated; archive replay exact; native US-Net"
development,36702,scalar_gate,8|16|24|32,4179,819200,1000,"288|576|864|1152",1.01,macro_test_accuracy,0.8063,macro_test_nll,0.4907,"validated; archive replay exact; scalar control"
development,36702,mirror_givens,8|16|24|32,4179,819200,1000,"304|608|912|1216",1.35,macro_test_accuracy,0.8052,macro_test_nll,0.4947,"validated; archive replay exact; narrow gate failed"
development,36702,ia3_width,8|16|24|32,4427,819200,1000,"288|576|864|1152",0.98,macro_test_accuracy,0.8036,macro_test_nll,0.4940,"validated; archive replay exact; IA3 control"
