artifact,id,tokens,KL,NLL,reference_NLL,delta_NLL,top1_flip
28M_rtn_b4_g64,public_prompt_00,63,0.09538619220256805,2.466132879257202,2.413591146469116,0.05254199355840683,0.2063492089509964
28M_rtn_b4_g64,public_prompt_01,42,0.08182798326015472,2.0024898052215576,1.860412359237671,0.14207741618156433,0.190476194024086
28M_rtn_b4_g64,public_prompt_02,80,0.10005325078964233,2.1121740341186523,2.0264322757720947,0.0857418030500412,0.10000000149011612
28M_rtn_b4_g64,public_prompt_03,78,0.13095404207706451,2.38293194770813,2.2190849781036377,0.16384683549404144,0.24358974397182465
28M_rtn_b4_g64,public_prompt_04,35,0.10614067316055298,3.034130334854126,2.8325865268707275,0.20154394209384918,0.20000000298023224
28M_rtn_b4_g64,public_prompt_05,49,0.141307532787323,2.0688281059265137,1.9234999418258667,0.14532805979251862,0.18367347121238708
28M_rtn_b4_g64,public_prompt_06,31,0.13682813942432404,2.729679584503174,2.587470054626465,0.1422097235918045,0.19354838132858276
28M_rtn_b4_g64,public_prompt_07,25,0.10389893501996994,2.6541268825531006,2.5187206268310547,0.13540607690811157,0.1599999964237213
28M_rtn_b4_g64,public_prompt_08,43,0.09615717083215714,1.878281831741333,1.7837692499160767,0.09451257437467575,0.23255814611911774
28M_rtn_b4_g64,public_prompt_09,26,0.07424373924732208,2.6165788173675537,2.48511004447937,0.13146859407424927,0.1538461595773697
28M_rtn_b4_g64,public_prompt_10,33,0.08799763768911362,1.2531459331512451,1.2683120965957642,-0.015165971592068672,0.12121212482452393
28M_rtn_b4_g64,public_prompt_11,45,0.121617890894413,2.424276113510132,2.469459295272827,-0.045183077454566956,0.17777778208255768
28M_rtn_b4_g64,public_prompt_12,30,0.11640998721122742,3.422689914703369,3.167114496231079,0.2555752396583557,0.20000000298023224
28M_rtn_b4_g64,public_prompt_13,30,0.0795169249176979,2.163072109222412,1.9159024953842163,0.24716989696025848,0.06666667014360428
28M_rtn_b4_g64,public_prompt_14,48,0.05417746305465698,1.6885191202163696,1.7205514907836914,-0.03203257918357849,0.0416666679084301
28M_rtn_b4_g64,public_prompt_15,70,0.09624230861663818,1.5542633533477783,1.3828270435333252,0.17143623530864716,0.11428571492433548
28M_rtn_b4_g64,public_prompt_16,58,0.08192490041255951,2.217231035232544,2.1713435649871826,0.04588725417852402,0.1034482792019844
28M_rtn_b4_g64,public_prompt_17,47,0.10130625218153,2.0350210666656494,1.8519636392593384,0.18305745720863342,0.10638298094272614
28M_rtn_b4_g64,public_prompt_18,48,0.07946643233299255,1.7024415731430054,1.6671637296676636,0.035277802497148514,0.125
28M_rtn_b4_g64,public_prompt_19,75,0.08811148256063461,1.7939196825027466,1.7211352586746216,0.07278434932231903,0.20000000298023224
28M_rtn_b4_g64,public_prompt_20,77,0.09424389153718948,2.4514806270599365,2.30363130569458,0.14784906804561615,0.19480518996715546
28M_rtn_b4_g64,public_prompt_21,63,0.09184341132640839,1.6775760650634766,1.7370163202285767,-0.0594402439892292,0.1269841343164444
28M_rtn_b4_g64,public_prompt_22,83,0.06437329202890396,1.1077024936676025,1.057115077972412,0.05058726295828819,0.08433734625577927
28M_rtn_b4_g64,public_prompt_23,72,0.08253400772809982,1.4472686052322388,1.3680490255355835,0.07921944558620453,0.0972222238779068
28M_rtn_b4_g64,public_prompt_24,79,0.07852088660001755,1.2553220987319946,1.1321942806243896,0.123127780854702,0.10126582533121109
28M_rtn_b4_g64,public_prompt_25,99,0.08544501662254333,1.3716845512390137,1.280475378036499,0.091209277510643,0.14141413569450378
28M_rtn_b4_g64,public_prompt_26,118,0.09446705132722855,1.6228039264678955,1.4552134275436401,0.1675906926393509,0.17796610295772552
28M_rtn_b4_g64,public_prompt_27,59,0.06843603402376175,1.0620439052581787,1.0514684915542603,0.010575401596724987,0.050847455859184265
28M_rtn_b4_g64,public_prompt_28,81,0.07273174077272415,1.4941390752792358,1.3401585817337036,0.15398041903972626,0.09876543283462524
28M_rtn_b4_g64,public_prompt_29,105,0.08367470651865005,1.503393292427063,1.4791494607925415,0.024243678897619247,0.12380952388048172
28M_rtn_b4_g64,public_prompt_30,38,0.09702198952436447,2.304138660430908,2.215730905532837,0.0884077250957489,0.18421052396297455
28M_rtn_b4_g64,public_prompt_31,34,0.08460608124732971,1.6179959774017334,1.575264573097229,0.042731497436761856,0.20588235557079315
28M_rtn_b4_g64,public_prompt_32,44,0.08173259347677231,1.5843299627304077,1.4582417011260986,0.12608814239501953,0.15909090638160706
28M_rtn_b4_g64,public_prompt_33,74,0.12024606019258499,1.6879775524139404,1.6313740015029907,0.05660377815365791,0.13513512909412384
28M_rtn_b4_g64,public_prompt_34,92,0.0900081992149353,1.2620089054107666,1.2494921684265137,0.012516729533672333,0.17391304671764374
28M_rtn_b4_g64,public_prompt_35,88,0.07624507695436478,1.3818987607955933,1.22794771194458,0.1539509892463684,0.15909090638160706
28M_rtn_b4_g64,public_prompt_36,41,0.09673117101192474,1.4859076738357544,1.3811752796173096,0.10473240911960602,0.09756097197532654
28M_rtn_b4_g64,public_prompt_37,38,0.11228325217962265,2.0711216926574707,1.9372752904891968,0.13384635746479034,0.07894736528396606
28M_rtn_b4_g64,public_prompt_38,38,0.10354140400886536,1.4760605096817017,1.430587649345398,0.04547283053398132,0.1315789520740509
28M_rtn_b4_g64,public_prompt_39,109,0.08743812888860703,1.4440494775772095,1.3201929330825806,0.1238565742969513,0.12844036519527435
28M_rtn_b4_g64,public_prompt_40,102,0.05834709852933884,1.0744019746780396,1.0010985136032104,0.07330340147018433,0.05882352963089943
28M_rtn_b4_g64,public_prompt_41,58,0.07560573518276215,1.2947473526000977,1.2272225618362427,0.067524753510952,0.13793103396892548
28M_rtn_b4_g64,public_prompt_42,73,0.08204371482133865,1.782153844833374,1.6034846305847168,0.17866897583007812,0.13698630034923553
28M_rtn_b4_g64,public_prompt_43,61,0.0870940312743187,1.2736716270446777,1.3105212450027466,-0.03684968501329422,0.13114753365516663
28M_act_b4_g128,public_prompt_00,63,0.0622682049870491,2.4624698162078857,2.413591146469116,0.048878658562898636,0.0793650820851326
28M_act_b4_g128,public_prompt_01,42,0.061633069068193436,1.980629563331604,1.860412359237671,0.12021704018115997,0.1190476194024086
28M_act_b4_g128,public_prompt_02,80,0.062096815556287766,2.0463473796844482,2.0264322757720947,0.019915279000997543,0.125
28M_act_b4_g128,public_prompt_03,78,0.07752430438995361,2.2740142345428467,2.2190849781036377,0.05492937192320824,0.14102564752101898
28M_act_b4_g128,public_prompt_04,35,0.09701788425445557,2.950535297393799,2.8325865268707275,0.11794895678758621,0.1428571492433548
28M_act_b4_g128,public_prompt_05,49,0.0920301154255867,1.9635095596313477,1.9234999418258667,0.04000958055257797,0.2448979616165161
28M_act_b4_g128,public_prompt_06,31,0.12242891639471054,2.7437515258789062,2.587470054626465,0.1562817543745041,0.12903225421905518
28M_act_b4_g128,public_prompt_07,25,0.11407297849655151,2.6108226776123047,2.5187206268310547,0.09210216253995895,0.2800000011920929
28M_act_b4_g128,public_prompt_08,43,0.0554036870598793,1.903976559638977,1.7837692499160767,0.12020747363567352,0.1627907007932663
28M_act_b4_g128,public_prompt_09,26,0.07506971061229706,2.3533995151519775,2.48511004447937,-0.1317104697227478,0.11538461595773697
28M_act_b4_g128,public_prompt_10,33,0.0626724436879158,1.2724109888076782,1.2683120965957642,0.004098773002624512,0.1818181872367859
28M_act_b4_g128,public_prompt_11,45,0.132357656955719,2.594296932220459,2.469459295272827,0.12483777850866318,0.24444444477558136
28M_act_b4_g128,public_prompt_12,30,0.1112353727221489,3.4298439025878906,3.167114496231079,0.26272955536842346,0.13333334028720856
28M_act_b4_g128,public_prompt_13,30,0.06392782181501389,2.0206267833709717,1.9159024953842163,0.10472456365823746,0.10000000149011612
28M_act_b4_g128,public_prompt_14,48,0.06191482022404671,1.8293019533157349,1.7205514907836914,0.10875023156404495,0.0833333358168602
28M_act_b4_g128,public_prompt_15,70,0.09388913214206696,1.4699864387512207,1.3828270435333252,0.08715943992137909,0.08571428805589676
28M_act_b4_g128,public_prompt_16,58,0.06147067993879318,2.1745567321777344,2.1713435649871826,0.0032130994368344545,0.06896551698446274
28M_act_b4_g128,public_prompt_17,47,0.08527027070522308,1.9382383823394775,1.8519636392593384,0.08627472817897797,0.1489361673593521
28M_act_b4_g128,public_prompt_18,48,0.05448419973254204,1.8518205881118774,1.6671637296676636,0.1846570372581482,0.0625
28M_act_b4_g128,public_prompt_19,75,0.07271356880664825,1.6990184783935547,1.7211352586746216,-0.02211681753396988,0.1599999964237213
28M_act_b4_g128,public_prompt_20,77,0.09173024445772171,2.4748549461364746,2.30363130569458,0.17122381925582886,0.22077922523021698
28M_act_b4_g128,public_prompt_21,63,0.07286398857831955,1.8415510654449463,1.7370163202285767,0.10453469306230545,0.1111111119389534
28M_act_b4_g128,public_prompt_22,83,0.051529183983802795,1.0987178087234497,1.057115077972412,0.04160265251994133,0.048192769289016724
28M_act_b4_g128,public_prompt_23,72,0.06598804146051407,1.3927083015441895,1.3680490255355835,0.02465914748609066,0.0833333358168602
28M_act_b4_g128,public_prompt_24,79,0.05414942279458046,1.1932584047317505,1.1321942806243896,0.0610639825463295,0.1139240488409996
28M_act_b4_g128,public_prompt_25,99,0.05792878195643425,1.3159931898117065,1.280475378036499,0.035517942160367966,0.09090909361839294
28M_act_b4_g128,public_prompt_26,118,0.07216129451990128,1.5511270761489868,1.4552134275436401,0.09591363370418549,0.1525423675775528
28M_act_b4_g128,public_prompt_27,59,0.04691363498568535,1.109275221824646,1.0514684915542603,0.05780669301748276,0.050847455859184265
28M_act_b4_g128,public_prompt_28,81,0.055667124688625336,1.4262657165527344,1.3401585817337036,0.08610710501670837,0.1111111119389534
28M_act_b4_g128,public_prompt_29,105,0.07039083540439606,1.4725062847137451,1.4791494607925415,-0.006643362808972597,0.15238095819950104
28M_act_b4_g128,public_prompt_30,38,0.06473416090011597,2.260392904281616,2.215730905532837,0.04466189071536064,0.1315789520740509
28M_act_b4_g128,public_prompt_31,34,0.06054116040468216,1.7002778053283691,1.575264573097229,0.12501318752765656,0.14705882966518402
28M_act_b4_g128,public_prompt_32,44,0.05286594480276108,1.5030829906463623,1.4582417011260986,0.04484120011329651,0.06818182021379471
28M_act_b4_g128,public_prompt_33,74,0.10784813016653061,1.7024575471878052,1.6313740015029907,0.07108382880687714,0.13513512909412384
28M_act_b4_g128,public_prompt_34,92,0.05951142683625221,1.2828315496444702,1.2494921684265137,0.033339470624923706,0.1304347813129425
28M_act_b4_g128,public_prompt_35,88,0.06021372973918915,1.2849507331848145,1.22794771194458,0.0570032112300396,0.09090909361839294
28M_act_b4_g128,public_prompt_36,41,0.06352818757295609,1.3824571371078491,1.3811752796173096,0.0012818633113056421,0.024390242993831635
28M_act_b4_g128,public_prompt_37,38,0.11395452916622162,2.087761163711548,1.9372752904891968,0.15048573911190033,0.18421052396297455
28M_act_b4_g128,public_prompt_38,38,0.05715971067547798,1.4316474199295044,1.430587649345398,0.0010597000364214182,0.10526315867900848
28M_act_b4_g128,public_prompt_39,109,0.05429048091173172,1.422248125076294,1.3201929330825806,0.10205505788326263,0.11009174585342407
28M_act_b4_g128,public_prompt_40,102,0.04311829432845116,1.0137158632278442,1.0010985136032104,0.012617227621376514,0.10784313827753067
28M_act_b4_g128,public_prompt_41,58,0.054115962237119675,1.3056988716125488,1.2272225618362427,0.07847648113965988,0.13793103396892548
28M_act_b4_g128,public_prompt_42,73,0.06435742229223251,1.649817705154419,1.6034846305847168,0.04633297771215439,0.10958904027938843
28M_act_b4_g128,public_prompt_43,61,0.0457489937543869,1.3134099245071411,1.3105212450027466,0.002888757735490799,0.1147540956735611
28M_act_b4_g64,public_prompt_00,63,0.06415603309869766,2.437136650085449,2.413591146469116,0.023545632138848305,0.1111111119389534
28M_act_b4_g64,public_prompt_01,42,0.053056977689266205,1.9202581644058228,1.860412359237671,0.05984567478299141,0.1428571492433548
28M_act_b4_g64,public_prompt_02,80,0.06331552565097809,2.105860948562622,2.0264322757720947,0.07942849397659302,0.11249999701976776
28M_act_b4_g64,public_prompt_03,78,0.059237491339445114,2.2325258255004883,2.2190849781036377,0.013440926559269428,0.1538461595773697
28M_act_b4_g64,public_prompt_04,35,0.08367116749286652,2.9719107151031494,2.8325865268707275,0.13932426273822784,0.17142857611179352
28M_act_b4_g64,public_prompt_05,49,0.07524047791957855,1.990501880645752,1.9234999418258667,0.06700193881988525,0.12244898080825806
28M_act_b4_g64,public_prompt_06,31,0.08648162335157394,2.6463615894317627,2.587470054626465,0.05889180302619934,0.16129031777381897
28M_act_b4_g64,public_prompt_07,25,0.0458296500146389,2.5052874088287354,2.5187206268310547,-0.013433463871479034,0.11999999731779099
28M_act_b4_g64,public_prompt_08,43,0.06568152457475662,1.8989356756210327,1.7837692499160767,0.1151665523648262,0.20930232107639313
28M_act_b4_g64,public_prompt_09,26,0.07139074057340622,2.4335484504699707,2.48511004447937,-0.05156148225069046,0.1538461595773697
28M_act_b4_g64,public_prompt_10,33,0.040178269147872925,1.2628785371780396,1.2683120965957642,-0.005433532875031233,0.09090909361839294
28M_act_b4_g64,public_prompt_11,45,0.06407816708087921,2.4754981994628906,2.469459295272827,0.006038786377757788,0.1111111119389534
28M_act_b4_g64,public_prompt_12,30,0.06346030533313751,3.2566614151000977,3.167114496231079,0.08954682946205139,0.20000000298023224
28M_act_b4_g64,public_prompt_13,30,0.062172189354896545,2.0127437114715576,1.9159024953842163,0.0968414768576622,0.10000000149011612
28M_act_b4_g64,public_prompt_14,48,0.05212108790874481,1.6674455404281616,1.7205514907836914,-0.05310608074069023,0.02083333395421505
28M_act_b4_g64,public_prompt_15,70,0.043132882565259933,1.4587692022323608,1.3828270435333252,0.07594211399555206,0.05714285746216774
28M_act_b4_g64,public_prompt_16,58,0.048276983201503754,2.1733813285827637,2.1713435649871826,0.002037514466792345,0.08620689809322357
28M_act_b4_g64,public_prompt_17,47,0.057340506464242935,1.9230421781539917,1.8519636392593384,0.0710785910487175,0.08510638028383255
28M_act_b4_g64,public_prompt_18,48,0.04587710276246071,1.6979190111160278,1.6671637296676636,0.03075534850358963,0.125
28M_act_b4_g64,public_prompt_19,75,0.055141374468803406,1.684564471244812,1.7211352586746216,-0.03657063469290733,0.07999999821186066
28M_act_b4_g64,public_prompt_20,77,0.06399141252040863,2.312181234359741,2.30363130569458,0.008550024591386318,0.11688311398029327
28M_act_b4_g64,public_prompt_21,63,0.06084825471043587,1.786784052848816,1.7370163202285767,0.04976764693856239,0.0476190485060215
28M_act_b4_g64,public_prompt_22,83,0.04066475108265877,1.084840178489685,1.057115077972412,0.0277249813079834,0.07228915393352509
28M_act_b4_g64,public_prompt_23,72,0.049381375312805176,1.382586121559143,1.3680490255355835,0.014536955393850803,0.125
28M_act_b4_g64,public_prompt_24,79,0.04246347025036812,1.1814191341400146,1.1321942806243896,0.04922480508685112,0.050632912665605545
28M_act_b4_g64,public_prompt_25,99,0.04777200147509575,1.317790150642395,1.280475378036499,0.03731504827737808,0.10101009905338287
28M_act_b4_g64,public_prompt_26,118,0.057849518954753876,1.5603033304214478,1.4552134275436401,0.10509014874696732,0.17796610295772552
28M_act_b4_g64,public_prompt_27,59,0.03498566895723343,1.0482851266860962,1.0514684915542603,-0.0031833206303417683,0.050847455859184265
28M_act_b4_g64,public_prompt_28,81,0.03644707053899765,1.40371835231781,1.3401585817337036,0.06355967372655869,0.1111111119389534
28M_act_b4_g64,public_prompt_29,105,0.06474843621253967,1.457417607307434,1.4791494607925415,-0.021731959655880928,0.12380952388048172
28M_act_b4_g64,public_prompt_30,38,0.06654573231935501,2.2321062088012695,2.215730905532837,0.01637553609907627,0.2631579041481018
28M_act_b4_g64,public_prompt_31,34,0.047913044691085815,1.6307531595230103,1.575264573097229,0.05548863485455513,0.0882352963089943
28M_act_b4_g64,public_prompt_32,44,0.06078389659523964,1.4156076908111572,1.4582417011260986,-0.042634017765522,0.09090909361839294
28M_act_b4_g64,public_prompt_33,74,0.08690488338470459,1.6893635988235474,1.6313740015029907,0.05798998475074768,0.14864864945411682
28M_act_b4_g64,public_prompt_34,92,0.05677872151136398,1.2012088298797607,1.2494921684265137,-0.04828336089849472,0.10869564861059189
28M_act_b4_g64,public_prompt_35,88,0.047421809285879135,1.3237751722335815,1.22794771194458,0.0958273708820343,0.125
28M_act_b4_g64,public_prompt_36,41,0.06137854978442192,1.460693120956421,1.3811752796173096,0.07951798290014267,0.04878048598766327
28M_act_b4_g64,public_prompt_37,38,0.08791489899158478,2.142735004425049,1.9372752904891968,0.2054596245288849,0.1315789520740509
28M_act_b4_g64,public_prompt_38,38,0.048593055456876755,1.4900009632110596,1.430587649345398,0.059413351118564606,0.07894736528396606
28M_act_b4_g64,public_prompt_39,109,0.05169361084699631,1.4446187019348145,1.3201929330825806,0.12442575395107269,0.12844036519527435
28M_act_b4_g64,public_prompt_40,102,0.033851537853479385,1.0200514793395996,1.0010985136032104,0.01895288936793804,0.11764705926179886
28M_act_b4_g64,public_prompt_41,58,0.050627611577510834,1.3160300254821777,1.2272225618362427,0.08880753070116043,0.06896551698446274
28M_act_b4_g64,public_prompt_42,73,0.054898668080568314,1.6569660902023315,1.6034846305847168,0.05348129943013191,0.09589041024446487
28M_act_b4_g64,public_prompt_43,61,0.04407988488674164,1.2920464277267456,1.3105212450027466,-0.018474863842129707,0.09836065769195557
