seed,condition,method,rank,sigma,k_members,train_updates,train_wall_s,inference_wall_s,examples_per_s,mac_proxy_per_example,weight_reconstruction_ops_per_member,serialized_payload_bytes,nll,accuracy,ece10,brier,pairwise_disagreement,payload_key
7211,clean,swa_mean,0,0,1,720,1.0393620089998876,0.0005529320005734917,520859.70734428696,17024,0,70158,0.09608182311058044,0.9722222089767456,0.014742913770721552,0.04331175610423088,,seed7211_swa_mean
7211,clean,independent_ensemble,0,0,8,5760,2.7120651059995,0.0036286809990997426,79367.68210582616,136192,0,554112,0.08459335565567017,0.96875,0.019509416057944547,0.04000554978847504,0.02120535634458065,seed7211_independent_K8
7211,clean,swag_gaussian,4,0,8,720,1.0393620089998876,0.005492644999321783,52433.75460011733,136192,86130,415888,0.09614130109548569,0.9722222089767456,0.014774820571888343,0.04332210123538971,0.0014880952658131719,seed7211_swag_gaussian_r4_clean
7211,clean,mirror_rademacher,4,0,8,720,1.0393620089998876,0.005553117000090424,51862.76464106741,136192,86130,415920,0.09625641256570816,0.9722222089767456,0.018883672148869345,0.043328940868377686,0.0019841270986944437,seed7211_mirror_rademacher_r4_clean
7211,clean,gaussian_lowrank_only,4,0,8,720,1.0393620089998876,0.0052364699986355845,54998.88284952293,136192,68904,346740,0.09611538797616959,0.9722222089767456,0.014758797063390582,0.043318189680576324,0.0018601191695779562,seed7211_gaussian_lowrank_only_r4_clean
7211,clean,swag_gaussian,8,0,8,720,1.0393620089998876,0.0050237399991601706,57327.80757924287,136192,155034,691536,0.09607503563165665,0.9722222089767456,0.014743331521086915,0.04332265630364418,0.0014880952658131719,seed7211_swag_gaussian_r8_clean
7211,clean,mirror_rademacher,8,0,8,720,1.0393620089998876,0.005047677001130069,57055.94869392848,136192,155034,691568,0.0963144600391388,0.9722222089767456,0.01884347005841016,0.043422892689704895,0.0018601191695779562,seed7211_mirror_rademacher_r8_clean
7211,clean,gaussian_lowrank_only,8,0,8,720,1.0393620089998876,0.00494464099756442,58244.87564251076,136192,137808,622452,0.096029132604599,0.9722222089767456,0.014750990925066036,0.04331023618578911,0.0018601191695779562,seed7211_gaussian_lowrank_only_r8_clean
7211,clean,swag_gaussian,16,0,8,720,1.0393620089998876,0.005445794999104692,52884.840514075215,136192,292842,1242904,0.09609964489936829,0.9722222089767456,0.014738370572566037,0.04332631453871727,0.001860119285993278,seed7211_swag_gaussian_r16_clean
7211,clean,mirror_rademacher,16,0,8,720,1.0393620089998876,0.0054388249991461635,52952.61385413446,136192,292842,1242872,0.09618929773569107,0.9722222089767456,0.01465604362186377,0.043358877301216125,0.0019841270986944437,seed7211_mirror_rademacher_r16_clean
7211,clean,gaussian_lowrank_only,16,0,8,720,1.0393620089998876,0.005124962000991218,56195.538609710275,136192,275616,1173691,0.09605586528778076,0.9722222089767456,0.014751328787914159,0.04330256208777428,0.0014880952658131719,seed7211_gaussian_lowrank_only_r16_clean
7211,clean,rank1_factor,1,0.0,8,720,1.0393620089998876,0.0025646600006439257,112295.58691120459,136192,17226,70474,0.09608182311058044,0.9722222089767456,0.014742912321997537,0.04331175610423088,0.0,seed7211_rank1_sigma0.0_clean
7211,clean,rank1_factor,1,0.025,8,720,1.0393620089998876,0.0023668519970669877,121680.61220426572,136192,17226,70612,0.09653647243976593,0.9722222089767456,0.01800550824957877,0.04412880167365074,0.01016865111887455,seed7211_rank1_sigma0.025_clean
7211,clean,rank1_factor,1,0.05,8,720,1.0393620089998876,0.002371900001890026,121421.64499789618,136192,17226,70479,0.09738597273826599,0.9722222089767456,0.014371317045313255,0.04346591979265213,0.02418154664337635,seed7211_rank1_sigma0.05_clean
7211,clean,rank1_factor,1,0.1,8,720,1.0393620089998876,0.0023254900006577373,123844.8670682491,136192,17226,70474,0.11326605826616287,0.9652777910232544,0.027118414964885214,0.049520134925842285,0.0394345223903656,seed7211_rank1_sigma0.1_clean
7211,corrupt_sigma0.25,swa_mean,0,0,1,720,1.0393620089998876,0.0005643990007229149,510277.3031687032,17024,0,70158,0.40255963802337646,0.8819444179534912,0.06382552669002794,0.18225203454494476,,seed7211_swa_mean
7211,corrupt_sigma0.25,independent_ensemble,0,0,8,5760,2.7120651059995,0.003698676999192685,77865.68009665677,136192,0,554112,0.36360251903533936,0.8923611044883728,0.05532240525210455,0.16365967690944672,0.0545634962618351,seed7211_independent_K8
7211,corrupt_sigma0.25,swag_gaussian,4,0,8,720,1.0393620089998876,0.0047338740005216096,60838.121160019524,136192,86130,416112,0.4022616744041443,0.8819444179534912,0.0610829427243737,0.18212084472179413,0.00235615111887455,seed7211_swag_gaussian_r4_corrupt_sigma0.25
7211,corrupt_sigma0.25,mirror_rademacher,4,0,8,720,1.0393620089998876,0.0056913150001491886,50603.41941931707,136192,86130,416080,0.4027920663356781,0.8854166865348816,0.05754967106459348,0.182280033826828,0.00434027798473835,seed7211_mirror_rademacher_r4_corrupt_sigma0.25
7211,corrupt_sigma0.25,gaussian_lowrank_only,4,0,8,720,1.0393620089998876,0.005197731999942334,55408.78213867032,136192,68904,346952,0.40244928002357483,0.8819444179534912,0.06106032038104207,0.18216368556022644,0.00235615111887455,seed7211_gaussian_lowrank_only_r4_corrupt_sigma0.25
7211,corrupt_sigma0.25,swag_gaussian,8,0,8,720,1.0393620089998876,0.004981497000699164,57813.946281525125,136192,155034,691760,0.4019228219985962,0.8819444179534912,0.06373110641637056,0.18187998235225677,0.002356150886043906,seed7211_swag_gaussian_r8_corrupt_sigma0.25
7211,corrupt_sigma0.25,mirror_rademacher,8,0,8,720,1.0393620089998876,0.005079053000372369,56703.48389333315,136192,155034,691728,0.4036412537097931,0.8854166865348816,0.060536747178663614,0.18278726935386658,0.00434027798473835,seed7211_mirror_rademacher_r8_corrupt_sigma0.25
7211,corrupt_sigma0.25,gaussian_lowrank_only,8,0,8,720,1.0393620089998876,0.005219373997533694,55179.031074624734,136192,137808,622600,0.40199464559555054,0.8819444179534912,0.06372587083131873,0.18189340829849243,0.002356150886043906,seed7211_gaussian_lowrank_only_r8_corrupt_sigma0.25
7211,corrupt_sigma0.25,swag_gaussian,16,0,8,720,1.0393620089998876,0.00505073100066511,57021.448966906864,136192,292842,1243000,0.40319597721099854,0.8854166865348816,0.06019227041527507,0.18254905939102173,0.0027281749062240124,seed7211_swag_gaussian_r16_corrupt_sigma0.25
7211,corrupt_sigma0.25,mirror_rademacher,16,0,8,720,1.0393620089998876,0.005246705000899965,54891.59385759243,136192,292842,1242968,0.40240171551704407,0.8854166865348816,0.05742945936025067,0.18209987878799438,0.0019841270986944437,seed7211_mirror_rademacher_r16_corrupt_sigma0.25
7211,corrupt_sigma0.25,gaussian_lowrank_only,16,0,8,720,1.0393620089998876,0.005062429001554847,56889.68673171422,136192,275616,1173839,0.4031795561313629,0.8854166865348816,0.06019986721394722,0.18256574869155884,0.0014880952658131719,seed7211_gaussian_lowrank_only_r16_corrupt_sigma0.25
7211,corrupt_sigma0.25,rank1_factor,1,0.0,8,720,1.0393620089998876,0.0024884049998945557,115736.78722402656,136192,17226,70662,0.40255963802337646,0.8819444179534912,0.06382552741438996,0.18225203454494476,0.0,seed7211_rank1_sigma0.0_corrupt_sigma0.25
7211,corrupt_sigma0.25,rank1_factor,1,0.025,8,720,1.0393620089998876,0.002314061999641126,124456.4752563519,136192,17226,70672,0.39434489607810974,0.875,0.04773444221166212,0.1817675083875656,0.02963789738714695,seed7211_rank1_sigma0.025_corrupt_sigma0.25
7211,corrupt_sigma0.25,rank1_factor,1,0.05,8,720,1.0393620089998876,0.0023537720007880125,122356.79577443411,136192,17226,70667,0.3971683979034424,0.8645833134651184,0.04943650366335975,0.1857670098543167,0.075148805975914,seed7211_rank1_sigma0.05_corrupt_sigma0.25
7211,corrupt_sigma0.25,rank1_factor,1,0.1,8,720,1.0393620089998876,0.0023141420024330728,124452.17263988071,136192,17226,70662,0.37226733565330505,0.8888888955116272,0.03327180994779244,0.17956118285655975,0.1083829402923584,seed7211_rank1_sigma0.1_corrupt_sigma0.25
7212,clean,swa_mean,0,0,1,720,0.3439740229987365,0.0005425259987532627,530850.1355913462,17024,0,70158,0.09771831333637238,0.9583333134651184,0.02034598480278277,0.045943230390548706,,seed7212_swa_mean
7212,clean,independent_ensemble,0,0,8,5760,2.720845860992995,0.003642851999757113,79058.93514729734,136192,0,554112,0.09157481789588928,0.96875,0.015826264523878766,0.04187415540218353,0.013764881528913975,seed7212_independent_K8
7212,clean,swag_gaussian,4,0,8,720,0.3439740229987365,0.004674415002227761,61611.98778087594,136192,86130,415888,0.09778478741645813,0.9583333134651184,0.020352704191791735,0.04596937820315361,0.0,seed7212_swag_gaussian_r4_clean
7212,clean,mirror_rademacher,4,0,8,720,0.3439740229987365,0.004913384000246879,58615.40640534693,136192,86130,415920,0.09775099158287048,0.9583333134651184,0.02037761852000189,0.045969218015670776,0.0,seed7212_mirror_rademacher_r4_clean
7212,clean,gaussian_lowrank_only,4,0,8,720,0.3439740229987365,0.004843097998673329,59466.06904896244,136192,68904,346740,0.09780243039131165,0.9583333134651184,0.020356454938516275,0.04598646238446236,0.0,seed7212_gaussian_lowrank_only_r4_clean
7212,clean,swag_gaussian,8,0,8,720,0.3439740229987365,0.00475934299902292,60512.553951065434,136192,155034,691536,0.0978035107254982,0.9583333134651184,0.02036065333949233,0.04600372910499573,0.0,seed7212_swag_gaussian_r8_clean
7212,clean,mirror_rademacher,8,0,8,720,0.3439740229987365,0.004984760998922866,57776.089979485994,136192,155034,691568,0.09772392362356186,0.9583333134651184,0.020323473821329527,0.04594481363892555,0.0,seed7212_mirror_rademacher_r8_clean
7212,clean,gaussian_lowrank_only,8,0,8,720,0.3439740229987365,0.004900225001620129,58772.81143310368,136192,137808,622452,0.09776028990745544,0.9583333134651184,0.020367654195438206,0.04597989469766617,0.0,seed7212_gaussian_lowrank_only_r8_clean
7212,clean,swag_gaussian,16,0,8,720,0.3439740229987365,0.004903348999505397,58735.36638510755,136192,292842,1242904,0.09761318564414978,0.9583333134651184,0.02034233919336398,0.04589645937085152,0.0,seed7212_swag_gaussian_r16_clean
7212,clean,mirror_rademacher,16,0,8,720,0.3439740229987365,0.00508632499986561,56622.414023407764,136192,292842,1242872,0.09763750433921814,0.9583333134651184,0.020321344283682125,0.04593620449304581,0.0008680555620230734,seed7212_mirror_rademacher_r16_clean
7212,clean,gaussian_lowrank_only,16,0,8,720,0.3439740229987365,0.004936437999276677,58341.66255956215,136192,275616,1173691,0.09767130017280579,0.9583333134651184,0.020351434696561643,0.04591745510697365,0.0,seed7212_gaussian_lowrank_only_r16_clean
7212,clean,rank1_factor,1,0.0,8,720,0.3439740229987365,0.0024796010002319235,116147.71891649609,136192,17226,70474,0.09771831333637238,0.9583333134651184,0.02034598480278277,0.045943230390548706,0.0,seed7212_rank1_sigma0.0_clean
7212,clean,rank1_factor,1,0.025,8,720,0.3439740229987365,0.002372060000197962,121413.45496149539,136192,17226,70612,0.09928395599126816,0.9618055820465088,0.018143579305563623,0.04553501307964325,0.01599702425301075,seed7212_rank1_sigma0.025_clean
7212,clean,rank1_factor,1,0.05,8,720,0.3439740229987365,0.0023364560001937207,123263.60949066504,136192,17226,70479,0.09458757936954498,0.9618055820465088,0.020096837177930482,0.04392073303461075,0.0243055559694767,seed7212_rank1_sigma0.05_clean
7212,clean,rank1_factor,1,0.1,8,720,0.3439740229987365,0.0023390509995806497,123126.85788024002,136192,17226,70474,0.11908029019832611,0.9618055820465088,0.017460736462383317,0.057083964347839355,0.0393105186522007,seed7212_rank1_sigma0.1_clean
7212,corrupt_sigma0.25,swa_mean,0,0,1,720,0.3439740229987365,0.0005599929972959217,514292.1454209004,17024,0,70158,0.39378249645233154,0.8923611044883728,0.039772082567201994,0.15774773061275482,,seed7212_swa_mean
7212,corrupt_sigma0.25,independent_ensemble,0,0,8,5760,2.720845860992995,0.0036306340007286053,79324.98840208167,136192,0,554112,0.3444547653198242,0.8888888955116272,0.03474504483088762,0.14814721047878265,0.066716268658638,seed7212_independent_K8
7212,corrupt_sigma0.25,swag_gaussian,4,0,8,720,0.3439740229987365,0.005041446998802712,57126.45596956525,136192,86130,416112,0.3939392566680908,0.8923611044883728,0.04045635419744642,0.1577633023262024,0.0,seed7212_swag_gaussian_r4_corrupt_sigma0.25
7212,corrupt_sigma0.25,mirror_rademacher,4,0,8,720,0.3439740229987365,0.005221176998020383,55159.97640171855,136192,86130,416080,0.39391160011291504,0.8923611044883728,0.03834544839429832,0.15775148570537567,0.0014880952658131719,seed7212_mirror_rademacher_r4_corrupt_sigma0.25
7212,corrupt_sigma0.25,gaussian_lowrank_only,4,0,8,720,0.3439740229987365,0.004859583001234569,59264.344271274735,136192,68904,346952,0.3936796188354492,0.8923611044883728,0.03833918286855986,0.15766161680221558,0.0008680555620230734,seed7212_gaussian_lowrank_only_r4_corrupt_sigma0.25
7212,corrupt_sigma0.25,swag_gaussian,8,0,8,720,0.3439740229987365,0.0049530840005900245,58145.59170926491,136192,155034,691760,0.3934425711631775,0.8923611044883728,0.039709931894756134,0.15768851339817047,0.0,seed7212_swag_gaussian_r8_corrupt_sigma0.25
7212,corrupt_sigma0.25,mirror_rademacher,8,0,8,720,0.3439740229987365,0.005276010000670794,54586.70471879006,136192,155034,691728,0.3937161862850189,0.8923611044883728,0.03829698588592667,0.1577042043209076,0.0017361111240461469,seed7212_mirror_rademacher_r8_corrupt_sigma0.25
7212,corrupt_sigma0.25,gaussian_lowrank_only,8,0,8,720,0.3439740229987365,0.004921716998069314,58516.164198993225,136192,137808,622600,0.3937285542488098,0.8923611044883728,0.04184017533207951,0.15784068405628204,0.0,seed7212_gaussian_lowrank_only_r8_corrupt_sigma0.25
7212,corrupt_sigma0.25,swag_gaussian,16,0,8,720,0.3439740229987365,0.004918071001156932,58559.5449785598,136192,292842,1243000,0.3941277861595154,0.8923611044883728,0.037041915415869986,0.1576206535100937,0.0014880953822284937,seed7212_swag_gaussian_r16_corrupt_sigma0.25
7212,corrupt_sigma0.25,mirror_rademacher,16,0,8,720,0.3439740229987365,0.005114777002745541,56307.44015729437,136192,292842,1242968,0.39412635564804077,0.8923611044883728,0.040576817255203346,0.15780851244926453,0.0014880952658131719,seed7212_mirror_rademacher_r16_corrupt_sigma0.25
7212,corrupt_sigma0.25,gaussian_lowrank_only,16,0,8,720,0.3439740229987365,0.00526465199800441,54704.470515651876,136192,275616,1173839,0.39423868060112,0.8923611044883728,0.03706234977081213,0.15765264630317688,0.0017361112404614687,seed7212_gaussian_lowrank_only_r16_corrupt_sigma0.25
7212,corrupt_sigma0.25,rank1_factor,1,0.0,8,720,0.3439740229987365,0.0024867320025805384,115814.6513983557,136192,17226,70662,0.39378249645233154,0.8923611044883728,0.039772082567201994,0.15774773061275482,0.0,seed7212_rank1_sigma0.0_corrupt_sigma0.25
7212,corrupt_sigma0.25,rank1_factor,1,0.025,8,720,0.3439740229987365,0.002428334999422077,118599.7813598789,136192,17226,70672,0.39041686058044434,0.8854166865348816,0.040600781409786374,0.15931539237499237,0.0272817462682724,seed7212_rank1_sigma0.025_corrupt_sigma0.25
7212,corrupt_sigma0.25,rank1_factor,1,0.05,8,720,0.3439740229987365,0.0023286439973162487,123677.12726029339,136192,17226,70667,0.37385648488998413,0.8923611044883728,0.04043956782669533,0.15774184465408325,0.0559275783598423,seed7212_rank1_sigma0.05_corrupt_sigma0.25
7212,corrupt_sigma0.25,rank1_factor,1,0.1,8,720,0.3439740229987365,0.002313943001354346,124462.87563325207,136192,17226,70662,0.4336915910243988,0.8715277910232544,0.03387454363313693,0.1872500479221344,0.1040426567196846,seed7212_rank1_sigma0.1_corrupt_sigma0.25
