id,status,source_branch,source_head,source_time_unix,report_path,verification_path,alternative_statuses
MA-255,FAIL,research/ma-255-context-superposition-20261008,581175e6085f50705bf4908693190ae6c71fecda,1791476768,experiments/mirror_applications/ma-255-context-superposition/README.md,experiments/mirror_applications/ma-255-context-superposition/VERIFICATION.json,FAIL;PROMISING
MA-257,PROMISING,research/ma-257-compositional-context-20261008,cd53469c2a810df886e96bbc935bbce66cb6f2d5,1791476804,experiments/mirror_applications/ma-257-compositional-context/README.md,experiments/mirror_applications/ma-257-compositional-context/VERIFICATION.json,FAIL;PROMISING
MA-258,PROMISING,research/ma-258-flat-orbit-rerun-20261008,ba345ff205d650732157baf00c509e58a69f4986,1791475875,experiments/mirror_applications/ma-258-psp-mirror-expert-bank/README.md,experiments/mirror_applications/ma-258-psp-mirror-expert-bank/VERIFICATION.json,PROMISING
MA-260,FAIL,research/ma-260-batchensemble-mirror-ensemble-20261008,cdfc5ab5f42fea02036f32281ea68ccb164a4212,1791476410,experiments/mirror_applications/ma-260-batchensemble-mirror/README.md,experiments/mirror_applications/ma-260-batchensemble-mirror-ensemble/VERIFICATION.json,FAIL
MA-261,FAIL,research/ma-261-batchensemble-experts-reconciled-20261008,b2b03bc2271b6a930c059e4be493c0507623ce36,1791432948,experiments/mirror_applications/ma-261-batchensemble-logical-experts/README.md,experiments/mirror_applications/ma-261-batchensemble-logical-experts/VERIFICATION.json,FAIL;PROMISING
MA-265,FAIL,research/ma-265-vera-mirror-reconciled-20261008,c1e1976a6cb92d31e194a936d408df03b4e22658,1791433039,experiments/mirror_applications/ma-265-vera-mirror-scaling/README.md,experiments/mirror_applications/ma-265-vera-mirror-scaling/VERIFICATION.json,FAIL
MA-266,FAIL,research/ma-266-composed-vera-mirror-views-20261008,574f074877ae7939d678404d37329f526ad9b92f,1791446744,experiments/mirror_applications/ma-266-composed-vera-mirror-views/README.md,experiments/mirror_applications/ma-266-composed-vera-mirror-views/VERIFICATION.json,FAIL
MA-268,PROMISING,research/ma-268-ia3-reconciled-20261008,f14c6617b2c1412d7679ea6dcaea330100da3dc8,1791433191,experiments/mirror_applications/ma-268-ia3-mirror-views/README.md,experiments/mirror_applications/ma-268-ia3-mirror-views/VERIFICATION.json,PROMISING
MA-271,FAIL,research/ma-271-oft-reconciled-20261008,096589b01be46be0b8a0557cb701fd703c73609b,1791433330,experiments/mirror_applications/ma-271-oft-mirror-views/README.md,experiments/mirror_applications/ma-271-oft-mirror-views/VERIFICATION.json,FAIL;PROMISING
MA-272,FAIL,research/ma-272-oftv2-reconciled-20261008,7274a933619a209120944d7fefaa29178b35d3b4,1791433428,experiments/mirror_applications/ma-272-oftv2-mirror-views/README.md,experiments/mirror_applications/ma-272-oftv2-mirror-views/VERIFICATION.json,FAIL;PROMISING
MA-273,FAIL,research/ma-273-boft-reconciled-20261008,a70cd0a73c2205d8041bb849bb86cc19c4667402,1791433610,experiments/mirror_applications/ma-273-boft-mirror-bank/README.md,experiments/mirror_applications/ma-273-boft-mirror-bank/VERIFICATION.json,FAIL
MA-274,FAIL,research/ma-274-boft-experts-reconciled-20261008,39b423f8accf82a6772e51189fc647d193116bdf,1791433675,experiments/mirror_applications/ma-274-boft-logical-experts/README.md,experiments/mirror_applications/ma-274-boft-logical-experts/VERIFICATION.json,FAIL
MA-276,PROMISING,research/ma-276-boft-depth-reconciled-20261008,8165b0fb4b5c5edd15ab05b13a441663dc9ce0a5,1791433722,experiments/mirror_applications/ma-276-boft-depth-view/README.md,experiments/mirror_applications/ma-276-boft-depth-view/VERIFICATION.json,PROMISING
MA-278,FAIL,research/ma-278-compacter-reconciled-20261008,4e44ef0f75e870b1f773f4868c5bfe1653362175,1791433787,experiments/mirror_applications/ma-278-compacter-mirror-adapters/README.md,experiments/mirror_applications/ma-278-compacter-mirror-adapters/VERIFICATION.json,FAIL
MA-282,PROMISING,research/ma-282-monarch-reconciled-20261008,43beada0ba304ee82d9fe940ee4ac4f48a0c6a1b,1791433837,experiments/mirror_applications/ma-282-monarch-mirror-ffn/README.md,experiments/mirror_applications/ma-282-monarch-mirror-ffn/VERIFICATION.json,PROMISING
MA-286,FAIL,research/ma-286-cheap-lora-reconciled-20261008,d262649bdc01de16d7a355ade265cca923b919ae,1791433891,experiments/mirror_applications/ma-286-cheap-lora-mirror-columns/README.md,experiments/mirror_applications/ma-286-cheap-lora-mirror-columns/VERIFICATION.json,FAIL
MA-288,FAIL,research/ma-288-fastweight-reconciled-20261008,bb53cd8119e8c28ddf01d9fe941c428ed18e61c6,1791433932,experiments/mirror_applications/ma-288-fastweight-mirror-context/README.md,experiments/mirror_applications/ma-288-fastweight-mirror-context/VERIFICATION.json,FAIL;PROMISING
MA-292,FAIL,research/ma-292-task-vector-reconciled-20261008,037b849e42ba1e229fb0045d56ff2a520977c315,1791433969,experiments/mirror_applications/ma-292-task-vector-mirror-basis/README.md,experiments/mirror_applications/ma-292-task-vector-mirror-basis/VERIFICATION.json,FAIL
MA-296,FAIL,research/ma-296-orthogonal-task-superposition-20261008,0496aadffea66843b7193820938f7624e3553c29,1791434275,experiments/mirror_applications/ma-296-orthogonal-task-superposition/README.md,experiments/mirror_applications/ma-296-orthogonal-task-superposition/VERIFICATION.json,FAIL
MA-297,FAIL,research/ma-297-seta-reconciled-20261008,66927c60147a9e59ba500852fc7e5a9464a21a7d,1791434423,experiments/mirror_applications/ma-297-seta-mirror-subspace/README.md,experiments/mirror_applications/ma-297-seta-mirror-subspace/VERIFICATION.json,FAIL
MA-299,FAIL,research/ma-299-split-on-share-reconciled-20261008,4bb8e5769f1a02e57fc4aa564d85beaf3991a033,1791434491,experiments/mirror_applications/ma-299-split-on-share-mirror/README.md,experiments/mirror_applications/ma-299-split-on-share-mirror/VERIFICATION.json,FAIL
MA-301,FAIL,research/ma-301-continuous-mirror-supermask-20261008,56f23e15b35e75d77ddb73725f08211056095a04,1791446076,experiments/mirror_applications/ma-301-continuous-mirror-supermask/README.md,experiments/mirror_applications/ma-301-continuous-mirror-supermask/VERIFICATION.json,FAIL
MA-303,FAIL,research/ma-303-factorized-layer-mask-mirror-20261008,a9eeb0edece8fe47ec4d9f7f40480cbf6dd6712c,1791451086,experiments/mirror_applications/ma-303-factorized-layer-mask-mirror/README.md,experiments/mirror_applications/ma-303-factorized-layer-mask-mirror/VERIFICATION.json,FAIL
MA-304,FAIL,research/ma-304-supermask-active-mirror-transform-20261008,a71dcd1ff5978af7a6116a0edfe1aeba799c1091,1791451462,experiments/mirror_applications/ma-304-supermask-active-mirror-transform/README.md,experiments/mirror_applications/ma-304-supermask-active-mirror-transform/VERIFICATION.json,FAIL
MA-307,FAIL,research/ma-307-packnet-mirror-allocation-20261008,bfabb6ea9c03156ef59af300635ecda6d3cbe351,1791446667,experiments/mirror_applications/ma-307-packnet-mirror-allocation/README.md,experiments/mirror_applications/ma-307-packnet-mirror-allocation/VERIFICATION.json,FAIL
MA-309,FAIL,research/ma-309-mimo-mirror-member-views-20261008,594568f82d7de557494fcb42eae553c29dceef30,1791452018,experiments/mirror_applications/ma-309-mimo-mirror-member-views/README.md,experiments/mirror_applications/ma-309-mimo-mirror-member-views/VERIFICATION.json,FAIL
MA-311,FAIL,research/ma-311-intrinsic-mirror-coordinate-20261008,54216179c9c8d78e1e6c572e6a943477c828e226,1791447292,experiments/mirror_applications/ma-311-intrinsic-mirror-coordinate/README.md,experiments/mirror_applications/ma-311-intrinsic-mirror-coordinate/VERIFICATION.json,FAIL
MA-312,PROMISING,research/ma-312-shared-intrinsic-mirror-codes-20261008,e037a79c2f97d74ff6211d6961123085ec0381e8,1791447470,experiments/mirror_applications/ma-312-shared-intrinsic-mirror-codes/README.md,experiments/mirror_applications/ma-312-shared-intrinsic-mirror-codes/VERIFICATION.json,PROMISING
MA-314,PROMISING,research/ma-314-adaptive-intrinsic-mirror-20261008,66d7db2815ba028ad3009ff8f0c10bf06ff15964,1791448276,experiments/mirror_applications/ma-314-adaptive-intrinsic-mirror/README.md,experiments/mirror_applications/ma-314-adaptive-intrinsic-mirror/VERIFICATION.json,PROMISING
MA-315,FAIL,research/ma-315-sparse-private-intrinsic-mirror-20261008,997f22b29a245b80df89cff748b114798a14f86f,1791448767,experiments/mirror_applications/ma-315-sparse-private-intrinsic-mirror/README.md,experiments/mirror_applications/ma-315-sparse-private-intrinsic-mirror/VERIFICATION.json,FAIL
MA-318,FAIL,research/ma-318-continual-coordinate-first-20261008,1edb52ec8d9b31a8bd709cb99eae7ec834797190,1791452249,experiments/mirror_applications/ma-318-continual-coordinate-first/README.md,experiments/mirror_applications/ma-318-continual-coordinate-first/VERIFICATION.json,FAIL
MA-319,FAIL,research/ma-319-tucker-matrix-bank-mirror-20261008,3f3b97ada518dc85de48ae9d1d6cd00562ee8709,1791449910,experiments/mirror_applications/ma-319-tucker-matrix-bank-mirror/README.md,experiments/mirror_applications/ma-319-tucker-matrix-bank-mirror/VERIFICATION.json,FAIL
MA-320,FAIL,research/ma-320-tucker-logical-experts-20261008,a9991e123172c4ef4e9aabaef0d47a1a919c3c35,1791450317,experiments/mirror_applications/ma-320-tucker-logical-experts/README.md,experiments/mirror_applications/ma-320-tucker-logical-experts/VERIFICATION.json,FAIL
MA-322,FAIL,research/ma-322-tt-core-mirror-adapter-bank-20261008,7ce8e04a075f2d54859f2954063f47e063c9df29,1791450758,experiments/mirror_applications/ma-322-tt-core-mirror-adapter-bank/README.md,experiments/mirror_applications/ma-322-tt-core-mirror-adapter-bank/VERIFICATION.json,FAIL
MA-325,NOT ESTABLISHED,research/ma-325-tt-embedding-domain-mirror-20261008,391d1a0de8911fa96ae517ad412dd5e24d020c61,1791452564,experiments/mirror_applications/ma-325-tt-embedding-domain-mirror/README.md,experiments/mirror_applications/ma-325-tt-embedding-domain-mirror/VERIFICATION.json,Registry was UNTESTED; completed branch STATUS/VERIFICATION imported
MA-327,FAIL,research/ma-327-factorized-layer-expert-tucker-20261008,3defded734bd839b22b9afe4f5cbf1ee6d0fa01f,1791452877,experiments/mirror_applications/ma-327-factorized-layer-expert-tucker/README.md,experiments/mirror_applications/ma-327-factorized-layer-expert-tucker/VERIFICATION.json,FAIL
MA-330,PROMISING,research/ma-330-tensorized-kv-cache-mirror-20261008,547d30d18143e98afd4a05aa30aea8b26ca77a7b,1791453361,experiments/mirror_applications/ma-330-tensorized-kv-cache-mirror/README.md,experiments/mirror_applications/ma-330-tensorized-kv-cache-mirror/VERIFICATION.json,PROMISING
MA-331,FAIL,research/ma-331-rebasin-mirror-task-deltas-20261008,16578dbf1fe635fe1a8da2d2af0e64b560e43cdb,1791453607,experiments/mirror_applications/ma-331-rebasin-mirror-task-deltas/README.md,experiments/mirror_applications/ma-331-rebasin-mirror-task-deltas/VERIFICATION.json,FAIL
MA-332,FAIL,research/ma-332-permutation-orbit-audit-20261008,6b88ce5a9e5d3588c4e82979524efc658773749e,1791453790,experiments/mirror_applications/ma-332-permutation-orbit-audit/README.md,experiments/mirror_applications/ma-332-permutation-orbit-audit/VERIFICATION.json,FAIL
MA-333,FAIL,research/ma-333-sign-scale-orbit-audit-20261008,52c4f00d2085dce6eb12b7b811955674aa495821,1791454004,experiments/mirror_applications/ma-333-sign-scale-orbit-audit/README.md,experiments/mirror_applications/ma-333-sign-scale-orbit-audit/VERIFICATION.json,FAIL
MA-335,FAIL,research/ma-335-group-action-mirror-experts-20261008,a011d7bb7b7c30fd60a16c1b547623ac7dbfd6c4,1791462806,experiments/mirror_applications/ma-335-group-action-mirror-experts/README.md,experiments/mirror_applications/ma-335-group-action-mirror-experts/VERIFICATION.json,FAIL
MA-337,FAIL,research/ma-337-group-factorized-position-role-20261008,133e5314949253925bacb2a5ae29bed10a0a8e9a,1791463092,experiments/mirror_applications/ma-337-group-factorized-position-role-mirror/README.md,experiments/mirror_applications/ma-337-group-factorized-position-role-mirror/VERIFICATION.json,FAIL
MA-338,FAIL,research/ma-338-symmetry-normalized-mirror-code-20261008,ca0451e2abb3fdf2c9bb8e8e7768694d0e9db461,1791463467,experiments/mirror_applications/ma-338-symmetry-normalized-mirror-code/README.md,experiments/mirror_applications/ma-338-symmetry-normalized-mirror-code/VERIFICATION.json,FAIL
MA-341,FAIL,research/ma-341-federated-mirror-vs-pfedhn-20261008,7d5084a93d3b8e94de224ed7a9560a7f42339690,1791463672,experiments/mirror_applications/ma-341-federated-mirror-vs-pfedhn/README.md,experiments/mirror_applications/ma-341-federated-mirror-vs-pfedhn/VERIFICATION.json,FAIL
MA-342,FAIL,research/ma-342-hyperlora-outputs-mirror-code-20261008,fdbdb1e9f97be03f04d3133a35c932b7cddd5580,1791463976,experiments/mirror_applications/ma-342-hyperlora-outputs-mirror-code/README.md,experiments/mirror_applications/ma-342-hyperlora-outputs-mirror-code/VERIFICATION.json,FAIL
MA-344,PROMISING,research/ma-344-prelort-nested-rank-mirror-20261008,081e605906cc96305efc4065111a766f8b65ef51,1791464318,experiments/mirror_applications/ma-344-prelort-nested-rank-mirror/README.md,experiments/mirror_applications/ma-344-prelort-nested-rank-mirror/VERIFICATION.json,PROMISING
MA-346,PROMISING,research/ma-346-federated-shared-private-mirror-20261008,04af68fbc8122c86862868546930f822db1198bf,1791464515,experiments/mirror_applications/ma-346-federated-shared-private-mirror/README.md,experiments/mirror_applications/ma-346-federated-shared-private-mirror/VERIFICATION.json,PROMISING
MA-349,FAIL,research/ma-349-rank1-bayesian-mirror-posterior-20261008,52d734af27b3ee0cb7df24ffe5c16129f9e99851,1791464785,experiments/mirror_applications/ma-349-rank1-bayesian-mirror-posterior/README.md,experiments/mirror_applications/ma-349-rank1-bayesian-mirror-posterior/VERIFICATION.json,FAIL
MA-351,FAIL,research/ma-351-mimo-mirror-diversity-20261008,e9f4f288b205df32fa086e2ec8ef65218b92ad4e,1791465132,experiments/mirror_applications/ma-351-mimo-mirror-diversity/README.md,experiments/mirror_applications/ma-351-mimo-mirror-diversity/VERIFICATION.json,FAIL
MA-353,FAIL,research/ma-353-bayesian-mirror-coordinate-20261008,2ed92360cfd410440b104d3d1246b9230ee561cd,1791465289,experiments/mirror_applications/ma-353-bayesian-mirror-coordinate/README.md,experiments/mirror_applications/ma-353-bayesian-mirror-coordinate/VERIFICATION.json,Registry was UNTESTED; completed branch STATUS/VERIFICATION imported
MA-355,FAIL,research/ma-355-product-key-mirror-address-20261008,1cc3596a9290ff47968ec1bececdb9821a5b4f23,1791465482,experiments/mirror_applications/ma-355-product-key-mirror-address/README.md,experiments/mirror_applications/ma-355-product-key-mirror-address/VERIFICATION.json,FAIL
MA-356,FAIL,research/ma-356-factorized-mirror-code-composition-20261008,7da53a8f07d84a46abdceca2bcc4086564a73d0f,1791465688,experiments/mirror_applications/ma-356-factorized-mirror-code-composition/README.md,experiments/mirror_applications/ma-356-factorized-mirror-code-composition/VERIFICATION.json,FAIL
MA-357,FAIL,research/ma-357-hopfield-mirror-address-reservoir-20261008,0755459d62142583743dbe23a89edba0c4eb9e70,1791465839,experiments/mirror_applications/ma-357-hopfield-mirror-address-reservoir/README.md,experiments/mirror_applications/ma-357-hopfield-mirror-address-reservoir/VERIFICATION.json,FAIL
MA-359,FAIL,research/ma-359-acdc-mirror-transform-20261008,bb0ac6cb97b3af2407bfb364f52c42fe476e1b37,1791466024,experiments/mirror_applications/ma-359-acdc-mirror-transform/README.md,experiments/mirror_applications/ma-359-acdc-mirror-transform/VERIFICATION.json,FAIL
MA-360,FAIL,research/ma-360-reversible-mirror-block-20261008,211ac7707c4245fbb86ee888ca2bcd77a73040be,1791476720,experiments/mirror_applications/ma-360-reversible-mirror-block/README.md,experiments/mirror_applications/ma-360-reversible-mirror-block/VERIFICATION.json,FAIL
MA-361,FAIL,research/ma-361-mixture-depths-mirror-role-20261008,c961ec54bd7c83601ff689e0648cc7210dcc493b,1791476543,experiments/mirror_applications/ma-361-mixture-depths-mirror-role/README.md,experiments/mirror_applications/ma-361-mixture-depths-mirror-role/VERIFICATION.json,FAIL
MA-364,FAIL,research/ma-364-early-exit-mirror-readout-20261008,574edbb900922e4a85f512d02574e2a453ee53e9,1791477116,experiments/mirror_applications/ma-364-early-exit-mirror-readout/README.md,experiments/mirror_applications/ma-364-early-exit-mirror-readout/VERIFICATION.json,FAIL
MA-366,FAIL,research/ma-366-depth-expert-factorized-routing-20261008,ab95e5d0f6d4d35d15c6888ed191b8fb64e493d6,1791477742,experiments/mirror_applications/ma-366-depth-expert-factorized-routing/README.md,experiments/mirror_applications/ma-366-depth-expert-factorized-routing/VERIFICATION.json,FAIL
MA-367,FAIL,research/ma-367-universally-slimmable-width-mirror-20261008,8b66e7eb8ef7c8817a85c9666c07876071abc237,1791469661,experiments/mirror_applications/ma-367-universally-slimmable-width-mirror/README.md,experiments/mirror_applications/ma-367-universally-slimmable-width-mirror/VERIFICATION.json,FAIL
MA-368,FAIL,research/ma-368-factorized-width-depth-mirror-20261008,de5504cb70f5fceb38a47c528fd9ba656eceb8db,1791470042,experiments/mirror_applications/ma-368-factorized-width-depth-mirror/README.md,experiments/mirror_applications/ma-368-factorized-width-depth-mirror/VERIFICATION.json,FAIL
MA-374,PROMISING,research/ma-374-albert-shared-depth-mirror-20261008,60e7ea3142dd33cb12f90d681519778ce1bb63f5,1791477761,experiments/mirror_applications/ma-374-albert-shared-depth-mirror/README.md,experiments/mirror_applications/ma-374-albert-shared-depth-mirror/VERIFICATION.json,PROMISING
MA-375,FAIL,research/ma-375-oneshot-subgraph-mirror-20261008,ad51e999c7c49d61c334c93d595d00344198c45c,1791471242,experiments/mirror_applications/ma-375-oneshot-subgraph-mirror/README.md,experiments/mirror_applications/ma-375-oneshot-subgraph-mirror/VERIFICATION.json,FAIL
MA-379,FAIL,research/ma-379-adapterfusion-mirror-bank-20261008,bc86da2bc796343c79c41a09c9e6a19afb81950a,1791471503,experiments/mirror_applications/ma-379-adapterfusion-mirror-bank/README.md,experiments/mirror_applications/ma-379-adapterfusion-mirror-bank/VERIFICATION.json,FAIL
MA-381,PROMISING,research/ma-381-lorahub-mirror-basis-20261008,0739bf3d4dfbdc96ca05c3cd0895c49c5e825065,1791471851,experiments/mirror_applications/ma-381-lorahub-mirror-basis/README.md,experiments/mirror_applications/ma-381-lorahub-mirror-basis/VERIFICATION.json,PROMISING
MA-383,FAIL,research/ma-383-l2p-prompt-mirror-generator-20261008,0c3580bf90c4acbb6a948afa23c5e00efb32c10c,1791478079,experiments/mirror_applications/ma-383-l2p-prompt-mirror-generator/README.md,experiments/mirror_applications/ma-383-l2p-prompt-mirror-generator/VERIFICATION.json,FAIL
MA-385,FAIL,research/ma-385-dualprompt-mirror-expert-20261008,f3f92409f1289d99202aabf6386af0ba1644c529,1791478413,experiments/mirror_applications/ma-385-dualprompt-mirror-expert-views/README.md,experiments/mirror_applications/ma-385-dualprompt-mirror-expert-views/VERIFICATION.json,FAIL
MA-389,FAIL,research/ma-389-hash-embedding-mirror-importance-20261008,b444c99312980e63641a2b7dae2bfec0ec19db58,1791478702,experiments/mirror_applications/ma-389-hash-importance-mirror/README.md,experiments/mirror_applications/ma-389-hash-importance-mirror/VERIFICATION.json,FAIL
MA-391,FAIL,research/ma-391-quotient-remainder-mirror-views-20261008,bcf903fa3055d60ca45e99beb66bf56a5ae00aeb,1791479013,experiments/mirror_applications/ma-391-qr-mirror-views/README.md,experiments/mirror_applications/ma-391-qr-mirror-views/VERIFICATION.json,FAIL
MA-392,FAIL,research/ma-392-token-domain-mirror-address-20261008,76ef3a5474ca1ad0e82600e3c080bbd831c8da70,1791479174,experiments/mirror_applications/ma-392-token-domain-mirror-view/README.md,experiments/mirror_applications/ma-392-token-domain-mirror-view/VERIFICATION.json,FAIL
MA-393,FAIL,research/ma-393-adaptive-capacity-mirror-20261008,bb638b6327323c265a1a0d602a9d7964a073ab06,1791479313,experiments/mirror_applications/ma-393-adaptive-capacity-mirror/README.md,experiments/mirror_applications/ma-393-adaptive-capacity-mirror/VERIFICATION.json,FAIL
MA-395,FAIL,research/ma-395-albert-factorized-mirror-view-20261008,bfb169269dc4a35120b4958315f732382a830c73,1791473997,experiments/mirror_applications/ma-395-albert-factorized-mirror-view/README.md,experiments/mirror_applications/ma-395-albert-factorized-mirror-view/VERIFICATION.json,FAIL
MA-397,FAIL,research/ma-397-product-address-mirror-vocabulary-20261008,2d686f0dc1f3e6af901699960a22bd3d5510be4b,1791474351,experiments/mirror_applications/ma-397-product-address-mirror-vocabulary/README.md,experiments/mirror_applications/ma-397-product-address-mirror-vocabulary/VERIFICATION.json,FAIL
MA-399,FAIL,research/ma-399-matformer-mirror-speculative-20261008,cbd8140f7d77a4c6ad5f53a1c050fd0eaef52bb7,1791474680,experiments/mirror_applications/ma-399-matformer-mirror-speculative/README.md,experiments/mirror_applications/ma-399-matformer-mirror-speculative/VERIFICATION.json,FAIL
MA-401,FAIL,research/ma-401-film-mirror-feature-conditioning-20261008,5ffe49d3207694000e45f6dc22005b63ff871db7,1791491317,experiments/mirror_applications/ma-401-film-mirror-feature-conditioning/README.md,experiments/mirror_applications/ma-401-film-mirror-feature-conditioning/VERIFICATION.json,Current MA-401 dedicated worker branch after initial reconciliation snapshot
MA-403,FAIL,research/ma-403-token-mirror-generator-20261008,b3b363e15ce154a571003a063c8a40040f71cf33,1791491573,experiments/mirror_applications/ma-403-token-mirror-modulation-generator/README.md,experiments/mirror_applications/ma-403-token-mirror-modulation-generator/VERIFICATION.json,Separate origin/research/ma-403-tokenwise-mirror-container-20261009 branch had only a stale UNTESTED registry row and no result artifacts; completed FAIL evidence comes from the dedicated ma-403-token-mirror-generator branch.
MA-405,FAIL,research/ma-405-ffn-weight-modulation-mirror-20261008,2469e097b215d2b6fbc98571f4a8aa72206f0402,1791491916,experiments/mirror_applications/ma-405-ffn-weight-modulation-mirror/README.md,experiments/mirror_applications/ma-405-ffn-weight-modulation-mirror/VERIFICATION.json,No competing terminal result
MA-416,FAIL,research/ma-416-deepsdf-mirror-function-code-20261008,9f8e26d48c2927007d206f276627fd6576e6a5dc,1791492303,experiments/mirror_applications/ma-416-deepsdf-mirror-function-code/README.md,experiments/mirror_applications/ma-416-deepsdf-mirror-function-code/VERIFICATION.json,No competing terminal result
MA-417,FAIL,research/ma-417-mirror-function-codebook-20261008,e0e96ad5bee43bf921ddb0750b3a64370fec5a80,1791492634,experiments/mirror_applications/ma-417-mirror-function-codebook/README.md,experiments/mirror_applications/ma-417-mirror-function-codebook/VERIFICATION.json,No competing terminal result
MA-427,FAIL,research/ma-427-deq-mirror-20261008,21ea853ff3454159d67324d065f9f40dc1dd8098,1791463013,experiments/mirror_applications/ma-427-deq-mirror/README.md,experiments/mirror_applications/ma-427-deq-mirror/VERIFICATION.json,FAIL
MA-446,FAIL,research/ma-446-learned-optimizer-mirror-20261008,040a061bd211375df24bf22229820227d193dca3,1791441009,experiments/mirror_applications/ma-446-learned-optimizer-mirror/README.md,experiments/mirror_applications/ma-446-learned-optimizer-mirror/VERIFICATION.json,FAIL
MA-462,FAIL,research/ma-462-mirror-hyperformer-decoder-20261008,63fb233f75161b3f7c5b35b9cbc3757d08a5809a,1791437012,experiments/mirror_applications/ma-462-mirror-hyperformer-decoder/README.md,experiments/mirror_applications/ma-462-mirror-hyperformer-decoder/VERIFICATION.json,FAIL
MA-464,FAIL,research/ma-464-adamix-mirror-20261008,5b30d097c54d9fb2c2a64ca322c945a1b6021976,1791448869,experiments/mirror_applications/ma-464-adamix-mirror-adaptations/README.md,experiments/mirror_applications/ma-464-adamix-mirror-adaptations/VERIFICATION.json,FAIL
MA-492,FAIL,research/ma-492-packet-plan-mirror-20261008,b8690f3236ef154e604282cc3061fcff91eb1ff9,1791462859,experiments/mirror_applications/ma-492-packet-plan-mirror/README.md,experiments/mirror_applications/ma-492-packet-plan-mirror/VERIFICATION.json,FAIL
MA-504,FAIL,research/ma-504-token-conditioned-reft-20261008,91341fbf0ae050aeaf2d066aae177c7905b1e40e,1791449347,experiments/mirror_applications/ma-504-token-conditioned-reft/README.md,experiments/mirror_applications/ma-504-token-conditioned-reft/VERIFICATION.json,FAIL
MA-603,PROMISING,research/ma-603-condconv-mirror-20261008,2d3a73a6bbec05e66054ad3e44253c46c2fdd56f,1791455691,experiments/mirror_applications/ma-603-condconv-mirror/README.md,experiments/mirror_applications/ma-603-condconv-mirror/VERIFICATION.json,PROMISING
MA-643,NOT ESTABLISHED,research/ma-643-galore-mirror-subspace-20261008,56f34f084cdcac63486d5f4eaaa89c0ab77a1ac5,1791431417,experiments/mirror_applications/ma-643-galore-mirror-subspace/README.md,experiments/mirror_applications/ma-643-galore-mirror-subspace/VERIFICATION.json,Registry was UNTESTED; completed branch STATUS/VERIFICATION imported
MA-669,FAIL,research/ma-669-lorahub-mirror-20261008,8964f131e230a54ca84fda96539407a7824ec514,1791463479,experiments/mirror_applications/ma-669-lorahub-mirror/README.md,experiments/mirror_applications/ma-669-lorahub-mirror/VERIFICATION.json,FAIL
MA-674,FAIL,research/ma-674-sparse-lora-atoms-20261008,fd511683a55c686b87f099e572ea62bd5de885af,1791463244,experiments/mirror_applications/ma-674-sparse-lora-atoms/README.md,experiments/mirror_applications/ma-674-sparse-lora-atoms/VERIFICATION.json,FAIL
MA-707,FAIL,research/ma-707-cayley-mirror-20261008,c1de03cf815edef46f579540b9041f425d61c08b,1791462720,experiments/mirror_applications/ma-707-cayley-mirror/README.md,experiments/mirror_applications/ma-707-cayley-mirror/VERIFICATION.json,FAIL
MA-715,FAIL,research/ma-715-regmean-mirror-20261008,f16ca04eea9ffb20e641def7d527153bedd4a05a,1791441878,experiments/mirror_applications/ma-715-regmean-mirror/README.md,experiments/mirror_applications/ma-715-regmean-mirror/VERIFICATION.json,FAIL
MA-721,FAIL,research/ma-721-swag-mirror-posterior-20261008,44cb182ff726fcb3f96a748ce6f0790b06ab5fde,1791439442,experiments/mirror_applications/ma-721-swag-mirror-posterior/README.md,experiments/mirror_applications/ma-721-swag-mirror-posterior/VERIFICATION.json,FAIL
MA-732,FAIL,research/ma-732-factorized-pde-mirror-20261008,8a2b7b5c47764ba7520e2ca9adfe16094017c654,1791463133,experiments/mirror_applications/ma-732-factorized-pde-mirror/README.md,experiments/mirror_applications/ma-732-factorized-pde-mirror/VERIFICATION.json,FAIL
MA-742,FAIL,research/ma-742-rgcn-attribute-mirror-20261008,ca2514b9fd2b1de0d1e7f6ec9a0862c2cdec48e7,1791435616,experiments/mirror_applications/ma-742-rgcn-attribute-mirror/README.md,experiments/mirror_applications/ma-742-rgcn-attribute-mirror/VERIFICATION.json,FAIL
MA-753,FAIL,research/ma-753-t2i-adapter-mirror-20261008,a78642682e3104903ab6e316806907090be1373f,1791456242,experiments/mirror_applications/ma-753-t2i-adapter-mirror/README.md,experiments/mirror_applications/ma-753-t2i-adapter-mirror/VERIFICATION.json,FAIL
MA-760,FAIL,research/ma-760-diffusion-control-view-20261008,fbd258411c4977685b8b7e4594c916d8e9db91e4,1791438874,experiments/mirror_applications/ma-760-diffusion-control-view/README.md,experiments/mirror_applications/ma-760-diffusion-control-view/VERIFICATION.json,FAIL
MA-767,FAIL,research/ma-767-online-ca-mirror-20261008,9d5d0da200afa686b097d302a26bffa73fd5596d,1791458662,experiments/mirror_applications/ma-767-online-ca-mirror/README.md,experiments/mirror_applications/ma-767-online-ca-mirror/VERIFICATION.json,FAIL
MA-771,PROMISING,research/ma-771-realnvp-mirror-20261008,5c6900df3b2c71ef0a7eb57a50976c10c088ae2e,1791457987,experiments/mirror_applications/ma-771-realnvp-mirror/README.md,experiments/mirror_applications/ma-771-realnvp-mirror/VERIFICATION.json,PROMISING
MA-783,FAIL,research/ma-783-unipool-layer-role-mirror-20261008,3e651472d8f19fa25a3e666fd4adb09f7ee37a3d,1791444013,experiments/mirror_applications/ma-783-unipool-layer-role-mirror/README.md,experiments/mirror_applications/ma-783-unipool-layer-role-mirror/VERIFICATION.json,FAIL
MA-784,FAIL,research/ma-784-adaptive-mirror-pool-20261008,b3a0f94bc4a81349b0f3a9b7bbbe9fd5a24c06e1,1791447591,experiments/mirror_applications/ma-784-adaptive-mirror-expert-pool/README.md,experiments/mirror_applications/ma-784-adaptive-mirror-expert-pool/VERIFICATION.json,FAIL
MA-790,FAIL,research/ma-790-simoe-mirror-20261008,595c72e6da046b67f9ba8d972c4fa4a462eb370c,1791454982,experiments/mirror_applications/ma-790-simoe-mirror/README.md,experiments/mirror_applications/ma-790-simoe-mirror/VERIFICATION.json,FAIL
MA-818,FAIL,research/ma-818-mirror-new-operation-codes-20261008,3b6857680f59d55cc528da2ef41f0f707541640d,1791431116,experiments/mirror_applications/ma-818-mirror-new-operation-codes/README.md,experiments/mirror_applications/ma-818-mirror-new-operation-codes/VERIFICATION.json,FAIL
MA-824,FAIL,research/ma-824-topology-function-views-20261008,2a71c2ca771f77a0a291aa41770a36365f126fa5,1791450102,experiments/mirror_applications/ma-824-topology-function-views/README.md,experiments/mirror_applications/ma-824-topology-function-views/VERIFICATION.json,FAIL
MA-840,FAIL,research/ma-840-tangent-private-mirror-20261008,f715f0ecfae97db5e7b028f79e0862cf74202199,1791458309,experiments/mirror_applications/ma-840-tangent-private-mirror/README.md,experiments/mirror_applications/ma-840-tangent-private-mirror/VERIFICATION.json,FAIL
MA-841,PROMISING,research/ma-841-engram-mirror-20261008,759ebfc493ccb15b9ede5fd09d9fc38488097ad1,1791462554,experiments/mirror_applications/ma-841-engram-mirror/README.md,experiments/mirror_applications/ma-841-engram-mirror/VERIFICATION.json,PROMISING
MA-879,PROMISING,research/ma-879-attention-cache-calibration-20261008,bffcbe9f38ab7825ef9db7831568a7b8cfdf5092,1791457363,experiments/mirror_applications/ma-879-attention-cache-calibration/README.md,experiments/mirror_applications/ma-879-attention-cache-calibration/VERIFICATION.json,PROMISING
MA-899,NOT ESTABLISHED,research/ma-899-p4dgs-mirror-predictive-residual-20261008,5e48741c45799633914ae68693cca6f26f1c3faf,1791445115,experiments/mirror_applications/ma-899-p-4dgs-predictive-residual-as-mirror-t/README.md,experiments/mirror_applications/ma-899-p-4dgs-predictive-residual-as-mirror-t/VERIFICATION.json,Registry was UNTESTED; completed branch STATUS/VERIFICATION imported
MA-921,FAIL,research/ma-921-flow-interval-mirror-20261008,15fdf0694923dac8973bde88f02d02689d084b01,1791436239,experiments/mirror_applications/ma-921-flow-interval-mirror/README.md,experiments/mirror_applications/ma-921-flow-interval-mirror/VERIFICATION.json,FAIL
MA-932,FAIL,research/ma-932-stitching-information-validity-20261008,0970c8cfef27f02f10e0a866df107f8c82db31be,1791449695,experiments/mirror_applications/ma-932-stitching-information-validity/README.md,experiments/mirror_applications/ma-932-stitching-information-validity/VERIFICATION.json,FAIL
MA-945,FAIL,research/ma-945-coanerv-mirror-20261008,72ce14d452431e37f43fbfa33cb4daa31dfc4bf0,1791438232,experiments/mirror_applications/ma-945-coanerv-mirror-decoder/README.md,experiments/mirror_applications/ma-945-coanerv-mirror-decoder/VERIFICATION.json,Registry was UNTESTED; completed branch STATUS/VERIFICATION imported
MA-951,FAIL,research/ma-951-gcnn-symmetry-mirror-20261008,96b05b48509fb5a104f04411023a87b15bc3feda,1791456663,experiments/mirror_applications/ma-951-gcnn-symmetry-mirror/README.md,experiments/mirror_applications/ma-951-gcnn-symmetry-mirror/VERIFICATION.json,FAIL
MA-962,FAIL,research/ma-962-task-time-mirror-tebn-20261008,cd16c4f0c4d9190f066d4242518a3f64bdbf079c,1791444992,experiments/mirror_applications/ma-962-task-x-time-step-mirror-normalization/README.md,experiments/mirror_applications/ma-962-task-x-time-step-mirror-normalization/VERIFICATION.json,FAIL
MA-971,NOT ESTABLISHED,research/ma-971-lightpro-mirror-20261008,52b1b2d95ec6b11e013a8159bae582f32649c38a,1791440174,experiments/mirror_applications/ma-971-lightpro-mirror/README.md,experiments/mirror_applications/ma-971-lightpro-mirror/VERIFICATION.json,Registry was UNTESTED; completed branch STATUS/VERIFICATION imported
MA-981,FAIL,research/ma-981-sector-beam-mirror-20261008,0984f0a5915ea74748a5f06cd4a29039508cd999,1791450439,experiments/mirror_applications/ma-981-sector-beam-mirror/README.md,experiments/mirror_applications/ma-981-sector-beam-mirror/VERIFICATION.json,FAIL
MA-990,FAIL,research/ma-990-ranf-mirror-hrtf-20261008,6573b2bd3d5d69868ea403ae06412a4872322abb,1791432845,experiments/mirror_applications/ma-990-ranf-mirror-hrtf/README.md,experiments/mirror_applications/ma-990-ranf-mirror-hrtf/VERIFICATION.json,FAIL
MA-998,NOT ESTABLISHED,research/ma-998-mace-element-env-mirror-20261008,7c72af437133b36764c059047a0ae4f14c674506,1791432965,experiments/mirror_applications/ma-998-mace-element-environment/README.md,experiments/mirror_applications/ma-998-mace-element-environment/VERIFICATION.json,Registry was UNTESTED; completed branch STATUS/VERIFICATION imported
MA-1010,NOT ESTABLISHED,research/ma-1010-d2sa-mirror-scan-code-20261008,ca5b70747b751cb33de98546545c00c16c307653,1791444275,experiments/mirror_applications/ma-1010-d2sa-slice-distribution-mirror-only-te/README.md,experiments/mirror_applications/ma-1010-d2sa-slice-distribution-mirror-only-te/VERIFICATION.json,Registry was UNTESTED; completed branch STATUS/VERIFICATION imported
MA-1018,FAIL,research/ma-1018-quantum-gate-mirror-20261008,33bdd4014fb2efbe352e12ec671610a6cd739882,1791439993,experiments/mirror_applications/ma-1018-quantum-gate-mirror/README.md,experiments/mirror_applications/ma-1018-quantum-gate-mirror/VERIFICATION.json,FAIL
MA-1064,FAIL,research/ma-1064-dhe-rare-id-mirror-20261008,262d9613a23db614587d510e8d75254dab371606,1791452233,experiments/mirror_applications/ma-1064-dhe-rare-id-mirror/README.md,experiments/mirror_applications/ma-1064-dhe-rare-id-mirror/VERIFICATION.json,FAIL
MA-1066,NOT ESTABLISHED,research/ma-1066-ttrec-mirror-20261008,234d35f5f691f3e0fc2c4bd6d0ba4191d206c169,1791462552,experiments/mirror_applications/ma-1066-ttrec-mirror/README.md,experiments/mirror_applications/ma-1066-ttrec-mirror/VERIFICATION.json,Registry was UNTESTED; completed branch STATUS/VERIFICATION imported
MA-1069,NOT ESTABLISHED,research/ma-1069-hstu-session-mirror-20261008,cb080040c1753528c648d1ebf76b5cc843c3b5c9,1791433069,experiments/mirror_applications/ma-1069-hstu-session-mirror/README.md,experiments/mirror_applications/ma-1069-hstu-session-mirror/VERIFICATION.json,Registry was UNTESTED; completed branch STATUS/VERIFICATION imported
MA-1075,FAIL,research/ma-1075-retrieval-mirror-20261008,220ce73e35a1628d768324362902c09227b854fd,1791434423,experiments/mirror_applications/ma-1075-retrieval-mirror/README.md,experiments/mirror_applications/ma-1075-retrieval-mirror/VERIFICATION.json,FAIL
MA-1091,NOT ESTABLISHED,research/ma-1091-seasonal-mirror-prithvi-20261008,49fbc90ae507d528e1438ad3aa6a4987389ae248,1791445647,experiments/mirror_applications/ma-1091-before-after-season-mirror-state-on-ge/README.md,experiments/mirror_applications/ma-1091-before-after-season-mirror-state-on-ge/VERIFICATION.json,Registry was UNTESTED; completed branch STATUS/VERIFICATION imported
MA-1097,FAIL,research/ma-1097-asymmetric-natural-adapter-20261008,56616e01cf5763f55e80f10a9c80f0056fa332a7,1791451327,experiments/mirror_applications/ma-1097-asymmetric-natural-adapter/README.md,experiments/mirror_applications/ma-1097-asymmetric-natural-adapter/VERIFICATION.json,FAIL
MA-1120,FAIL,research/ma-1120-tntcomplex-mirror-20261008,48b2fdc4c0aa61737138ca5009f4a000502a6165,1791457729,experiments/mirror_applications/ma-1120-tntcomplex-mirror/README.md,experiments/mirror_applications/ma-1120-tntcomplex-mirror/VERIFICATION.json,FAIL
MA-1138,NOT ESTABLISHED,research/ma-1138-corma-contact-terrain-view-20261008,ff02dc129271fd057e710a1560211e52f086a6a0,1791442185,experiments/mirror_applications/ma-1138-corma-contact-terrain-view/README.md,experiments/mirror_applications/ma-1138-corma-contact-terrain-view/VERIFICATION.json,Registry was UNTESTED; completed branch STATUS/VERIFICATION imported
MA-1141,NOT ESTABLISHED,research/ma-1141-quadruped-skill-view-20261008,17e953d19086c202993c8c4ef5452eda53466f21,1791453907,experiments/mirror_applications/ma-1141-quadruped-skill-view/README.md,experiments/mirror_applications/ma-1141-quadruped-skill-view/VERIFICATION.json,Registry was UNTESTED; completed branch STATUS/VERIFICATION imported
MA-418,FAIL,research/ma-418-compositional-latent-mirror-20261008,bcfe2200429216a1e94a745bc7bbd024f2c27ec9,1791492936,experiments/mirror_applications/ma-418-compositional-latent-mirror/README.md,experiments/mirror_applications/ma-418-compositional-latent-mirror/VERIFICATION.json,Development screen only; fresh sealed; remote alternatives to check on next live refresh.
MA-419,FAIL,research/ma-419-periodic-activation-mirror-20261008,1fc7bd5103d71b1929339aa088d07740c3445d23,1791493372,experiments/mirror_applications/ma-419-modulated-periodic-activations/README.md,experiments/mirror_applications/ma-419-modulated-periodic-activations/VERIFICATION.json,No terminal alternative observed on selection refresh; protocol-defined native harmonic alias; family paused.
MA-424,FAIL,research/ma-424-neural-ode-mirror-modes-20261008,da23a930881ff1363465d6674700a4011338249f,1791493774,experiments/mirror_applications/ma-424-neural-ode-mirror-modes/README.md,experiments/mirror_applications/ma-424-neural-ode-mirror-modes/VERIFICATION.json,Two initial timing executions corrected and preserved; native generated-weight alias; continuous-depth family paused.
MA-434,FAIL,research/ma-434-selective-ssm-mirror-roles-20261008,1fa73ecc29dc6b09010e303041ddecb4320da37d,1791494005,experiments/mirror_applications/ma-434-selective-ssm-mirror-roles/README.md,experiments/mirror_applications/ma-434-selective-ssm-mirror-roles/VERIFICATION.json,No terminal alternative observed on selection refresh; exact native decay-bias alias; synthetic minimal recurrence only.
MA-436,FAIL,research/ma-436-ssm-experts-mirror-20261008,f249fbd3b37d2d12afcec0e793cd834d9b420c0b,1791494415,experiments/mirror_applications/ma-436-ssm-expert-views/README.md,experiments/mirror_applications/ma-436-ssm-expert-views/VERIFICATION.json,No terminal alternative on selection refresh; explicit protocol amendment 1; initial invalid run preserved; native generated-A alias; state-space family paused.
MA-442,FAIL,research/ma-442-maml-mirror-inner-loop-20261008,5590c6b0a08c6f2452c3267f2961b8698da7dad4,1791495052,experiments/mirror_applications/ma-442-maml-mirror-inner-loop/README.md,experiments/mirror_applications/ma-442-maml-mirror-inner-loop/VERIFICATION.json,FAIL
MA-444,FAIL,research/ma-444-leo-structured-mirror-20261008,3eaab1dbb3cb0d98322c1dc80073f2a917ef09e0,1791495348,experiments/mirror_applications/ma-444-leo-structured-mirror/README.md,experiments/mirror_applications/ma-444-leo-structured-mirror/VERIFICATION.json,FAIL
MA-451,FAIL,research/ma-451-pathnet-mirror-role-20261008,28b1208d034c2b0110d53a0e0a45733a87c67f0d,1791495625,experiments/mirror_applications/ma-451-pathnet-mirror-role/README.md,experiments/mirror_applications/ma-451-pathnet-mirror-role/VERIFICATION.json,FAIL
MA-452,FAIL,research/ma-452-factorized-path-view-20261008,235ea243f35ebd414ad7184cc261b3696aa4d589,1791495890,experiments/mirror_applications/ma-452-factorized-path-view/README.md,experiments/mirror_applications/ma-452-factorized-path-view/VERIFICATION.json,FAIL
MA-453,FAIL,research/ma-453-routing-logical-mirror-blocks-20261008,a056fec607164109f0782102f4a6350c8f171dca,1791496129,experiments/mirror_applications/ma-453-routing-logical-mirror-blocks/README.md,experiments/mirror_applications/ma-453-routing-logical-mirror-blocks/VERIFICATION.json,FAIL\nMA-455,FAIL,research/ma-455-sequential-mirror-program-20261008,04ddb2ad8ece2823ba5d636853d309d2deaba625,1791496343,experiments/mirror_applications/ma-455-sequential-mirror-program/README.md,experiments/mirror_applications/ma-455-sequential-mirror-program/VERIFICATION.json,FAIL\nMA-457,FAIL,research/ma-457-continual-path-reuse-20261008,c770221e79e6973fa16c3aff64ce8902ba98569d,1791496803,experiments/mirror_applications/ma-457-continual-path-reuse/README.md,experiments/mirror_applications/ma-457-continual-path-reuse/VERIFICATION.json,FAIL\nMA-461,FAIL,research/ma-461-hyperformer-mirror-codes-20261008,530fbdf8910e87667cfec8555d4b396492fb2c6b,1791497236,experiments/mirror_applications/ma-461-hyperformer-mirror-codes/README.md,experiments/mirror_applications/ma-461-hyperformer-mirror-codes/VERIFICATION.json,FAIL\nMA-466,FAIL,research/ma-466-unipelt-factorized-mirror-axes-20261008,baff25a0e596e28321ae531191648d2cd1bb0a8b,1791497461,experiments/mirror_applications/ma-466-unipelt-factorized-mirror-axes/README.md,experiments/mirror_applications/ma-466-unipelt-factorized-mirror-axes/VERIFICATION.json,FAIL\nMA-468,NOT ESTABLISHED,research/ma-468-polytropon-mirror-skill-views-20261008,a389a6bf43811bf8ece39cf4a0e26853d24afd47,1791497679,experiments/mirror_applications/ma-468-polytropon-mirror-skill-views/README.md,experiments/mirror_applications/ma-468-polytropon-mirror-skill-views/VERIFICATION.json,NOT ESTABLISHED\nMA-469,NOT ESTABLISHED,research/ma-469-mend-mirror-edit-code-20261008,PENDING,2026-10-08,experiments/mirror_applications/ma-469-mend-mirror-edit-code/README.md,experiments/mirror_applications/ma-469-mend-mirror-edit-code/VERIFICATION.json,NOT ESTABLISHED
