phase,world,seed,rho,method,heldout_pairs,heldout_positive_pairs,heldout_negative_pairs,false_trigger_rate,miss_rate,on_target_efficacy,off_target_readout_drift,behavior_vector_nrmse,serialized_payload_bytes,bytes_per_behavior,private_fraction,application_mac_proxy_per_behavior,decode_wall_seconds_bank,payload_sha256,max_replay_abs_error,payload_path
development,50800,0,0.0,cast_explicit,103,25,78,0.05128205195069313,0.1599999964237213,0.8399999737739563,0.13271595537662506,0.0,7713,482.0625,0.0,0,7.349997758865357e-08,e4fd481eef9201082adf336342f1470bf37713b34f2212a31af376e0cec6a6a5,0.0,experiments/mirror_applications/ma-510-conditional-activation-mirror-steering/artifacts/payloads/development/50800/0/rho0.0/cast_explicit.pt
development,50800,0,0.0,coeff_fp32,103,25,78,0.05128205195069313,0.1599999964237213,0.8399999737739563,0.13271595537662506,0.0,5085,317.8125,0.0,256,2.7232198044657706e-06,b460127c5befd7369d0ad715726e9a04b0eec5c7d3f3f837d8f359d72ccb418d,0.0,experiments/mirror_applications/ma-510-conditional-activation-mirror-steering/artifacts/payloads/development/50800/0/rho0.0/coeff_fp32.pt
development,50800,0,0.0,coeff_fp16,103,25,78,0.05128205195069313,0.1599999964237213,0.8399893045425415,0.13269416987895966,0.00022208246809896082,4957,309.8125,0.0,256,3.426460025366396e-06,3c48f2d5825cdcb37974ce1269c80da230894a24a83d4dd20585052d0f2edf52,0.0,experiments/mirror_applications/ma-510-conditional-activation-mirror-steering/artifacts/payloads/development/50800/0/rho0.0/coeff_fp16.pt
development,50800,0,0.0,mirror_fp16,103,25,78,0.05128205195069313,0.1599999964237213,0.8399999141693115,0.13271550834178925,0.00035635699168778956,5145,321.5625,0.0,264,5.06809598300606e-05,e65288108a85258754c19a97d7b6be32b1f6f994465de71272f53fc490c42b12,0.0,experiments/mirror_applications/ma-510-conditional-activation-mirror-steering/artifacts/payloads/development/50800/0/rho0.0/mirror_fp16.pt
development,50800,0,0.0,mirror_private_fp16,103,25,78,0.05128205195069313,0.1599999964237213,0.8399999141693115,0.13271550834178925,0.0003563574864529073,5525,345.3125,1.0,264,5.164217989658937e-05,8295c1a9b133f3120e54f386456017ea4aa4ef9b750cf8b3ed1c411d0193afd4,0.0,experiments/mirror_applications/ma-510-conditional-activation-mirror-steering/artifacts/payloads/development/50800/0/rho0.0/mirror_private_fp16.pt
development,50800,1,0.0,cast_explicit,102,10,92,0.010869565419852734,0.4000000059604645,0.6000000238418579,0.12680940330028534,0.0,7713,482.0625,0.0,0,9.513983968645334e-08,0af4e02c599215574cda4427b85643ba1867024d7fe65a929a055249a91d5bdf,0.0,experiments/mirror_applications/ma-510-conditional-activation-mirror-steering/artifacts/payloads/development/50800/1/rho0.0/cast_explicit.pt
development,50800,1,0.0,coeff_fp32,102,10,92,0.010869565419852734,0.4000000059604645,0.6000000238418579,0.12680940330028534,0.0,5085,317.8125,0.0,256,2.7284398674964904e-06,2cc2f2aa3bbdd83b35610851c720a2a0784406d962fa666e1f6d30be8df5d3e6,0.0,experiments/mirror_applications/ma-510-conditional-activation-mirror-steering/artifacts/payloads/development/50800/1/rho0.0/coeff_fp32.pt
development,50800,1,0.0,coeff_fp16,102,10,92,0.010869565419852734,0.4000000059604645,0.6000274419784546,0.12679819762706757,0.00020273264090064913,4957,309.8125,0.0,256,3.456920094322413e-06,52ef89acb8e22bd7701d4dede6f2b8cf68522ddaf435735ff71d6e6ffe67a7a7,0.0,experiments/mirror_applications/ma-510-conditional-activation-mirror-steering/artifacts/payloads/development/50800/1/rho0.0/coeff_fp16.pt
development,50800,1,0.0,mirror_fp16,102,10,92,0.010869565419852734,0.4000000059604645,0.5999999642372131,0.1268124282360077,0.0004621966218110174,5145,321.5625,0.0,264,5.789903982076794e-05,f7e2c161f0e2997dd0d2d18cf17fdc9cabc33399b78ffb8fd34dd8e72ff2c229,0.0,experiments/mirror_applications/ma-510-conditional-activation-mirror-steering/artifacts/payloads/development/50800/1/rho0.0/mirror_fp16.pt
development,50800,1,0.0,mirror_private_fp16,102,10,92,0.010869565419852734,0.4000000059604645,0.5999999642372131,0.1268124282360077,0.0004621974949259311,5525,345.3125,1.0,264,4.953928000759333e-05,c407d6ef72fa03e3111f5a804f3a8aaa85bcbaf103c60adc77a701b2bddf192c,0.0,experiments/mirror_applications/ma-510-conditional-activation-mirror-steering/artifacts/payloads/development/50800/1/rho0.0/mirror_private_fp16.pt
development,50800,2,0.0,cast_explicit,102,19,83,0.0602409653365612,0.15789473056793213,0.8421052694320679,0.12719467282295227,0.0,7713,482.0625,0.0,0,6.529997335746885e-08,a75a7294e76ea77679c0ed233e710259c3a7c2e06a75817278ff83f44df62cce,0.0,experiments/mirror_applications/ma-510-conditional-activation-mirror-steering/artifacts/payloads/development/50800/2/rho0.0/cast_explicit.pt
development,50800,2,0.0,coeff_fp32,102,19,83,0.0602409653365612,0.15789473056793213,0.8421052694320679,0.12719467282295227,0.0,5085,317.8125,0.0,256,4.277520056348294e-06,502629429406f35d12ee37b634358dcd5ce04aeb83b47bde8453ec3262575c32,0.0,experiments/mirror_applications/ma-510-conditional-activation-mirror-steering/artifacts/payloads/development/50800/2/rho0.0/coeff_fp32.pt
development,50800,2,0.0,coeff_fp16,102,19,83,0.0602409653365612,0.15789473056793213,0.8421076536178589,0.12718157470226288,0.00022428428928833455,4957,309.8125,0.0,256,3.423259768169373e-06,805d31bdd07a2765b978b92e7c0b9305a7aeede8fb88f852a9931f2859c587ce,0.0,experiments/mirror_applications/ma-510-conditional-activation-mirror-steering/artifacts/payloads/development/50800/2/rho0.0/coeff_fp16.pt
development,50800,2,0.0,mirror_fp16,102,19,83,0.0602409653365612,0.15789473056793213,0.8421052694320679,0.1272011548280716,0.0003094950516242534,5145,321.5625,0.0,264,4.873647994827479e-05,3a8e34a34eae209a2e0db67acc18e702afd31a71d1548a0faf1cf69592b4e28f,0.0,experiments/mirror_applications/ma-510-conditional-activation-mirror-steering/artifacts/payloads/development/50800/2/rho0.0/mirror_fp16.pt
development,50800,2,0.0,mirror_private_fp16,102,19,83,0.0602409653365612,0.15789473056793213,0.8421052694320679,0.1272011548280716,0.00030949365464039147,5525,345.3125,1.0,264,5.252208007732406e-05,fa61db526029de808d6753ca596f2a720086f710e7642a9eedce6dede1466cc6,0.0,experiments/mirror_applications/ma-510-conditional-activation-mirror-steering/artifacts/payloads/development/50800/2/rho0.0/mirror_private_fp16.pt
development,50801,0,0.0,cast_explicit,103,22,81,0.06172839552164078,0.4545454680919647,0.5454545617103577,0.12326883524656296,0.0,7713,482.0625,0.0,0,6.248010322451592e-08,cbb4ca40be42a2ce702f542582e18de1466c48e14378f174aa3c6d6a07e0d18e,0.0,experiments/mirror_applications/ma-510-conditional-activation-mirror-steering/artifacts/payloads/development/50801/0/rho0.0/cast_explicit.pt
development,50801,0,0.0,coeff_fp32,103,22,81,0.06172839552164078,0.4545454680919647,0.5454545617103577,0.12326883524656296,0.0,5085,317.8125,0.0,256,2.707399835344404e-06,19c482537165867c9ba0fc1deec0ffd87d7ee2c87a630099cd7a97e3c016f83b,0.0,experiments/mirror_applications/ma-510-conditional-activation-mirror-steering/artifacts/payloads/development/50801/0/rho0.0/coeff_fp32.pt
development,50801,0,0.0,coeff_fp16,103,22,81,0.06172839552164078,0.4545454680919647,0.5454022288322449,0.12326215952634811,0.00021796260261908174,4957,309.8125,0.0,256,4.009940021205693e-06,f6dd907225f98b114d073185ad47563d64448961dbe0f47fb04d936736757191,0.0,experiments/mirror_applications/ma-510-conditional-activation-mirror-steering/artifacts/payloads/development/50801/0/rho0.0/coeff_fp16.pt
development,50801,0,0.0,mirror_fp16,103,22,81,0.06172839552164078,0.4545454680919647,0.5454545617103577,0.12327153980731964,0.0002902431588154286,5145,321.5625,0.0,264,5.398804001742974e-05,c43fec1549134f5df9bf844c18676207848a29451ea6ccf2fdda4f4c9cf0ba5c,0.0,experiments/mirror_applications/ma-510-conditional-activation-mirror-steering/artifacts/payloads/development/50801/0/rho0.0/mirror_fp16.pt
development,50801,0,0.0,mirror_private_fp16,103,22,81,0.06172839552164078,0.4545454680919647,0.5454545617103577,0.12327153980731964,0.0002902431588154286,5525,345.3125,1.0,264,5.689335986971855e-05,65999abc1ea84f5ffab6737d7b514eb7263d1eb94596b85f4a6949a12c6cd44c,0.0,experiments/mirror_applications/ma-510-conditional-activation-mirror-steering/artifacts/payloads/development/50801/0/rho0.0/mirror_private_fp16.pt
development,50801,1,0.0,cast_explicit,102,20,82,0.03658536449074745,0.3499999940395355,0.6499999761581421,0.11930692940950394,0.0,7713,482.0625,0.0,0,6.350019248202443e-08,ce6b0f2f0923bd1bdca64432db4a150e3f540b1ad9d9c7ac0499bbd843dd0384,0.0,experiments/mirror_applications/ma-510-conditional-activation-mirror-steering/artifacts/payloads/development/50801/1/rho0.0/cast_explicit.pt
development,50801,1,0.0,coeff_fp32,102,20,82,0.03658536449074745,0.3499999940395355,0.6499999761581421,0.11930692940950394,0.0,5085,317.8125,0.0,256,2.709600084926933e-06,f6497215b0ed1c37e5aa56296e3aeb880423999272ce6cc03d40ee8705cb0a80,0.0,experiments/mirror_applications/ma-510-conditional-activation-mirror-steering/artifacts/payloads/development/50801/1/rho0.0/coeff_fp32.pt
development,50801,1,0.0,coeff_fp16,102,20,82,0.03658536449074745,0.3499999940395355,0.6499743461608887,0.11930708587169647,0.00021056811965536326,4957,309.8125,0.0,256,3.3942199661396442e-06,6cb0e2cb532549b11d56916693dfb2c53b1a3a30450173f3656f8cd22a771f86,0.0,experiments/mirror_applications/ma-510-conditional-activation-mirror-steering/artifacts/payloads/development/50801/1/rho0.0/coeff_fp16.pt
development,50801,1,0.0,mirror_fp16,102,20,82,0.03658536449074745,0.3499999940395355,0.6499999761581421,0.11930373311042786,0.00034857235732488334,5145,321.5625,0.0,264,5.1121600263286384e-05,cc30b4a040dc53a940c608be79f0f991634413dd2df7ef368fcb6402b55b1a10,0.0,experiments/mirror_applications/ma-510-conditional-activation-mirror-steering/artifacts/payloads/development/50801/1/rho0.0/mirror_fp16.pt
development,50801,1,0.0,mirror_private_fp16,102,20,82,0.03658536449074745,0.3499999940395355,0.6499999761581421,0.11930373311042786,0.0003485697088763118,5525,345.3125,1.0,264,5.573183996602893e-05,8223c5d9f6e09f1c25398d82b5ac3981acca82082f1b4bb1896275abe6de98f1,0.0,experiments/mirror_applications/ma-510-conditional-activation-mirror-steering/artifacts/payloads/development/50801/1/rho0.0/mirror_private_fp16.pt
development,50801,2,0.0,cast_explicit,102,19,83,0.0602409653365612,0.21052631735801697,0.7894737124443054,0.1313932090997696,0.0,7713,482.0625,0.0,0,6.348011083900928e-08,e8c70118786a759f129751014fb5c7918137f796b9329157fbf93e2f7ddf5108,0.0,experiments/mirror_applications/ma-510-conditional-activation-mirror-steering/artifacts/payloads/development/50801/2/rho0.0/cast_explicit.pt
development,50801,2,0.0,coeff_fp32,102,19,83,0.0602409653365612,0.21052631735801697,0.7894737124443054,0.1313932090997696,0.0,5085,317.8125,0.0,256,3.426079929340631e-06,c404eeaecb22057f81b730410cf7b95aa69265f10868975f113163b956b8a14b,0.0,experiments/mirror_applications/ma-510-conditional-activation-mirror-steering/artifacts/payloads/development/50801/2/rho0.0/coeff_fp32.pt
development,50801,2,0.0,coeff_fp16,102,19,83,0.0602409653365612,0.21052631735801697,0.7893964052200317,0.1313941478729248,0.00020534583018161356,4957,309.8125,0.0,256,4.36645990703255e-06,19d1e3526231a2a25513dd2dc5e5454aad9a105f3c34ecd0c02d1e450a85b691,0.0,experiments/mirror_applications/ma-510-conditional-activation-mirror-steering/artifacts/payloads/development/50801/2/rho0.0/coeff_fp16.pt
development,50801,2,0.0,mirror_fp16,102,19,83,0.0602409653365612,0.21052631735801697,0.7894736528396606,0.13139675557613373,0.0003777900419663638,5145,321.5625,0.0,264,4.987516003893688e-05,b7e4ab0963c901ff4d1c69b91a923dbaca85d945d0a0f52357b90b7348f8779e,0.0,experiments/mirror_applications/ma-510-conditional-activation-mirror-steering/artifacts/payloads/development/50801/2/rho0.0/mirror_fp16.pt
development,50801,2,0.0,mirror_private_fp16,102,19,83,0.0602409653365612,0.21052631735801697,0.7894736528396606,0.13139675557613373,0.00037778972182422876,5525,345.3125,1.0,264,6.384163978509605e-05,10bc60b5ae9635440a8c1721fe7f6e7cf007e9a53ac077b0e14f3446a6ec1f83,0.0,experiments/mirror_applications/ma-510-conditional-activation-mirror-steering/artifacts/payloads/development/50801/2/rho0.0/mirror_private_fp16.pt
development,50800,0,0.1,cast_explicit,103,25,78,0.05128205195069313,0.1599999964237213,0.8399999737739563,0.13014191389083862,0.0,7713,482.0625,0.0,0,6.649992428719998e-08,64f321a33afab0a9cc8b6eebd55f14571208f3ff1304d2fc00b5b5a76407f699,0.0,experiments/mirror_applications/ma-510-conditional-activation-mirror-steering/artifacts/payloads/development/50800/0/rho0.1/cast_explicit.pt
development,50800,0,0.1,coeff_fp32,103,25,78,0.05128205195069313,0.1599999964237213,0.8399999737739563,0.13014191389083862,0.0,5085,317.8125,0.0,256,2.7160198078490793e-06,40e90a811829553124ca2c954530ae013cabf18fa7a9ebe60fa6991717a4ca77,0.0,experiments/mirror_applications/ma-510-conditional-activation-mirror-steering/artifacts/payloads/development/50800/0/rho0.1/coeff_fp32.pt
development,50800,0,0.1,coeff_fp16,103,25,78,0.05128205195069313,0.1599999964237213,0.8400025963783264,0.1301426887512207,0.00020186557958368212,4957,309.8125,0.0,256,3.5798997851088643e-06,8fbe2b6ecd9919f09df710b00f3f23e34362f8715065e18972a16ecb2b9fb9d3,0.0,experiments/mirror_applications/ma-510-conditional-activation-mirror-steering/artifacts/payloads/development/50800/0/rho0.1/coeff_fp16.pt
development,50800,0,0.1,mirror_fp16,103,25,78,0.05128205195069313,0.1599999964237213,0.8167755007743835,0.13191236555576324,0.13143004477024078,5145,321.5625,0.0,264,4.915189987514168e-05,e0b233c1ef9a409ad230f4d04a3f5466de634d0c6b188ce4113915ec15c616e3,0.0,experiments/mirror_applications/ma-510-conditional-activation-mirror-steering/artifacts/payloads/development/50800/0/rho0.1/mirror_fp16.pt
development,50800,0,0.1,mirror_private_fp16,103,25,78,0.05128205195069313,0.1599999964237213,0.8400028944015503,0.13014276325702667,0.0003850199864245951,5525,345.3125,1.0,264,5.409741977928206e-05,dc6cca45494ae5a84b1b4f675408dd85203cbc2e30d8ec405f03ecf4d3a5a482,0.0,experiments/mirror_applications/ma-510-conditional-activation-mirror-steering/artifacts/payloads/development/50800/0/rho0.1/mirror_private_fp16.pt
development,50800,1,0.1,cast_explicit,102,10,92,0.010869565419852734,0.4000000059604645,0.6000000238418579,0.14016057550907135,0.0,7713,482.0625,0.0,0,6.409973138943314e-08,e6f1f0527488d2a948bcd3d47245406e50c58b8381b0aec7ab3d3b947c5cc384,0.0,experiments/mirror_applications/ma-510-conditional-activation-mirror-steering/artifacts/payloads/development/50800/1/rho0.1/cast_explicit.pt
development,50800,1,0.1,coeff_fp32,102,10,92,0.010869565419852734,0.4000000059604645,0.6000000238418579,0.14016057550907135,0.0,5085,317.8125,0.0,256,2.6855600299313664e-06,069ac55ac465e737621a3460536c2ef9db453a2538ff561dca5f4c816f110c97,0.0,experiments/mirror_applications/ma-510-conditional-activation-mirror-steering/artifacts/payloads/development/50800/1/rho0.1/coeff_fp32.pt
development,50800,1,0.1,coeff_fp16,102,10,92,0.010869565419852734,0.4000000059604645,0.6000255942344666,0.14014561474323273,0.00019816507119685411,4957,309.8125,0.0,256,3.5312201362103225e-06,9556e9e4c655ecb8bf631e281a9ce5a05bd8a6891b73ba0cac80c0b163ef71ed,0.0,experiments/mirror_applications/ma-510-conditional-activation-mirror-steering/artifacts/payloads/development/50800/1/rho0.1/coeff_fp16.pt
development,50800,1,0.1,mirror_fp16,102,10,92,0.010869565419852734,0.4000000059604645,0.5589933395385742,0.13000844419002533,0.15559056401252747,5145,321.5625,0.0,264,5.4649439989589154e-05,be113ef01409709eae3fbe47c6a6fb52519ef2e6a1a5e20d6c1e88d67a42edbf,0.0,experiments/mirror_applications/ma-510-conditional-activation-mirror-steering/artifacts/payloads/development/50800/1/rho0.1/mirror_fp16.pt
development,50800,1,0.1,mirror_private_fp16,102,10,92,0.010869565419852734,0.4000000059604645,0.6000014543533325,0.14015810191631317,0.00041441080975346267,5525,345.3125,1.0,264,9.074061992578208e-05,2a5d6226697dda4f6c4c7e6ffe18ad61616ba109b9cc41daa0e876552be42c8f,0.0,experiments/mirror_applications/ma-510-conditional-activation-mirror-steering/artifacts/payloads/development/50800/1/rho0.1/mirror_private_fp16.pt
development,50800,2,0.1,cast_explicit,102,19,83,0.0602409653365612,0.15789473056793213,0.8421052694320679,0.13673420250415802,0.0,7713,482.0625,0.0,0,1.3819982996210457e-07,528e37d7335b5ebcffb29b0b2534febb7b1f33192cc66d233553ce31ef1f8d15,0.0,experiments/mirror_applications/ma-510-conditional-activation-mirror-steering/artifacts/payloads/development/50800/2/rho0.1/cast_explicit.pt
development,50800,2,0.1,coeff_fp32,102,19,83,0.0602409653365612,0.15789473056793213,0.8421052694320679,0.13673420250415802,0.0,5085,317.8125,0.0,256,2.7068000053986908e-06,44abaf82502e0cd8549fcea5216b091eac05a658b8603e8b3da6f4dbf9005478,0.0,experiments/mirror_applications/ma-510-conditional-activation-mirror-steering/artifacts/payloads/development/50800/2/rho0.1/coeff_fp32.pt
development,50800,2,0.1,coeff_fp16,102,19,83,0.0602409653365612,0.15789473056793213,0.8420806527137756,0.13674022257328033,0.00018600620387587696,4957,309.8125,0.0,256,6.849539931863546e-06,b51065589223e0a9048c3c0ce73f6dc764e32b84f589dafdce932ab79769d628,0.0,experiments/mirror_applications/ma-510-conditional-activation-mirror-steering/artifacts/payloads/development/50800/2/rho0.1/coeff_fp16.pt
development,50800,2,0.1,mirror_fp16,102,19,83,0.0602409653365612,0.15789473056793213,0.8104769587516785,0.1264757364988327,0.13983871042728424,5145,321.5625,0.0,264,9.575762000167742e-05,7b194d9f98a0a0a000583b8a4eb5ad2a9f558fcdf990d2bf6a3bd2abc66629e5,0.0,experiments/mirror_applications/ma-510-conditional-activation-mirror-steering/artifacts/payloads/development/50800/2/rho0.1/mirror_fp16.pt
development,50800,2,0.1,mirror_private_fp16,102,19,83,0.0602409653365612,0.15789473056793213,0.8421066403388977,0.13673649728298187,0.00038974767085164785,5525,345.3125,1.0,264,6.273779988987372e-05,cbe2f533653e5925075096e12bbdf8d6162b37eb645077fd1372cace62e8cf8e,0.0,experiments/mirror_applications/ma-510-conditional-activation-mirror-steering/artifacts/payloads/development/50800/2/rho0.1/mirror_private_fp16.pt
development,50801,0,0.1,cast_explicit,103,22,81,0.06172839552164078,0.4545454680919647,0.5454545617103577,0.13138507306575775,0.0,7713,482.0625,0.0,0,6.327987648546696e-08,c728baf93aef816bb0a41aa04f8467e0fb5c4225f6b79c694e7690c2c37fd7ea,0.0,experiments/mirror_applications/ma-510-conditional-activation-mirror-steering/artifacts/payloads/development/50801/0/rho0.1/cast_explicit.pt
development,50801,0,0.1,coeff_fp32,103,22,81,0.06172839552164078,0.4545454680919647,0.5454545617103577,0.13138507306575775,0.0,5085,317.8125,0.0,256,3.526219807099551e-06,98804c678766d2a7991472cb3c5aea24fa815a9794ae6055dfec89368c7654e7,0.0,experiments/mirror_applications/ma-510-conditional-activation-mirror-steering/artifacts/payloads/development/50801/0/rho0.1/coeff_fp32.pt
development,50801,0,0.1,coeff_fp16,103,22,81,0.06172839552164078,0.4545454680919647,0.5454111099243164,0.13137871026992798,0.00019637994410004467,4957,309.8125,0.0,256,5.966440076008439e-06,edb90693101602801648b9639ae3fb82574a6e07fbe4e963a8468f96839f66f3,0.0,experiments/mirror_applications/ma-510-conditional-activation-mirror-steering/artifacts/payloads/development/50801/0/rho0.1/coeff_fp16.pt
development,50801,0,0.1,mirror_fp16,103,22,81,0.06172839552164078,0.4545454680919647,0.5806156396865845,0.1219044178724289,0.1635444313287735,5145,321.5625,0.0,264,4.9360599950887264e-05,146f292326cbe2527e0554f1ba757eaaa2aed452ccdd490c4ec664fe9ef6dd0a,0.0,experiments/mirror_applications/ma-510-conditional-activation-mirror-steering/artifacts/payloads/development/50801/0/rho0.1/mirror_fp16.pt
development,50801,0,0.1,mirror_private_fp16,103,22,81,0.06172839552164078,0.4545454680919647,0.5454550981521606,0.13139404356479645,0.00047434907173737884,5525,345.3125,1.0,264,5.919796007219702e-05,c6ab88e54be50e8be730ff0cb27560ca787e9b7e680b7778bd0aaaef3238942e,0.0,experiments/mirror_applications/ma-510-conditional-activation-mirror-steering/artifacts/payloads/development/50801/0/rho0.1/mirror_private_fp16.pt
development,50801,1,0.1,cast_explicit,102,20,82,0.03658536449074745,0.3499999940395355,0.6499999761581421,0.1101645827293396,0.0,7713,482.0625,0.0,0,6.570015102624893e-08,d2416529241fbfbca317c5b9e30474adacd1f4961789a6f7691159be339b8978,0.0,experiments/mirror_applications/ma-510-conditional-activation-mirror-steering/artifacts/payloads/development/50801/1/rho0.1/cast_explicit.pt
development,50801,1,0.1,coeff_fp32,102,20,82,0.03658536449074745,0.3499999940395355,0.6499999761581421,0.1101645827293396,0.0,5085,317.8125,0.0,256,2.7456600219011308e-06,5e9f4f3897153e22658c1b466bcd435a50c53a0baedb0c84d5deb754a58525d6,0.0,experiments/mirror_applications/ma-510-conditional-activation-mirror-steering/artifacts/payloads/development/50801/1/rho0.1/coeff_fp32.pt
development,50801,1,0.1,coeff_fp16,102,20,82,0.03658536449074745,0.3499999940395355,0.6499584317207336,0.11016563326120377,0.00018653356528375298,4957,309.8125,0.0,256,4.308180068619549e-06,86cad353626ea7cd845ee6cd07fd3f896fbc43d38c5c2db924d9080569b19eeb,0.0,experiments/mirror_applications/ma-510-conditional-activation-mirror-steering/artifacts/payloads/development/50801/1/rho0.1/coeff_fp16.pt
development,50801,1,0.1,mirror_fp16,102,20,82,0.03658536449074745,0.3499999940395355,0.6692273020744324,0.11741671711206436,0.1386864185333252,5145,321.5625,0.0,264,5.220540013397112e-05,9b74998a7aac8d29768f29172a27191c29e33b66b3d1a8182dda0b856fdb6159,0.0,experiments/mirror_applications/ma-510-conditional-activation-mirror-steering/artifacts/payloads/development/50801/1/rho0.1/mirror_fp16.pt
development,50801,1,0.1,mirror_private_fp16,102,20,82,0.03658536449074745,0.3499999940395355,0.6500025987625122,0.11016537994146347,0.00041589050670154393,5525,345.3125,1.0,264,5.455670005176216e-05,a1397e77c818f3334b37610d55762f995aa7c63f0a12860491519aa25a136458,0.0,experiments/mirror_applications/ma-510-conditional-activation-mirror-steering/artifacts/payloads/development/50801/1/rho0.1/mirror_private_fp16.pt
development,50801,2,0.1,cast_explicit,102,19,83,0.0602409653365612,0.21052631735801697,0.7894737124443054,0.12821879982948303,0.0,7713,482.0625,0.0,0,6.10999995842576e-08,42e63fe2ab08b118fad78fbc2b931e0dcacad2914b38a0772174434fa3c48340,0.0,experiments/mirror_applications/ma-510-conditional-activation-mirror-steering/artifacts/payloads/development/50801/2/rho0.1/cast_explicit.pt
development,50801,2,0.1,coeff_fp32,102,19,83,0.0602409653365612,0.21052631735801697,0.7894737124443054,0.12821879982948303,0.0,5085,317.8125,0.0,256,2.670139947440475e-06,29da8115bd779ac2f5f7f6f6c4c48a94209909bde7772826a012a4d95d47d55f,0.0,experiments/mirror_applications/ma-510-conditional-activation-mirror-steering/artifacts/payloads/development/50801/2/rho0.1/coeff_fp32.pt
development,50801,2,0.1,coeff_fp16,102,19,83,0.0602409653365612,0.21052631735801697,0.7894364595413208,0.1282183974981308,0.00020904270058963448,4957,309.8125,0.0,256,3.5602800198830662e-06,e91650082f362527dfca5a547f47887f23a0f454c4dd8d5d48125c57b3407330,0.0,experiments/mirror_applications/ma-510-conditional-activation-mirror-steering/artifacts/payloads/development/50801/2/rho0.1/coeff_fp16.pt
development,50801,2,0.1,mirror_fp16,102,19,83,0.0602409653365612,0.21052631735801697,0.7583690285682678,0.13025562465190887,0.14578935503959656,5145,321.5625,0.0,264,5.9926639951299874e-05,56814a1a2f8c476ef344baa9290c164953f028cf72bd5fb453e0e487540db21d,0.0,experiments/mirror_applications/ma-510-conditional-activation-mirror-steering/artifacts/payloads/development/50801/2/rho0.1/mirror_fp16.pt
development,50801,2,0.1,mirror_private_fp16,102,19,83,0.0602409653365612,0.21052631735801697,0.7894784212112427,0.1282205879688263,0.00034928592504002154,5525,345.3125,1.0,264,5.7340000057592985e-05,e16b7c2d7bdd7372a1d48c0c945a1d341b0703e024b24a084c32b6408ddcc0be,0.0,experiments/mirror_applications/ma-510-conditional-activation-mirror-steering/artifacts/payloads/development/50801/2/rho0.1/mirror_private_fp16.pt
