world,seed,method,K,normalized_rmse,payload_bytes,bytes_per_task,application_MAC_per_token,hash,path
50120,0,dense,0,0.0,18025,281.640625,0,4aec2f46b90ba677f65109be6507a65249b7e34e201928736a27fea04f36d101,experiments/mirror_applications/ma-501-loreft-mirror-coordinate/artifacts/payloads/50120_0_dense_K0.pt
50120,0,loreft_fp16,0,0.056195639073848724,3809,59.515625,256,888b5626fdcdd07f5ef8558e917a2d0f38c34bf89b014601ced83443d9ed7013,experiments/mirror_applications/ma-501-loreft-mirror-coordinate/artifacts/payloads/50120_0_loreft_fp16_K0.pt
50120,0,shared_only,0,0.9998115301132202,3109,48.578125,0,5ee163a815db5a2ab5c3769c93a9b11156db9dcb034d566f5d2065499d88a2c5,experiments/mirror_applications/ma-501-loreft-mirror-coordinate/artifacts/payloads/50120_0_shared_only_K0.pt
50120,0,mirror_vq,8,0.6658791303634644,3677,57.453125,256,0e28355d9d2cf7a597c484310e3a3708889e9752037c963d7532376d03a949c3,experiments/mirror_applications/ma-501-loreft-mirror-coordinate/artifacts/payloads/50120_0_mirror_vq_K8.pt
50120,0,mirror_vq,16,0.6028804183006287,3805,59.453125,256,ffe81445a3be0dc1da142565838087019d825b0c253ba25aa8ecb18b8672bd16,experiments/mirror_applications/ma-501-loreft-mirror-coordinate/artifacts/payloads/50120_0_mirror_vq_K16.pt
50120,0,mirror_vq,32,0.5153748393058777,4061,63.453125,256,c437063790c307432620dd2a9deefaace01f4a5f7bf78ef61fcf11a50a66ccd1,experiments/mirror_applications/ma-501-loreft-mirror-coordinate/artifacts/payloads/50120_0_mirror_vq_K32.pt
50120,0,mirror_vq,64,0.4494333863258362,4573,71.453125,256,15c3676d0f4e6ccf2824c499590eb2c4e5eab57c8b3c94c7a241cce7f649c57e,experiments/mirror_applications/ma-501-loreft-mirror-coordinate/artifacts/payloads/50120_0_mirror_vq_K64.pt
50120,1,dense,0,0.0,18025,281.640625,0,49988f13d8b227c8c6ccaf1f1cfb2f125044b318206f9066d77df43c35b8a7a7,experiments/mirror_applications/ma-501-loreft-mirror-coordinate/artifacts/payloads/50120_1_dense_K0.pt
50120,1,loreft_fp16,0,0.055382538586854935,3809,59.515625,256,01cfad32c38512e4c51ce7f0155b559ce2b7606f9ac1c864d1673a6dd0f8e7d9,experiments/mirror_applications/ma-501-loreft-mirror-coordinate/artifacts/payloads/50120_1_loreft_fp16_K0.pt
50120,1,shared_only,0,1.0052753686904907,3109,48.578125,0,5ee163a815db5a2ab5c3769c93a9b11156db9dcb034d566f5d2065499d88a2c5,experiments/mirror_applications/ma-501-loreft-mirror-coordinate/artifacts/payloads/50120_1_shared_only_K0.pt
50120,1,mirror_vq,8,0.7181897759437561,3677,57.453125,256,c5a18dd969e301999383e3fc96b3a1d90e08f0184476724932e8c1899d54ca8b,experiments/mirror_applications/ma-501-loreft-mirror-coordinate/artifacts/payloads/50120_1_mirror_vq_K8.pt
50120,1,mirror_vq,16,0.5918543934822083,3805,59.453125,256,d6fc52856351b0e09d57a9383686883afc5207a6fca5530d1a57957222dcbfef,experiments/mirror_applications/ma-501-loreft-mirror-coordinate/artifacts/payloads/50120_1_mirror_vq_K16.pt
50120,1,mirror_vq,32,0.5248319506645203,4061,63.453125,256,d21a7cfa732b116801915bf03889ae0d8e5cfcd51b5ff5a70583c7dc8a19d348,experiments/mirror_applications/ma-501-loreft-mirror-coordinate/artifacts/payloads/50120_1_mirror_vq_K32.pt
50120,1,mirror_vq,64,0.4603703022003174,4573,71.453125,256,b402474638144830dd0a9222ffd5e85ce756e401d5335c74380f2683b7090589,experiments/mirror_applications/ma-501-loreft-mirror-coordinate/artifacts/payloads/50120_1_mirror_vq_K64.pt
50120,2,dense,0,0.0,18025,281.640625,0,6653e243107a3f155303b7719f491fe52163dc804e5e9ef8eb930a0b4997a982,experiments/mirror_applications/ma-501-loreft-mirror-coordinate/artifacts/payloads/50120_2_dense_K0.pt
50120,2,loreft_fp16,0,0.0608021579682827,3809,59.515625,256,16089db59913bf3e45f0997d38d5c3cfcb1b8fdb559f31245cb271d6dc345928,experiments/mirror_applications/ma-501-loreft-mirror-coordinate/artifacts/payloads/50120_2_loreft_fp16_K0.pt
50120,2,shared_only,0,1.0036736726760864,3109,48.578125,0,5ee163a815db5a2ab5c3769c93a9b11156db9dcb034d566f5d2065499d88a2c5,experiments/mirror_applications/ma-501-loreft-mirror-coordinate/artifacts/payloads/50120_2_shared_only_K0.pt
50120,2,mirror_vq,8,0.6873005032539368,3677,57.453125,256,cb14cbaf38d48979f3dac6e7f8a64f1b93a6d35d1a01e365d9defa70bb4eccc5,experiments/mirror_applications/ma-501-loreft-mirror-coordinate/artifacts/payloads/50120_2_mirror_vq_K8.pt
50120,2,mirror_vq,16,0.6029053926467896,3805,59.453125,256,51abf57ef4350d40ee074f549b732b9d53cb59eaeede029896e90a03d470b17a,experiments/mirror_applications/ma-501-loreft-mirror-coordinate/artifacts/payloads/50120_2_mirror_vq_K16.pt
50120,2,mirror_vq,32,0.5419290661811829,4061,63.453125,256,76f53d92169d3efb90a6c0ac801737ae585a70e2e58cf1093eee1565c4017722,experiments/mirror_applications/ma-501-loreft-mirror-coordinate/artifacts/payloads/50120_2_mirror_vq_K32.pt
50120,2,mirror_vq,64,0.4933456778526306,4573,71.453125,256,cea86f9e4eaba6098ada242e463ae0fb62f105457d746cff5d80b0733f4cdf68,experiments/mirror_applications/ma-501-loreft-mirror-coordinate/artifacts/payloads/50120_2_mirror_vq_K64.pt
50121,0,dense,0,0.0,18025,281.640625,0,b16212b7fd1a534e8b5f16fffa873e45978e8630ac2fee367342062e0474dfa5,experiments/mirror_applications/ma-501-loreft-mirror-coordinate/artifacts/payloads/50121_0_dense_K0.pt
50121,0,loreft_fp16,0,0.06192370876669884,3809,59.515625,256,b6c398eb06eb4bce8072c29106934a84599167ec4e0c60b829d4915cba6a400d,experiments/mirror_applications/ma-501-loreft-mirror-coordinate/artifacts/payloads/50121_0_loreft_fp16_K0.pt
50121,0,shared_only,0,1.000734567642212,3109,48.578125,0,5ee163a815db5a2ab5c3769c93a9b11156db9dcb034d566f5d2065499d88a2c5,experiments/mirror_applications/ma-501-loreft-mirror-coordinate/artifacts/payloads/50121_0_shared_only_K0.pt
50121,0,mirror_vq,8,0.7212284207344055,3677,57.453125,256,8e7dc4b042cd50187c69b05e28d629444347cf4e15a2a832a7518991158486cf,experiments/mirror_applications/ma-501-loreft-mirror-coordinate/artifacts/payloads/50121_0_mirror_vq_K8.pt
50121,0,mirror_vq,16,0.6013426780700684,3805,59.453125,256,b6053275559b014c6b80996c8930041a91fc1c08bf41d6b42cf0d3d9ac8cdda3,experiments/mirror_applications/ma-501-loreft-mirror-coordinate/artifacts/payloads/50121_0_mirror_vq_K16.pt
50121,0,mirror_vq,32,0.5467028617858887,4061,63.453125,256,707fd3b012b0574960b5c40e7eb7e79a56f9634cc9d07afc00ced4adbbaf5001,experiments/mirror_applications/ma-501-loreft-mirror-coordinate/artifacts/payloads/50121_0_mirror_vq_K32.pt
50121,0,mirror_vq,64,0.4598229229450226,4573,71.453125,256,c375311055ebda7ef3f64589c1090ae5cd3b6296e9d5eb8ac18e432105a4f081,experiments/mirror_applications/ma-501-loreft-mirror-coordinate/artifacts/payloads/50121_0_mirror_vq_K64.pt
50121,1,dense,0,0.0,18025,281.640625,0,a85fd540eb23bb32df88aed4255fa432134ba0d1586b10d8b61d26dab6305af6,experiments/mirror_applications/ma-501-loreft-mirror-coordinate/artifacts/payloads/50121_1_dense_K0.pt
50121,1,loreft_fp16,0,0.06433268636465073,3809,59.515625,256,3729cd2f1b314543c16957b72c6f6d819b7d1780791d62b0f63d91dc88eb20d3,experiments/mirror_applications/ma-501-loreft-mirror-coordinate/artifacts/payloads/50121_1_loreft_fp16_K0.pt
50121,1,shared_only,0,1.0065141916275024,3109,48.578125,0,5ee163a815db5a2ab5c3769c93a9b11156db9dcb034d566f5d2065499d88a2c5,experiments/mirror_applications/ma-501-loreft-mirror-coordinate/artifacts/payloads/50121_1_shared_only_K0.pt
50121,1,mirror_vq,8,0.7224788069725037,3677,57.453125,256,6d159d98804a8bdbfce182ae57dc598822bf91f8a19dae6e8491749e759b3e27,experiments/mirror_applications/ma-501-loreft-mirror-coordinate/artifacts/payloads/50121_1_mirror_vq_K8.pt
50121,1,mirror_vq,16,0.5964576601982117,3805,59.453125,256,373034475c67853e5fa26b0c3ec3ec26d48a3f4933f51ac5da165872f86790d2,experiments/mirror_applications/ma-501-loreft-mirror-coordinate/artifacts/payloads/50121_1_mirror_vq_K16.pt
50121,1,mirror_vq,32,0.52110755443573,4061,63.453125,256,65ade96e914caaf30f96e74dac1371f07ede27454ce0440bd3838f97661e3f6e,experiments/mirror_applications/ma-501-loreft-mirror-coordinate/artifacts/payloads/50121_1_mirror_vq_K32.pt
50121,1,mirror_vq,64,0.4657666087150574,4573,71.453125,256,232c3ab232c86db8cf8a3cc29be158ab3e470c4f786fe4ca30ec88b868850eef,experiments/mirror_applications/ma-501-loreft-mirror-coordinate/artifacts/payloads/50121_1_mirror_vq_K64.pt
50121,2,dense,0,0.0,18025,281.640625,0,ab03e88e829b43c9de5842e5240ec1516ff4192e9add6c42a6ffb7bfec7ace3c,experiments/mirror_applications/ma-501-loreft-mirror-coordinate/artifacts/payloads/50121_2_dense_K0.pt
50121,2,loreft_fp16,0,0.05803747847676277,3809,59.515625,256,084910a356bfbb91e5cdc3d52f95435e5a38726af33b432464528fb862f3e7a5,experiments/mirror_applications/ma-501-loreft-mirror-coordinate/artifacts/payloads/50121_2_loreft_fp16_K0.pt
50121,2,shared_only,0,1.0053576231002808,3109,48.578125,0,5ee163a815db5a2ab5c3769c93a9b11156db9dcb034d566f5d2065499d88a2c5,experiments/mirror_applications/ma-501-loreft-mirror-coordinate/artifacts/payloads/50121_2_shared_only_K0.pt
50121,2,mirror_vq,8,0.703673243522644,3677,57.453125,256,e6d7bbe3355402874b02aea564b00dd17fd988aa37e86f0ba1d60b6214e041af,experiments/mirror_applications/ma-501-loreft-mirror-coordinate/artifacts/payloads/50121_2_mirror_vq_K8.pt
50121,2,mirror_vq,16,0.5971369743347168,3805,59.453125,256,094b67bd91a1cd22453c14d1657f26e050dcd11b42989d6b3d19d0e63d7a46ee,experiments/mirror_applications/ma-501-loreft-mirror-coordinate/artifacts/payloads/50121_2_mirror_vq_K16.pt
50121,2,mirror_vq,32,0.5405371189117432,4061,63.453125,256,841eb45940d557cc0bbbf6c030a92a1a0750e2720eec8b3e1975c18ada1e8fb9,experiments/mirror_applications/ma-501-loreft-mirror-coordinate/artifacts/payloads/50121_2_mirror_vq_K32.pt
50121,2,mirror_vq,64,0.4619522988796234,4573,71.453125,256,346987c9c4970daa76c30e83ee2538a3859cea2a187c7009a245e2afce1eed0f,experiments/mirror_applications/ma-501-loreft-mirror-coordinate/artifacts/payloads/50121_2_mirror_vq_K64.pt
50122,0,dense,0,0.0,18025,281.640625,0,433316ca2cb11b00bc5586b2dcce38672e89b5f8e4b74e79525588777fdd26f3,experiments/mirror_applications/ma-501-loreft-mirror-coordinate/artifacts/payloads/50122_0_dense_K0.pt
50122,0,loreft_fp16,0,0.05391961336135864,3809,59.515625,256,7dfb51295441794d6e5d68303976595419612bc98d6680cba35de8d46548389e,experiments/mirror_applications/ma-501-loreft-mirror-coordinate/artifacts/payloads/50122_0_loreft_fp16_K0.pt
50122,0,shared_only,0,0.9977448582649231,3109,48.578125,0,5ee163a815db5a2ab5c3769c93a9b11156db9dcb034d566f5d2065499d88a2c5,experiments/mirror_applications/ma-501-loreft-mirror-coordinate/artifacts/payloads/50122_0_shared_only_K0.pt
50122,0,mirror_vq,8,0.6967027187347412,3677,57.453125,256,f7609fd0c94592284ebae2f0c8cbdbbb384de57d92c7e29065bb2919e43cca75,experiments/mirror_applications/ma-501-loreft-mirror-coordinate/artifacts/payloads/50122_0_mirror_vq_K8.pt
50122,0,mirror_vq,16,0.5811832547187805,3805,59.453125,256,d13959263f4e836ac46669664cc3f750f24f68dffd879481e08fcd7e043b735c,experiments/mirror_applications/ma-501-loreft-mirror-coordinate/artifacts/payloads/50122_0_mirror_vq_K16.pt
50122,0,mirror_vq,32,0.510673999786377,4061,63.453125,256,346769ce1dd4cee5744b4474200eaa651cf7ff560b28218a1a1852e148a9788c,experiments/mirror_applications/ma-501-loreft-mirror-coordinate/artifacts/payloads/50122_0_mirror_vq_K32.pt
50122,0,mirror_vq,64,0.45141512155532837,4573,71.453125,256,9304aa95f8aaa7e2f011b0cccffd4ec8ec68af8893b3323e88e40e73e73743e7,experiments/mirror_applications/ma-501-loreft-mirror-coordinate/artifacts/payloads/50122_0_mirror_vq_K64.pt
50122,1,dense,0,0.0,18025,281.640625,0,6866ff713a7db49ba04f95d0c8d50c6f484b364bc86e2e921c3a490d8508ca54,experiments/mirror_applications/ma-501-loreft-mirror-coordinate/artifacts/payloads/50122_1_dense_K0.pt
50122,1,loreft_fp16,0,0.06801871955394745,3809,59.515625,256,92cee1ca3dcf98a10ab88bf264a8609f401d2da63984f76ae8f579d65881309c,experiments/mirror_applications/ma-501-loreft-mirror-coordinate/artifacts/payloads/50122_1_loreft_fp16_K0.pt
50122,1,shared_only,0,1.0000736713409424,3109,48.578125,0,5ee163a815db5a2ab5c3769c93a9b11156db9dcb034d566f5d2065499d88a2c5,experiments/mirror_applications/ma-501-loreft-mirror-coordinate/artifacts/payloads/50122_1_shared_only_K0.pt
50122,1,mirror_vq,8,0.7129369974136353,3677,57.453125,256,83247a29818aa045d1eda175722b7d1c793730abb7826113958a1df5bf188e21,experiments/mirror_applications/ma-501-loreft-mirror-coordinate/artifacts/payloads/50122_1_mirror_vq_K8.pt
50122,1,mirror_vq,16,0.6403774619102478,3805,59.453125,256,c6c198d42f83451aa2934a5b1b7dc73d0b10a9a06b54c7ac2607cf23cea22a98,experiments/mirror_applications/ma-501-loreft-mirror-coordinate/artifacts/payloads/50122_1_mirror_vq_K16.pt
50122,1,mirror_vq,32,0.5722266435623169,4061,63.453125,256,c3f17714059cd0e4b3bc80d6ebadb2e2439ab308a289d81848d323c2be3dea9d,experiments/mirror_applications/ma-501-loreft-mirror-coordinate/artifacts/payloads/50122_1_mirror_vq_K32.pt
50122,1,mirror_vq,64,0.4930022954940796,4573,71.453125,256,7d576078fef2769d142f3177ce8fc9f8271f0e39d647aa93dc0f52c2334e9a98,experiments/mirror_applications/ma-501-loreft-mirror-coordinate/artifacts/payloads/50122_1_mirror_vq_K64.pt
50122,2,dense,0,0.0,18025,281.640625,0,f4c06daf8a7a6521d37bfb0f2282ae3384c749b9f1ce2f141556826bf26f8aaa,experiments/mirror_applications/ma-501-loreft-mirror-coordinate/artifacts/payloads/50122_2_dense_K0.pt
50122,2,loreft_fp16,0,0.05653586983680725,3809,59.515625,256,ded27b944900a55fdccf334935a7968eded8e8cb8378d14ca6aa799112c2dd47,experiments/mirror_applications/ma-501-loreft-mirror-coordinate/artifacts/payloads/50122_2_loreft_fp16_K0.pt
50122,2,shared_only,0,1.0025616884231567,3109,48.578125,0,5ee163a815db5a2ab5c3769c93a9b11156db9dcb034d566f5d2065499d88a2c5,experiments/mirror_applications/ma-501-loreft-mirror-coordinate/artifacts/payloads/50122_2_shared_only_K0.pt
50122,2,mirror_vq,8,0.6793267726898193,3677,57.453125,256,4782d4d2af433f1faf2c1cbf51b76e94b029d3117d81f89cee9f44f47594c42d,experiments/mirror_applications/ma-501-loreft-mirror-coordinate/artifacts/payloads/50122_2_mirror_vq_K8.pt
50122,2,mirror_vq,16,0.5883604884147644,3805,59.453125,256,c0ff1ef3ba9aa6ba0c59000855e1938fcc74ad4b2e2e02c50612a745e4a55b32,experiments/mirror_applications/ma-501-loreft-mirror-coordinate/artifacts/payloads/50122_2_mirror_vq_K16.pt
50122,2,mirror_vq,32,0.5335391759872437,4061,63.453125,256,8a8f82e5ea4d203252f6193a5d62dc359619d1d88a96beb54f369a66386d6ee3,experiments/mirror_applications/ma-501-loreft-mirror-coordinate/artifacts/payloads/50122_2_mirror_vq_K32.pt
50122,2,mirror_vq,64,0.46131643652915955,4573,71.453125,256,50677cbbb1115f7a664f0b545ad9847cf0e1d1908f5d917a517fd131c1b6f518,experiments/mirror_applications/ma-501-loreft-mirror-coordinate/artifacts/payloads/50122_2_mirror_vq_K64.pt
