condition,world_or_seed,method,serialized_bytes,heldout_interpolations,private_checks,optimizer_updates,controller_macs_proxy,mean_switch_wall_s,total_eval_wall_s,primary_metric,primary_value,payload_sha256,status_note
fresh,65511,nspm_corner_memory,3327,32,1,0,150656,2.4710121193272766e-05,0.0017259469987038756,normalized_trajectory_mse,3.0456244194858544e-15,77265b251eb14219c7eee15bba1a4dd36ed9b3e63e329acce590e7425a2fb4b7,CPU numpy; 8 recurrent steps; synthetic affine task controllers
fresh,65511,mirror_shared_program_code,2837,32,1,0,117888,2.446536365658341e-05,0.0016293019998556701,normalized_trajectory_mse,4.755773095044274e-15,1677907af6a07ddc3690793b396d02adfc52c0dceacf9f68ea77fe8aee82e768,CPU numpy; 8 recurrent steps; synthetic affine task controllers
fresh,65511,ordinary_shared_matrix_basis,2839,32,1,0,117888,2.164384877136344e-05,0.0016152309999597492,normalized_trajectory_mse,4.755773095044274e-15,1e94b088ab5e363e3783fd8b3e1d34e7b79053907bb64d0544cb27bb3c19af95,CPU numpy; 8 recurrent steps; synthetic affine task controllers
fresh,65511,independent_full_programs,14281,32,1,0,38016,2.7072848531657435e-05,0.0016635029987810412,normalized_trajectory_mse,0.1424793557508663,508aa9657643660cf6d93ae575c79d7225882d34ba82904f5a0184d65c12e102,CPU numpy; 8 recurrent steps; synthetic affine task controllers
fresh,65512,nspm_corner_memory,3327,32,1,0,150656,2.3584060810125347e-05,0.0016398780007875757,normalized_trajectory_mse,2.044805872823884e-15,5cc9463303f4aa301147920ca27dba3f3d926242633780669a98e9993c5e689a,CPU numpy; 8 recurrent steps; synthetic affine task controllers
fresh,65512,mirror_shared_program_code,2837,32,1,0,117888,2.0279121048533302e-05,0.0014425409990508342,normalized_trajectory_mse,2.5746801753550894e-15,18bf66511ec57a5aff16b6f30b47ca0a42c97df3eac7f3833cd19a07cc0fc989,CPU numpy; 8 recurrent steps; synthetic affine task controllers
fresh,65512,ordinary_shared_matrix_basis,2839,32,1,0,117888,2.198642439245966e-05,0.0015186860000540037,normalized_trajectory_mse,2.5746801753550894e-15,ec66896e14e1299139ddfa1440b0d66a58dacc785375bd498a60e209942ae653,CPU numpy; 8 recurrent steps; synthetic affine task controllers
fresh,65512,independent_full_programs,14281,32,1,0,38016,2.613269691320249e-05,0.0016906240016396623,normalized_trajectory_mse,0.12902591866837387,2137535f45fd6f436e17420b4666b7e9652b3db8233d0b67a40ff1cb7fd633b0,CPU numpy; 8 recurrent steps; synthetic affine task controllers
fresh,65513,nspm_corner_memory,3327,32,1,0,150656,2.6305939448348276e-05,0.0016565230016567511,normalized_trajectory_mse,2.279818274532563e-15,611e5468f9ad9bd1582eb4bf980ec9a005a1cf127584278b8c96f920d022aa7f,CPU numpy; 8 recurrent steps; synthetic affine task controllers
fresh,65513,mirror_shared_program_code,2837,32,1,0,117888,2.3417999865628328e-05,0.0017819120002968702,normalized_trajectory_mse,2.782624679109111e-15,10144aed4198fb243e96655e675173dd6cd96a65432830a50e6ea3c4f7026d48,CPU numpy; 8 recurrent steps; synthetic affine task controllers
fresh,65513,ordinary_shared_matrix_basis,2839,32,1,0,117888,2.281324233274173e-05,0.0015709340004832484,normalized_trajectory_mse,2.782624679109111e-15,941a2837276c0b1ebf4802743ffaa20eee89498d13fc873c9097b9a1594d117f,CPU numpy; 8 recurrent steps; synthetic affine task controllers
fresh,65513,independent_full_programs,14281,32,1,0,38016,3.085724248111629e-05,0.002091166001264355,normalized_trajectory_mse,0.12069118758276584,1e0e1958b14ce10c6d3dd225d2fe61130f3c15264134fdbe022ac488130e1693,CPU numpy; 8 recurrent steps; synthetic affine task controllers
