claim_id,status,evidence_lane,statement,primary_origin,scope,notes
FQC-C001,ACTIVE,THEORY,"Known invertible Mirror/basis transforms do not by themselves create fundamental rate-distortion gain when distortion is transformed consistently.","COMPLETE: MASTER_THEORY §5; D120: CLAIM_BOUNDARIES","general under stated information-theoretic assumptions","Compression gains must come from noninvertibility, sharing, restricted codecs, or other real structure."
FQC-C002,ACTIVE,EXACT_TOY,"Actual serializer accounting can change the hard-budget optimum relative to logical-bit accounting.","COMPLETE: EXACT_EXPERIMENT_LOG E1","4-leaf exact toy","A raw 76-bit state serialized to 88 bits and falsely passed an 80-bit raw check."
FQC-C003,ACTIVE,EXACT_TOY,"Ignoring cross-block task coupling can underestimate distortion and produce false hard-budget passes.","COMPLETE: EXACT_EXPERIMENT_LOG E2","4-leaf PSD toy metric","The tested naive diagonal model produced a false 32-bit pass."
FQC-C004,ACTIVE,EXACT_TOY,"Quotienting safely equivalent optimizer states can substantially reduce exact search state.","COMPLETE: EXACT_EXPERIMENT_LOG E3; MASTER_THEORY §12","16-leaf binary-mask toy; general rule requires equivalent future prerequisites/capabilities","The archived toy had 2,090,918 recursive states vs 65,536 decoded masks (~31.9x). Canonical code uses decoded signature plus prerequisite signature; decoded mask alone is not a general safe key."
FQC-C005,ACTIVE,EXACT_TOY,"Tree topology and precision can be complementary, so coordinate-wise optimization can miss a beneficial joint move.","COMPLETE: EXACT_EXPERIMENT_LOG E7","constructed 8-leaf, 5-state toy","Joint move improved distortion by 6.40% at the same serialized budget; tree-only and precision-only gains were zero from the incumbent."
FQC-C006,ACTIVE,SYNTHETIC,"In the D116 synthetic environment, a shared E coefficient across actions is decision-null for pairwise action differences.","D120: D116 checkpoint / MASTER_RESEARCH_SUMMARY","VM synthetic environment only","Absolute predictions need not be identical; pairwise decisions were identical in the tested construction."
FQC-C007,ACTIVE,SYNTHETIC,"Very small coefficient spectral energy does not imply negligible decision value.","D120: D117 checkpoint / MASTER_RESEARCH_SUMMARY","VM synthetic environment only","Smallest tested mode carried ~0.019% Frobenius energy but hard removal was strongly harmful."
FQC-C008,ACTIVE,SYNTHETIC,"Automatic spectral shrink rules D118-D120 improved the tested base but did not beat the best tested fixed q=0.75 rule.","D120: D118-D120 checkpoints","VM synthetic environment only","q=0.75 is empirical, not globally optimal or pathwise safe."
FQC-C009,ACTIVE,THEORY,"For a 16-bit scalar baseline with N unique paid scalar values, a hard 64x payload target is B_total <= floor(N/4) bits.","D120: D050 / CLAIM_BOUNDARIES","hard accounting convention","All paid decoder state must be included."
FQC-C010,ACTIVE,THEORY,"A real compression claim requires exact paid-bit serialization plus a task-quality witness under a declared real-model extraction/evaluation contract.","D120: D056-D057 / CLAIM_BOUNDARIES","future real-model evidence","D56/D57 are the historical contract basis to reconstruct canonically."
FQC-C011,ACTIVE,THEORY,"Search, query, calibration, validation, or controller work savings are not codec-bit savings unless the serialized decoder representation changes.","D120: D039-D049, D070-D120 / CLAIM_BOUNDARIES","research-compute accounting","Keep scheduler evidence in a separate lane."
FQC-C012,ACTIVE,REAL_MODEL,"64x compression on a real Transformer has not yet been demonstrated by the reconstructed evidence base.","All three handoff audits","current repository boundary","This is a status claim, not a theorem of impossibility."
FQC-C013,ACTIVE,THEORY,"A QK near-tie boundary condition alone does not imply a low-dimensional routing tangent space in the Gaussian-null analysis used by the 2026-08-27 re-audit.","2026-08-27 re-audit: report_text_snapshot / corrections","Gaussian null / generic zero-margin geometry","Observed low-rank routing geometry in a real model would indicate additional structure such as shared Q/D subspaces, GQA/MQA, semantic clustering, or predictor/core reduction."
FQC-C014,ACTIVE,THEORY,"When codec options conditionally require shared paid atoms, exact candidate rate is private payload plus the cost of the union of prerequisite closures; standalone per-block bit costs are generally nonseparable.","D120: D059 and D063","decoder-DAG / fixed-charge allocation","A shared root/dictionary/basis is charged once regardless of consumer count. This is the allocation regime where FQC sharing can amortize fixed representation cost."
FQC-C015,ACTIVE,REAL_MODEL,"The pinned SmolLM2-135M source checkpoint contains 134,515,008 paid BF16 scalar values when tied storage is counted once, giving a 16-bit-baseline 64x target of 33,628,752 bits = 4,203,594 bytes.","T001 header preflight + runtime consistency","HuggingFaceTB/SmolLM2-135M revision 28e66ca6931668447a3bac213f23d990ad3b0e2b","272 serialized tensors; missing/unaccounted keys 0/0; runtime N matched source N. This establishes the denominator, not 64x feasibility."
FQC-C016,ACTIVE,REAL_MODEL,"Direct raw-coordinate sharing of corresponding WQ/WK/WV/WO/gate/up/down tensors across SmolLM2 layers 0, 15, and 29 is close to an equal-energy orthogonal-family reference, while some local GQA Q/K families are substantially more concentrated.","T002 raw structural audit","SmolLM2-135M layers 0/15/29; task-unconditioned raw weights","Largest cross-layer rank-1 concentration excess was 0.00225; strongest audited local 3Q+1K family was L15 KV2 with residual 0.4731 vs orthogonal reference 0.75. This is structure evidence, not rate or task-safety evidence."
FQC-C017,ACTIVE,REAL_MODEL,"Raw normalized family residual is not a calibrated proxy for functional sensitivity in the tested SmolLM2 interventions.","T003 functional intervention audit","fixed 4-passage/164-next-token calibration; predeclared Q/K rank interventions","L15 KV2 rank-3 residual 0.09015 and L29 KV2 rank-3 residual 0.10745 were structurally similar, yet mean KL differed by 21.46x and top-1 flip rate by 12x. Two fresh-runner executions were byte-identical."
FQC-C018,ACTIVE,REAL_MODEL,"Low T002 SwiGLU descriptor energy alone does not certify task irrelevance in the tested SmolLM2 layer-15 intervention.","T003 functional intervention audit","layer 15; fixed 4-passage/164-next-token calibration","Removing the bottom ~10% channels by descriptor removed 3.24% descriptor energy but produced mean KL 0.01175 and 6.10% top-1 flips. Those channels still contained ~10% parameter Frobenius energy, so this is not a low-weight-energy pruning claim."
FQC-C019,ACTIVE,REAL_MODEL,"A small fixed-calibration next-token NLL improvement does not by itself certify a model intervention as functionally safe.","T003 functional intervention audit","fixed 4-passage/164-next-token calibration","All three tested L15 Q/K rank interventions had negative NLL deltas while producing material KL and top-1 changes. NLL remains one witness, not the sole commit criterion."
FQC-C020,ACTIVE,REAL_MODEL,"Across 21 audited SmolLM2 rank-3 GQA Q/K candidates, raw normalized family residual is essentially uncorrelated with final functional damage, whereas measured local activation perturbation is substantially more informative.","T004 continuation-amplification audit","layers 0/5/10/15/20/25/29; 3 KV groups each; fixed calibration probe","Residual vs final relative logit RMS Pearson -0.0105 and vs mean KL -0.0716; local attention relative RMS vs final relative RMS 0.7815. T004 full result was byte-identical across two independent runs."
FQC-C021,ACTIVE,REAL_MODEL,"Within each of seven audited SmolLM2 layers, shared-K reconstruction error consistently ranks local attention-output damage across the three GQA KV groups better than total family residual.","T004 preserved actual result + local T015/T022 exact re-analysis","7 layers x 3 KV groups; joint rank-3 Q/K interventions; fixed calibration probe","K-error mean within-layer Spearman 0.7143, positive in 7/7 layers; exact stratified permutation one-sided p=0.00403 and Bonferroni-corrected p=0.0161. Raw family residual mean Spearman 0.0, p=0.551. Association does not yet prove K-only causality."
FQC-C022,ACTIVE,REAL_MODEL,"The transfer from local GQA perturbation to later-model output is strongly layer-specific in the audited SmolLM2 candidates.","T004 preserved actual result + local T012/T013 re-analysis","7 layers x 3 KV groups; fixed calibration probe","Layer identity explains 97.6% of log continuation-ratio variance and 99.8% of log attention-to-decoder attenuation-ratio variance; KV-group identity explains ~0.1% and ~0.02%. Leave-one-KV-out layer calibration predicts held-out final relative RMS from decoder relative RMS with median APE 11.6%; exact replay remains required for commit decisions."
FQC-C023,ACTIVE,REAL_MODEL,"Equal nominal rank-3 GQA Q/K rate-saving actions can have dramatically different functional cost on the pinned SmolLM2 probe.","T004 actual result + local T035 equal-rate re-analysis","21 rank-3 GQA Q/K candidates; continuous factor-count proxy only","All 21 actions share the same naive continuous scalar saving of 36,848 scalars (~24.99% of the family), yet mean KL spans 65.57x and final relative RMS spans 25.49x. This is evidence for task-aware allocation, not emitted codec-bit evidence."
FQC-C024,ACTIVE,REAL_MODEL,"A local activation perturbation metric built from attention and decoder output changes ranks functional damage substantially better than raw structural residual in the audited SmolLM2 candidate set.","T004 actual result + local T027/T032/T033 analyses","7 layers x 3 KV groups; fixed calibration probe","For m=attention_delta^0.75*decoder_delta^0.25, KL Spearman is 0.9429; layer-cluster bootstrap 95% interval [0.8623,0.9856]. Exact within-layer permutation over 6^7 assignments, correcting for alpha selection over {0,.25,.5,.75,1}, gives familywise one-sided p=0.000200. Exact replay remains the commit authority."
FQC-C025,ACTIVE,REAL_MODEL,"Simple interpolation of SmolLM2 continuation/attenuation gain by layer depth is not reliable on the audited layers.","T004 actual result + local T023 depth-interpolation analysis","layers 0/5/10/15/20/25/29","Leave-one-layer-out neighboring log interpolation has median relative error 71.6% for continuation gain and 90.1% for within-layer attenuation. Layer identity is useful, but layer index alone is not a safe interpolation coordinate."
FQC-C026,ACTIVE,REAL_MODEL,"A SmolLM2-135M codec that leaves the tied embedding/LM-head representation at FP16 cannot reach the 64x target even if attention and MLP payload are hypothetically free.","T001 certified component counts + local T050-T052 arithmetic","pinned SmolLM2-135M; 16-bit baseline; zero-cost attention/MLP thought-bound","FP16 embedding plus the small other/norm component alone require 453,547,008 bits = 3.37172 bpp, limiting compression to 4.745x. Therefore a 64x codec must also compress the embedding representation. This is a restricted-family arithmetic constraint, not an impossibility result against all codecs."
