draw_index_zero_based,candidate_id
0,MA-255
1,MA-257
2,MA-258
3,MA-260
4,MA-261
5,MA-265
6,MA-266
7,MA-268
8,MA-271
9,MA-272
10,MA-273
11,MA-296
12,MA-301
13,MA-303
14,MA-304
15,MA-307
16,MA-309
17,MA-311
18,MA-312
19,MA-314
20,MA-315
21,MA-318
22,MA-319
23,MA-320
24,MA-322
25,MA-325
26,MA-327
27,MA-331
28,MA-332
29,MA-333
30,MA-335
31,MA-337
32,MA-338
33,MA-341
34,MA-342
35,MA-344
36,MA-346
37,MA-349
38,MA-351
39,MA-353
40,MA-355
41,MA-356
42,MA-357
43,MA-359
44,MA-360
45,MA-361
46,MA-364
47,MA-366
48,MA-367
49,MA-368
50,MA-369
51,MA-371
52,MA-372
53,MA-374
54,MA-375
55,MA-379
56,MA-381
57,MA-383
58,MA-385
59,MA-389
60,MA-391
61,MA-392
62,MA-393
63,MA-395
64,MA-397
65,MA-399
66,MA-401
67,MA-403
68,MA-405
69,MA-407
70,MA-408
71,MA-411
72,MA-413
73,MA-416
74,MA-417
75,MA-418
76,MA-419
77,MA-424
78,MA-425
79,MA-427
80,MA-429
81,MA-431
82,MA-434
83,MA-436
84,MA-437
85,MA-442
86,MA-444
87,MA-446
88,MA-451
89,MA-452
90,MA-453
91,MA-455
92,MA-457
93,MA-461
94,MA-462
95,MA-463
96,MA-464
97,MA-466
98,MA-468
99,MA-469
100,MA-470
101,MA-471
102,MA-473
103,MA-475
104,MA-476
105,MA-478
106,MA-481
107,MA-482
108,MA-484
109,MA-486
110,MA-487
111,MA-488
112,MA-492
113,MA-494
114,MA-498
115,MA-501
116,MA-502
117,MA-503
118,MA-504
119,MA-508
120,MA-510
121,MA-511
122,MA-516
123,MA-517
124,MA-518
125,MA-520
126,MA-521
127,MA-526
128,MA-527
129,MA-528
130,MA-530
131,MA-533
132,MA-534
133,MA-539
134,MA-540
135,MA-545
136,MA-546
137,MA-547
138,MA-550
139,MA-551
140,MA-553
141,MA-554
142,MA-556
143,MA-557
144,MA-558
145,MA-560
146,MA-561
147,MA-562
148,MA-565
149,MA-567
150,MA-569
151,MA-571
152,MA-573
153,MA-574
154,MA-575
155,MA-576
156,MA-578
157,MA-581
158,MA-582
159,MA-583
160,MA-585
161,MA-586
162,MA-589
163,MA-591
164,MA-592
165,MA-594
166,MA-596
167,MA-597
168,MA-598
169,MA-602
170,MA-603
171,MA-604
172,MA-606
173,MA-607
174,MA-608
175,MA-610
176,MA-611
177,MA-612
178,MA-613
179,MA-614
180,MA-616
181,MA-617
182,MA-618
183,MA-621
184,MA-622
185,MA-623
186,MA-624
187,MA-626
188,MA-627
189,MA-628
190,MA-631
191,MA-632
192,MA-633
193,MA-635
194,MA-636
195,MA-637
196,MA-639
197,MA-640
198,MA-641
199,MA-643
200,MA-646
201,MA-647
202,MA-649
203,MA-651
204,MA-652
205,MA-653
206,MA-655
207,MA-658
208,MA-660
209,MA-661
210,MA-663
211,MA-664
212,MA-665
213,MA-669
214,MA-670
215,MA-671
216,MA-672
217,MA-673
218,MA-674
219,MA-676
220,MA-677
221,MA-679
222,MA-680
223,MA-681
224,MA-685
225,MA-686
226,MA-688
227,MA-689
228,MA-690
229,MA-692
230,MA-693
231,MA-694
232,MA-695
233,MA-697
234,MA-699
235,MA-701
236,MA-702
237,MA-704
238,MA-705
239,MA-707
240,MA-708
241,MA-711
242,MA-712
243,MA-713
244,MA-714
245,MA-715
246,MA-716
247,MA-718
248,MA-719
249,MA-721
250,MA-722
251,MA-724
252,MA-725
253,MA-729
254,MA-731
255,MA-732
256,MA-733
257,MA-734
258,MA-736
259,MA-738
260,MA-740
261,MA-741
262,MA-742
263,MA-743
264,MA-744
265,MA-746
266,MA-749
267,MA-751
268,MA-752
269,MA-753
270,MA-755
271,MA-756
272,MA-757
273,MA-758
274,MA-760
275,MA-761
276,MA-762
277,MA-764
278,MA-765
279,MA-767
280,MA-770
281,MA-771
282,MA-772
283,MA-773
284,MA-775
285,MA-776
286,MA-777
287,MA-780
288,MA-781
289,MA-783
290,MA-784
291,MA-785
292,MA-786
293,MA-787
294,MA-788
295,MA-789
296,MA-790
297,MA-791
298,MA-792
299,MA-794
300,MA-795
301,MA-796
302,MA-797
303,MA-798
304,MA-800
305,MA-801
306,MA-802
307,MA-803
308,MA-804
309,MA-805
310,MA-806
311,MA-807
312,MA-809
313,MA-810
314,MA-811
315,MA-813
316,MA-816
317,MA-817
318,MA-818
319,MA-819
320,MA-821
321,MA-822
322,MA-823
323,MA-824
324,MA-826
325,MA-827
326,MA-828
327,MA-829
328,MA-830
329,MA-832
330,MA-833
331,MA-834
332,MA-835
333,MA-836
334,MA-837
335,MA-838
336,MA-840
337,MA-841
338,MA-842
339,MA-843
340,MA-844
341,MA-845
342,MA-846
343,MA-847
344,MA-848
345,MA-851
346,MA-852
347,MA-853
348,MA-855
349,MA-856
350,MA-857
351,MA-858
352,MA-860
353,MA-862
354,MA-864
355,MA-865
356,MA-866
357,MA-867
358,MA-869
359,MA-871
360,MA-872
361,MA-873
362,MA-874
363,MA-876
364,MA-877
365,MA-878
366,MA-879
367,MA-880
368,MA-881
369,MA-882
370,MA-883
371,MA-886
372,MA-887
373,MA-889
374,MA-891
375,MA-892
376,MA-893
377,MA-894
378,MA-895
379,MA-896
380,MA-897
381,MA-898
382,MA-899
383,MA-900
384,MA-902
385,MA-903
386,MA-904
387,MA-906
388,MA-907
389,MA-908
390,MA-909
391,MA-910
392,MA-911
393,MA-912
394,MA-914
395,MA-916
396,MA-917
397,MA-919
398,MA-920
399,MA-921
400,MA-922
401,MA-924
402,MA-925
403,MA-926
404,MA-929
405,MA-930
406,MA-931
407,MA-932
408,MA-933
409,MA-936
410,MA-937
411,MA-938
412,MA-939
413,MA-941
414,MA-942
415,MA-943
416,MA-944
417,MA-945
418,MA-946
419,MA-948
420,MA-950
421,MA-951
422,MA-952
423,MA-953
424,MA-954
425,MA-955
426,MA-956
427,MA-957
428,MA-958
429,MA-961
430,MA-962
431,MA-963
432,MA-964
433,MA-965
434,MA-966
435,MA-968
436,MA-969
437,MA-971
438,MA-972
439,MA-973
440,MA-974
441,MA-975
442,MA-976
443,MA-977
444,MA-980
445,MA-981
446,MA-982
447,MA-983
448,MA-984
449,MA-985
450,MA-987
451,MA-988
452,MA-990
453,MA-991
454,MA-992
455,MA-993
