world,seed,stratum,method,mean_expert_nrmse,max_expert_nrmse,payload_bytes,sha256,path,fit_seconds,apply_seconds,experts
25810,0,aligned,untied,0.0,0.0,34409,e0c541adb697e298f7018ede9d567ac75ad71144b0a0cf0fad1ef504f5ce44c1,experiments/mirror_applications/ma-258-parameter-superposed-experts/artifacts/payloads/25810_0_aligned_untied.pt,0.0,0.00014039700909052044,8
25810,0,aligned,hard_tied,0.05733942799270153,0.1189790666103363,5737,006d731bfc477a3c22df076e6c99ee81fd5134239b4cebebfaf8197762af9cdc,experiments/mirror_applications/ma-258-parameter-superposed-experts/artifacts/payloads/25810_0_aligned_hard_tied.pt,0.0,0.00014031700266059488,8
25810,0,aligned,native_psp,2.622659534215927,2.685391664505005,38757,9bd968f755aeeb17ea8ab734170d40cd1349329064058ae62b9a9cc5b1e105c3,experiments/mirror_applications/ma-258-parameter-superposed-experts/artifacts/payloads/25810_0_aligned_native_psp.pt,0.0,0.00014062800619285554,8
25810,0,aligned,mirror_givens,0.0007111519807949662,0.00568921584635973,5925,53d65cdb90b3f74c11b446d7824610fca9862d8ce220584fafaeaf11fa4672b5,experiments/mirror_applications/ma-258-parameter-superposed-experts/artifacts/payloads/25810_0_aligned_mirror_givens.pt,2.333055812996463,0.00014117899991106242,8
25810,0,aligned,rank2_private,2.1700136410007786e-08,4.599401748350829e-08,43888,ffeb67ab734e118173fc3dda6ff1e0ed56d47f230b432fa8aa41f0597e0ac1e3,experiments/mirror_applications/ma-258-parameter-superposed-experts/artifacts/payloads/25810_0_aligned_rank2_private.pt,0.0008124219893943518,0.00014142900181468576,8
25810,0,random_rank2,untied,0.0,0.0,34409,f5f472793435815e093722f9c82280266ee0585db4282730809eb467458e7b0d,experiments/mirror_applications/ma-258-parameter-superposed-experts/artifacts/payloads/25810_0_random_rank2_untied.pt,0.0,0.00013961699733044952,8
25810,0,random_rank2,hard_tied,0.22896139696240425,0.25657692551612854,5737,9e57ab2442217f5d231fb0329823661999a979fb99ad8e521b37f070af5757fb,experiments/mirror_applications/ma-258-parameter-superposed-experts/artifacts/payloads/25810_0_random_rank2_hard_tied.pt,0.0,0.00013807399955112487,8
25810,0,random_rank2,native_psp,2.4890124201774597,2.594773054122925,38757,a7651d3479b094c644028c24cab4e3f991d700feb58aeaea7e36a4a4d5b2daef,experiments/mirror_applications/ma-258-parameter-superposed-experts/artifacts/payloads/25810_0_random_rank2_native_psp.pt,0.0,0.00013918599870521575,8
25810,0,random_rank2,mirror_givens,0.24350428022444248,0.2808259427547455,5925,45f9e213289834d70ff7dcca3622e56f76405f3a993517a2aa84ed3d08640c53,experiments/mirror_applications/ma-258-parameter-superposed-experts/artifacts/payloads/25810_0_random_rank2_mirror_givens.pt,1.5312311229936313,0.00014823899255134165,8
25810,0,random_rank2,rank2_private,1.1146416856178121e-07,1.2914475178149587e-07,43888,020463764c565f3c1f51182ac4daf36f677edc5061eabba6edcf9eb9406abdd4,experiments/mirror_applications/ma-258-parameter-superposed-experts/artifacts/payloads/25810_0_random_rank2_rank2_private.pt,0.0008457610092591494,0.0001385950017720461,8
25810,1,aligned,untied,0.0,0.0,34409,259cb122d41387c7a36b683442ab98c921f254b2372687d07986193bfa35549f,experiments/mirror_applications/ma-258-parameter-superposed-experts/artifacts/payloads/25810_1_aligned_untied.pt,0.0,0.0001366420037811622,8
25810,1,aligned,hard_tied,0.07881896430626512,0.13288378715515137,5737,a4558af5c71b098450b8c107e8ce76e444971a7df67411c6354490c6d889c38a,experiments/mirror_applications/ma-258-parameter-superposed-experts/artifacts/payloads/25810_1_aligned_hard_tied.pt,0.0,0.00013985698751639575,8
25810,1,aligned,native_psp,2.640809118747711,2.6913836002349854,38757,bd2dd4ffdc6b3aeacc3688e8ec6b0d9b289e40e760b01005f627a1e561f30381,experiments/mirror_applications/ma-258-parameter-superposed-experts/artifacts/payloads/25810_1_aligned_native_psp.pt,0.0,0.00013852499250788242,8
25810,1,aligned,mirror_givens,0.0001137946529705669,0.0009075689013116062,5925,5fe002152f6a5fa66fa0207187fdba4f97184915f0b15b2951459ee5c00fa132,experiments/mirror_applications/ma-258-parameter-superposed-experts/artifacts/payloads/25810_1_aligned_mirror_givens.pt,1.5587163730087923,0.00013871600094716996,8
25810,1,aligned,rank2_private,3.509588530903329e-08,5.998551699804011e-08,43888,a0ae25c82ca55c41ee1d0ad13a84d00b626ed2be7833fae1963cd827d2dcbf1e,experiments/mirror_applications/ma-258-parameter-superposed-experts/artifacts/payloads/25810_1_aligned_rank2_private.pt,0.0006965600041439757,0.0001394360006088391,8
25810,1,random_rank2,untied,0.0,0.0,34409,7c2908137f739ca09278a8c9f416d344d287eb01bd5f3368c5f0d4223e5901ea,experiments/mirror_applications/ma-258-parameter-superposed-experts/artifacts/payloads/25810_1_random_rank2_untied.pt,0.0,8.743899525143206e-05,8
25810,1,random_rank2,hard_tied,0.2267839014530182,0.2653055787086487,5737,38baeaf9a63210b2d3ced1433e3cf57bf12b513ce378a4ded007f11fcde2d8c5,experiments/mirror_applications/ma-258-parameter-superposed-experts/artifacts/payloads/25810_1_random_rank2_hard_tied.pt,0.0,8.695900032762438e-05,8
25810,1,random_rank2,native_psp,2.6179810166358948,2.72780179977417,38757,da47eaeebf875461d65b3ad93c425ce26274e560b506f5e6d28d8b5696964290,experiments/mirror_applications/ma-258-parameter-superposed-experts/artifacts/payloads/25810_1_random_rank2_native_psp.pt,0.0,8.720900223124772e-05,8
25810,1,random_rank2,mirror_givens,0.2420895081013441,0.29197269678115845,5925,c97540a8084cc8c5754b52111f065dbfcaac8da8a7e10392dc82205319f1e166,experiments/mirror_applications/ma-258-parameter-superposed-experts/artifacts/payloads/25810_1_random_rank2_mirror_givens.pt,1.4976865619973978,8.687800436746329e-05,8
25810,1,random_rank2,rank2_private,9.80921548432434e-08,1.4256782776556065e-07,43888,da48ab850dc402f3952155edabd9aa30ad0a2e9dbc2d452aad490b7b6e99f3af,experiments/mirror_applications/ma-258-parameter-superposed-experts/artifacts/payloads/25810_1_random_rank2_rank2_private.pt,0.00117096200119704,8.820100629236549e-05,8
25810,2,aligned,untied,0.0,0.0,34409,c2d239cffcc1aa28896c5504ea86885b1bb547075f1ef0ad37865b33c097d7cb,experiments/mirror_applications/ma-258-parameter-superposed-experts/artifacts/payloads/25810_2_aligned_untied.pt,0.0,9.26770007936284e-05,8
25810,2,aligned,hard_tied,0.08253382123075426,0.136275976896286,5737,d3a454388f989a87c97c71cb23f63aa7eedcb0d3cb65c3053f4e5efb54e62e72,experiments/mirror_applications/ma-258-parameter-superposed-experts/artifacts/payloads/25810_2_aligned_hard_tied.pt,0.0,8.769000123720616e-05,8
25810,2,aligned,native_psp,2.589252233505249,2.661608934402466,38757,9089d55c04a9ac18953eb8b2be4ae90e571c7603da1c422a0e9163c326c3d49c,experiments/mirror_applications/ma-258-parameter-superposed-experts/artifacts/payloads/25810_2_aligned_native_psp.pt,0.0,8.72790114954114e-05,8
25810,2,aligned,mirror_givens,8.978317767027733e-08,4.422085737587622e-07,5925,bb35eef1fc6f09e78fdb6fa83f1e527a8f017aef5a92a5af2a78cabf1d82f481,experiments/mirror_applications/ma-258-parameter-superposed-experts/artifacts/payloads/25810_2_aligned_mirror_givens.pt,1.399660180992214,8.789999992586672e-05,8
25810,2,aligned,rank2_private,4.397499342445599e-08,6.52532108347259e-08,43888,598ad1c4275f1b380329a8b8784a238914fabc5f8214c1fac62466d80f1497db,experiments/mirror_applications/ma-258-parameter-superposed-experts/artifacts/payloads/25810_2_aligned_rank2_private.pt,0.0005443450063467026,8.834000618662685e-05,8
25810,2,random_rank2,untied,0.0,0.0,34409,13e48dfa857c04f42f73a3a025bb79b3254fdf18d46caba397712fad1acb266c,experiments/mirror_applications/ma-258-parameter-superposed-experts/artifacts/payloads/25810_2_random_rank2_untied.pt,0.0,8.84100008988753e-05,8
25810,2,random_rank2,hard_tied,0.2208536695688963,0.24363727867603302,5737,a23292844b70301257b4f98adb61476d992704a7989339b8fb16184a2d18bf42,experiments/mirror_applications/ma-258-parameter-superposed-experts/artifacts/payloads/25810_2_random_rank2_hard_tied.pt,0.0,8.790999709162861e-05,8
25810,2,random_rank2,native_psp,2.6180573999881744,2.712237596511841,38757,880a09a3c085c8db16089ab2ea33b865d4a1fb0993c88b94e178c009d0fc50ad,experiments/mirror_applications/ma-258-parameter-superposed-experts/artifacts/payloads/25810_2_random_rank2_native_psp.pt,0.0,8.777900075074285e-05,8
25810,2,random_rank2,mirror_givens,0.23532816022634506,0.2676374614238739,5925,3fcfacc9970d29c1f35b8a85df8f2234108db1d2307ac79b08b389e3eeb91bd6,experiments/mirror_applications/ma-258-parameter-superposed-experts/artifacts/payloads/25810_2_random_rank2_mirror_givens.pt,1.3568175269901985,8.939200779423118e-05,8
25810,2,random_rank2,rank2_private,1.1332587135370886e-07,1.3620621075460804e-07,43888,54891a314953ff556258651e365c3e6cd74135cc3eee65c3416c7ac1fc4c1aab,experiments/mirror_applications/ma-258-parameter-superposed-experts/artifacts/payloads/25810_2_random_rank2_rank2_private.pt,0.000696380011504516,0.00011628201173152775,8
25811,0,aligned,untied,0.0,0.0,34409,3da77a49600815df59fb3cdce5d908b976e3f1e36c1cc8444fd5969869b1f69f,experiments/mirror_applications/ma-258-parameter-superposed-experts/artifacts/payloads/25811_0_aligned_untied.pt,0.0,8.978300320450217e-05,8
25811,0,aligned,hard_tied,0.10540408920496702,0.20742298662662506,5737,29a17c879d200ef381fe2875a4b81e1bcb9214a45e3a1817ccdb65f4d21c7665,experiments/mirror_applications/ma-258-parameter-superposed-experts/artifacts/payloads/25811_0_aligned_hard_tied.pt,0.0,8.83210013853386e-05,8
25811,0,aligned,native_psp,2.70748108625412,2.798600673675537,38757,48f96e5c732a5680435ff71cd4945a7aa2268f188b5db191f2a1c3a49c9d60cb,experiments/mirror_applications/ma-258-parameter-superposed-experts/artifacts/payloads/25811_0_aligned_native_psp.pt,0.0,8.860100933816284e-05,8
25811,0,aligned,mirror_givens,0.0012265816585832479,0.007580246310681105,5925,d3c1504b8c2f7c7c9fa6bdbb3612adefbd64e0353764359b3927fa282d3a61f5,experiments/mirror_applications/ma-258-parameter-superposed-experts/artifacts/payloads/25811_0_aligned_mirror_givens.pt,1.3841435459908098,8.889099990483373e-05,8
25811,0,aligned,rank2_private,3.189936303993335e-08,4.769096761947367e-08,43888,1f63fde7fc56a60afd225282f393cee0f948fd85442325db2addb98d96c677d5,experiments/mirror_applications/ma-258-parameter-superposed-experts/artifacts/payloads/25811_0_aligned_rank2_private.pt,0.0005612709937850013,8.880099630914629e-05,8
25811,0,random_rank2,untied,0.0,0.0,34409,cfa06c46e711daf0c9f650223a2714b75ec2e573072e015106736f27037bf001,experiments/mirror_applications/ma-258-parameter-superposed-experts/artifacts/payloads/25811_0_random_rank2_untied.pt,0.0,8.719900506548584e-05,8
25811,0,random_rank2,hard_tied,0.2063355464488268,0.23787809908390045,5737,760dafd48e378b95cf13facfbb1b1e7626127fee78fe596789bc1f29f84a9f6f,experiments/mirror_applications/ma-258-parameter-superposed-experts/artifacts/payloads/25811_0_random_rank2_hard_tied.pt,0.0,8.761999197304249e-05,8
25811,0,random_rank2,native_psp,2.675789326429367,2.790482521057129,38757,d161748305706d3d8d114831498f85c7dfe5267a5b94bd1665d33c657a7a4fe6,experiments/mirror_applications/ma-258-parameter-superposed-experts/artifacts/payloads/25811_0_random_rank2_native_psp.pt,0.0,8.723900828044862e-05,8
25811,0,random_rank2,mirror_givens,0.22045274265110493,0.2581382393836975,5925,73b24eb6f72e820cbf2f73b78464a8b57e10cdd2f0566bf604ad8b38fc76476a,experiments/mirror_applications/ma-258-parameter-superposed-experts/artifacts/payloads/25811_0_random_rank2_mirror_givens.pt,1.3181168739974964,8.795000030659139e-05,8
25811,0,random_rank2,rank2_private,1.1236809438486262e-07,1.7725965051340609e-07,43888,ad8a4f1f1172a20a63d1dac62adf775934b470e70fe32778931812b27b3ac172,experiments/mirror_applications/ma-258-parameter-superposed-experts/artifacts/payloads/25811_0_random_rank2_rank2_private.pt,0.0006948680093046278,8.761999197304249e-05,8
25811,1,aligned,untied,0.0,0.0,34409,9868b8c8efbbdaa551963b792b72f150d0e537175f22e0393b8924eb4462c6fa,experiments/mirror_applications/ma-258-parameter-superposed-experts/artifacts/payloads/25811_1_aligned_untied.pt,0.0,0.00013838500308338553,8
25811,1,aligned,hard_tied,0.07981793116778135,0.11807553470134735,5737,38f038b7463d79a203eacade1f9f19eba8dc4be35557a27f5c53383cfc034cf7,experiments/mirror_applications/ma-258-parameter-superposed-experts/artifacts/payloads/25811_1_aligned_hard_tied.pt,0.0,0.00013701300485990942,8
25811,1,aligned,native_psp,2.5183207988739014,2.5599985122680664,38757,eac60dddf2f93cd7c78edfc9a794eed90e48f78ae66b7a3cfa0019c129ac2f09,experiments/mirror_applications/ma-258-parameter-superposed-experts/artifacts/payloads/25811_1_aligned_native_psp.pt,0.0,0.00013830499665345997,8
25811,1,aligned,mirror_givens,6.873911220051099e-05,0.00040942657506093383,5925,02b28214cfb2d4bbdd335c6a10d1b9d0780f9c1ace44a4e494ce78654a14c7ce,experiments/mirror_applications/ma-258-parameter-superposed-experts/artifacts/payloads/25811_1_aligned_mirror_givens.pt,1.4322803039976861,0.0001376229920424521,8
25811,1,aligned,rank2_private,3.187472730203922e-08,4.172862588802673e-08,43888,f25e8981048716b510102581f195b72cda17916a500039500f10d1aa89f513e2,experiments/mirror_applications/ma-258-parameter-superposed-experts/artifacts/payloads/25811_1_aligned_rank2_private.pt,0.0007321329903788865,0.00013770400255452842,8
25811,1,random_rank2,untied,0.0,0.0,34409,6127d9b359cadf23c5e01789a541cd4d34e513fd3010bfe04687799f7cb4ba1f,experiments/mirror_applications/ma-258-parameter-superposed-experts/artifacts/payloads/25811_1_random_rank2_untied.pt,0.0,0.00014052799087949097,8
25811,1,random_rank2,hard_tied,0.22652792371809483,0.25753816962242126,5737,fc3bb9d20325ef09f1fd3f5f2cfbba3d04bf4f7639d34b7af28baf3d299321fb,experiments/mirror_applications/ma-258-parameter-superposed-experts/artifacts/payloads/25811_1_random_rank2_hard_tied.pt,0.0,0.00013821398897562176,8
25811,1,random_rank2,native_psp,2.5462661385536194,2.6378257274627686,38757,77a22dd092bde5265433a1f9053fe771415d907c13912da87983544e444b00e3,experiments/mirror_applications/ma-258-parameter-superposed-experts/artifacts/payloads/25811_1_random_rank2_native_psp.pt,0.0,0.00013720299466513097,8
25811,1,random_rank2,mirror_givens,0.241843955591321,0.2830904722213745,5925,086899b066a17764bd1e53a5cdb9562c5a1f808f872c2c34dcf9e3aba80fc745,experiments/mirror_applications/ma-258-parameter-superposed-experts/artifacts/payloads/25811_1_random_rank2_mirror_givens.pt,1.5707658430037554,0.00014094800280872732,8
25811,1,random_rank2,rank2_private,1.0973198527608474e-07,1.669755391731087e-07,43888,ea23108c02fc6534ada4ef39722e725830a35c9b77897d3e478deb0117ac9957,experiments/mirror_applications/ma-258-parameter-superposed-experts/artifacts/payloads/25811_1_random_rank2_rank2_private.pt,0.0008768970001256093,0.0001406880037393421,8
25811,2,aligned,untied,0.0,0.0,34409,22cf56e09f1e1258c3d19c7f6b28e9d54e19ba3c194c96e35b64673de8fee386,experiments/mirror_applications/ma-258-parameter-superposed-experts/artifacts/payloads/25811_2_aligned_untied.pt,0.0,0.00013678299728780985,8
25811,2,aligned,hard_tied,0.053913396783173084,0.11558856070041656,5737,fa9856789fcff959e871443edd0a7eb89b01adc0679c304758287ebb2f424a51,experiments/mirror_applications/ma-258-parameter-superposed-experts/artifacts/payloads/25811_2_aligned_hard_tied.pt,0.0,0.00013660200056619942,8
25811,2,aligned,native_psp,2.6155906021595,2.701378345489502,38757,faad550e40fe00f21109e2b496781511231f22c4e0f3651ca4defefac330a73b,experiments/mirror_applications/ma-258-parameter-superposed-experts/artifacts/payloads/25811_2_aligned_native_psp.pt,0.0,0.00013720299466513097,8
25811,2,aligned,mirror_givens,0.000566534410841979,0.004532249178737402,5925,f4ba3125ce8f48a9fc495e876a4703d20229917e3bbe2eb4ee5874d7594b2a19,experiments/mirror_applications/ma-258-parameter-superposed-experts/artifacts/payloads/25811_2_aligned_mirror_givens.pt,1.6277172970003448,0.00013723300071433187,8
25811,2,aligned,rank2_private,2.0216457397026488e-08,6.138854757864465e-08,43888,5f643911e10d3a30dd022a4af4d052fa30f999c078139baeeebf620c03626ac9,experiments/mirror_applications/ma-258-parameter-superposed-experts/artifacts/payloads/25811_2_aligned_rank2_private.pt,0.0007379320013569668,0.00013716300600208342,8
25811,2,random_rank2,untied,0.0,0.0,34409,d1d263dbf069d13c18348aab522265e6ce76a6df01890faf66ec9b57a07f25fc,experiments/mirror_applications/ma-258-parameter-superposed-experts/artifacts/payloads/25811_2_random_rank2_untied.pt,0.0,8.769900887273252e-05,8
25811,2,random_rank2,hard_tied,0.2322829645127058,0.2659723162651062,5737,4835065d7a411333740c7b8fe2ae67d5694220a2d0fd1898a8263f80d954c63e,experiments/mirror_applications/ma-258-parameter-superposed-experts/artifacts/payloads/25811_2_random_rank2_hard_tied.pt,0.0,8.789000276010484e-05,8
25811,2,random_rank2,native_psp,2.732417196035385,2.801194429397583,38757,542528de04e2bc932673fa930629b3a1d6c864166736f65cb4faed3d937c7f3d,experiments/mirror_applications/ma-258-parameter-superposed-experts/artifacts/payloads/25811_2_random_rank2_native_psp.pt,0.0,8.743900980334729e-05,8
25811,2,random_rank2,mirror_givens,0.24789599515497684,0.29545050859451294,5925,5460b477eff55f278271abc027a021862cbfcc657a9a4150194daf3e07d0e6a6,experiments/mirror_applications/ma-258-parameter-superposed-experts/artifacts/payloads/25811_2_random_rank2_mirror_givens.pt,1.4621978560026037,8.78489954629913e-05,8
25811,2,random_rank2,rank2_private,1.1890283513338318e-07,1.461371397226685e-07,43888,598fd51c68c12a38d6080a5d8d4326e82d35c2429d727feddea81ab3d1a4c88f,experiments/mirror_applications/ma-258-parameter-superposed-experts/artifacts/payloads/25811_2_random_rank2_rank2_private.pt,0.0008198620053008199,8.853100007399917e-05,8
25812,0,aligned,untied,0.0,0.0,34409,3d2464c530e1cbb7289680fb489a6aa90e0edecb3e4768f10747175a4e6dfac1,experiments/mirror_applications/ma-258-parameter-superposed-experts/artifacts/payloads/25812_0_aligned_untied.pt,0.0,8.934200741350651e-05,8
25812,0,aligned,hard_tied,0.07339879823848605,0.13731925189495087,5737,54bc6296805df465cd9484c5c1915e5dd5098f68f1baac8f1030bfb70f8fefa1,experiments/mirror_applications/ma-258-parameter-superposed-experts/artifacts/payloads/25812_0_aligned_hard_tied.pt,0.0,8.705900108907372e-05,8
25812,0,aligned,native_psp,2.574780374765396,2.6265413761138916,38757,1c692bade09820e9a546d10c1a2168eb8604683708546aba0a33f5463f367db7,experiments/mirror_applications/ma-258-parameter-superposed-experts/artifacts/payloads/25812_0_aligned_native_psp.pt,0.0,8.793998858891428e-05,8
25812,0,aligned,mirror_givens,5.125126545379999e-09,4.100101236303999e-08,5925,981e871df6c290bcef05f4b06a80c326454697edbbad8696697fbe7587176eed,experiments/mirror_applications/ma-258-parameter-superposed-experts/artifacts/payloads/25812_0_aligned_mirror_givens.pt,1.4742006700107595,8.825999975670129e-05,8
25812,0,aligned,rank2_private,3.255784553068963e-08,5.216565668320072e-08,43888,686ad9366b5488d2e8ae9924a029bbe22075c28b6faa9aff67556095bf6ed555,experiments/mirror_applications/ma-258-parameter-superposed-experts/artifacts/payloads/25812_0_aligned_rank2_private.pt,0.0007685669988859445,8.789000276010484e-05,8
25812,0,random_rank2,untied,0.0,0.0,34409,8b325712ddfb0060c7707948f320f7582a0dad28dd51753f4b98953ad1397c2d,experiments/mirror_applications/ma-258-parameter-superposed-experts/artifacts/payloads/25812_0_random_rank2_untied.pt,0.0,0.00013615099305752665,8
25812,0,random_rank2,hard_tied,0.21441764011979103,0.26109668612480164,5737,7277125876733edbd896e5d24da70b4e6a607eb1cf91c4811a080aa9c0d4bbde,experiments/mirror_applications/ma-258-parameter-superposed-experts/artifacts/payloads/25812_0_random_rank2_hard_tied.pt,0.0,0.00013497000327333808,8
25812,0,random_rank2,native_psp,2.5727244317531586,2.6761653423309326,38757,ac40ed6e273938f9e523049cc2199e77c3dcfafacf63529e80e78b19d7668e39,experiments/mirror_applications/ma-258-parameter-superposed-experts/artifacts/payloads/25812_0_random_rank2_native_psp.pt,0.0,0.00013627199223265052,8
25812,0,random_rank2,mirror_givens,0.23016562685370445,0.28659531474113464,5925,4fd6be845f8dbf18fd6f750f29268ac5c8371939248da30ee5047e392ca1aec4,experiments/mirror_applications/ma-258-parameter-superposed-experts/artifacts/payloads/25812_0_random_rank2_mirror_givens.pt,1.5074013190023834,0.00013587099965661764,8
25812,0,random_rank2,rank2_private,1.063931120981465e-07,1.5491309568460565e-07,43888,342ef4836ef82bc52cb7c43c2b1eee802350fd0dcab8c426ea5fd4ba9e55b23c,experiments/mirror_applications/ma-258-parameter-superposed-experts/artifacts/payloads/25812_0_random_rank2_rank2_private.pt,0.000974822003627196,0.0001357809960609302,8
25812,1,aligned,untied,0.0,0.0,34409,fbafcc012e6f738842c24f3aa451aeda60812c38ce349c420a604186e8d00169,experiments/mirror_applications/ma-258-parameter-superposed-experts/artifacts/payloads/25812_1_aligned_untied.pt,0.0,8.834000618662685e-05,8
25812,1,aligned,hard_tied,0.08242977084591985,0.1533123254776001,5737,aa0fbb4f4dd6a302700203b56b54214d38f4910afeb390ea9e11c528f6098d44,experiments/mirror_applications/ma-258-parameter-superposed-experts/artifacts/payloads/25812_1_aligned_hard_tied.pt,0.0,8.873100159689784e-05,8
25812,1,aligned,native_psp,2.5959463119506836,2.6426477432250977,38757,e5528855ef27a0179e9300056ad66d256d1245a63d8efb3511ca31cbc10f8d00,experiments/mirror_applications/ma-258-parameter-superposed-experts/artifacts/payloads/25812_1_aligned_native_psp.pt,0.0,0.0001197969977511093,8
25812,1,aligned,mirror_givens,0.0008543292263860636,0.0068344846367836,5925,9ffaf4a5f9af935a152b146c8de40e370a80a289d8a7ae7e025beda7c1757b2a,experiments/mirror_applications/ma-258-parameter-superposed-experts/artifacts/payloads/25812_1_aligned_mirror_givens.pt,1.580529511993518,8.940300904214382e-05,8
25812,1,aligned,rank2_private,3.4982854585363654e-08,5.879918418827401e-08,43888,5c86e4c63d2fc1b9759723093544d0d6cab379dfbd14c46f3f2655cbf56d3432,experiments/mirror_applications/ma-258-parameter-superposed-experts/artifacts/payloads/25812_1_aligned_rank2_private.pt,0.0005390779988374561,0.0001050549908541143,8
25812,1,random_rank2,untied,0.0,0.0,34409,8619037e6c79cb16d2242c0c577018cf7e5351c9ce311698013e53ef7fc002c3,experiments/mirror_applications/ma-258-parameter-superposed-experts/artifacts/payloads/25812_1_random_rank2_untied.pt,0.0,0.00013814399426337332,8
25812,1,random_rank2,hard_tied,0.22086176089942455,0.24638089537620544,5737,a6586238cf8a7e0c16d2afa2e51d43b7896bc6e78cc2cebc46ac90b2dd1fbe5f,experiments/mirror_applications/ma-258-parameter-superposed-experts/artifacts/payloads/25812_1_random_rank2_hard_tied.pt,0.0,0.00013715300883632153,8
25812,1,random_rank2,native_psp,2.57657727599144,2.6592588424682617,38757,e1cb223d8ec9073091944bfc40f30e50ca1f4a26e71dfc569b57046cab739950,experiments/mirror_applications/ma-258-parameter-superposed-experts/artifacts/payloads/25812_1_random_rank2_native_psp.pt,0.0,0.0001382249902235344,8
25812,1,random_rank2,mirror_givens,0.23529434017837048,0.26870784163475037,5925,79103cbee95eb62c4c317e4957d8f73a4a85e07306cf3cc99e81d7ddc2794b5c,experiments/mirror_applications/ma-258-parameter-superposed-experts/artifacts/payloads/25812_1_random_rank2_mirror_givens.pt,1.4979643699916778,0.00013775299885310233,8
25812,1,random_rank2,rank2_private,1.0238622127900499e-07,1.1996827709026547e-07,43888,f190e9d0180161e3b106709b266b97d9c5ff9a223ca872ee1e323726afa291c3,experiments/mirror_applications/ma-258-parameter-superposed-experts/artifacts/payloads/25812_1_random_rank2_rank2_private.pt,0.000971578003372997,0.00013766399933956563,8
25812,2,aligned,untied,0.0,0.0,34409,0338be4444ab5ff55ae7a620ca0cac223d0292a35054178f983899cb248e3163,experiments/mirror_applications/ma-258-parameter-superposed-experts/artifacts/payloads/25812_2_aligned_untied.pt,0.0,0.0001374729909002781,8
25812,2,aligned,hard_tied,0.08616958605125546,0.1538480669260025,5737,1ba379ff25ef0edab55079d9d9f30a1b5ebf4196311013da909d05bbf212ea22,experiments/mirror_applications/ma-258-parameter-superposed-experts/artifacts/payloads/25812_2_aligned_hard_tied.pt,0.0,0.00013619101082440466,8
25812,2,aligned,native_psp,2.7107557356357574,2.7735607624053955,38757,691dc4eb9dd8d9b4c24445296b847e791d915caeb3b913b0998bc7fe4e78f15c,experiments/mirror_applications/ma-258-parameter-superposed-experts/artifacts/payloads/25812_2_aligned_native_psp.pt,0.0,0.0001371830003336072,8
25812,2,aligned,mirror_givens,0.00016164737417767583,0.0011843506945297122,5925,ce61445ae1692aa01928ea9075ab277fdf01536734b3b8477dea3d9bf8501745,experiments/mirror_applications/ma-258-parameter-superposed-experts/artifacts/payloads/25812_2_aligned_mirror_givens.pt,1.5188862009963486,0.00013685300655197352,8
25812,2,aligned,rank2_private,3.516912466805522e-08,5.107727929498651e-08,43888,6ac928cc36cb9950f6419c92067ed2f476d35549cc66f53056bfa5fcac339f93,experiments/mirror_applications/ma-258-parameter-superposed-experts/artifacts/payloads/25812_2_aligned_rank2_private.pt,0.000681338002323173,0.0001369319943478331,8
25812,2,random_rank2,untied,0.0,0.0,34409,6cc4915ddabc58d3b370d4316af6408f8835badead921aa69ab75ed423aaa50c,experiments/mirror_applications/ma-258-parameter-superposed-experts/artifacts/payloads/25812_2_random_rank2_untied.pt,0.0,8.73789977049455e-05,8
25812,2,random_rank2,hard_tied,0.23295865021646023,0.25480756163597107,5737,6c1152e26cb70bc2a5a58572653f47ad7c8de20f39b38b4052becac05c18b1ab,experiments/mirror_applications/ma-258-parameter-superposed-experts/artifacts/payloads/25812_2_random_rank2_hard_tied.pt,0.0,0.00012333199265412986,8
25812,2,random_rank2,native_psp,2.7220438420772552,2.7686972618103027,38757,6f50db0ed76aa46e316a84543f50f03d1be7ce5dff815db47bda6bdc51621137,experiments/mirror_applications/ma-258-parameter-superposed-experts/artifacts/payloads/25812_2_random_rank2_native_psp.pt,0.0,8.666800567880273e-05,8
25812,2,random_rank2,mirror_givens,0.24794127233326435,0.2756838798522949,5925,ee44f596c8b56cde89c032aa35f7318efe489045af12cc4cfec4f15449d4e911,experiments/mirror_applications/ma-258-parameter-superposed-experts/artifacts/payloads/25812_2_random_rank2_mirror_givens.pt,1.5042218830058118,8.63070017658174e-05,8
25812,2,random_rank2,rank2_private,1.0778913583919802e-07,1.2705085339348443e-07,43888,6c19f5d6cf33e01fa31b7975cb3fd2d18724a869f6cd1e434f8f99bef70a761b,experiments/mirror_applications/ma-258-parameter-superposed-experts/artifacts/payloads/25812_2_random_rank2_rank2_private.pt,0.000950165995163843,8.754000009503216e-05,8
