world_seed,request_id,alpha,method,accuracy,nll,merge_error,compute_proxy,wall,inference_payload_bytes,statistics_payload_bytes,total_merge_package_bytes
71501,0,"[0.07163762301206589,0.46024078130722046,0.2496156096458435,0.21850597858428955]",full_regmean,0.73672064,2.05639619,0,336375,0.000224157,42972,158976,201592
71501,0,"[0.07163762301206589,0.46024078130722046,0.2496156096458435,0.21850597858428955]",task_arithmetic,0.4496803,2.152713314,0.6525730761,2600,0,12312,0,12120
71501,0,"[0.07163762301206589,0.46024078130722046,0.2496156096458435,0.21850597858428955]",mirror_stats_r1,0.40583329,2.160793968,0.6777763082,61816,0.000271669,7060,158976,165618
71501,0,"[0.07163762301206589,0.46024078130722046,0.2496156096458435,0.21850597858428955]",source_projection_r1,0.38335037,2.163242409,0.6787432626,337025,0.000274243001,7060,158976,165618
71501,0,"[0.07163762301206589,0.46024078130722046,0.2496156096458435,0.21850597858428955]",output_pca_r1,0.70366138,2.061315857,0.2956309293,337025,0.000252779999,7060,158976,165618
71501,0,"[0.07163762301206589,0.46024078130722046,0.2496156096458435,0.21850597858428955]",mirror_stats_r2,0.43297794,2.161069285,0.6748957991,104268,0.000213271,9748,158976,168306
71501,0,"[0.07163762301206589,0.46024078130722046,0.2496156096458435,0.21850597858428955]",source_projection_r2,0.37220168,2.163627246,0.6802235494,337675,0.000266020001,9748,158976,168306
71501,0,"[0.07163762301206589,0.46024078130722046,0.2496156096458435,0.21850597858428955]",output_pca_r2,0.70558048,2.060970602,0.2934545419,337675,0.000260330999,9748,158976,168306
71501,0,"[0.07163762301206589,0.46024078130722046,0.2496156096458435,0.21850597858428955]",mirror_stats_r3,0.46448877,2.148834823,0.6511271534,146862,0.000308634,12372,158976,170930
71501,0,"[0.07163762301206589,0.46024078130722046,0.2496156096458435,0.21850597858428955]",source_projection_r3,0.40702323,2.154781316,0.6580883981,338325,0.000266089999,12372,158976,170930
71501,0,"[0.07163762301206589,0.46024078130722046,0.2496156096458435,0.21850597858428955]",output_pca_r3,0.70342456,2.065347182,0.289059242,338325,0.000258949,12372,158976,170930
71501,0,"[0.07163762301206589,0.46024078130722046,0.2496156096458435,0.21850597858428955]",mirror_stats_r4,0.46448877,2.148729286,0.6509798023,189604,0.000311419,15060,158976,173618
71501,0,"[0.07163762301206589,0.46024078130722046,0.2496156096458435,0.21850597858428955]",source_projection_r4,0.40702323,2.154767082,0.658058297,338975,0.000262364003,15060,158976,173618
71501,0,"[0.07163762301206589,0.46024078130722046,0.2496156096458435,0.21850597858428955]",output_pca_r4,0.71527172,2.064083452,0.1362351286,338975,0.000258649001,15060,158976,173618
71501,1,"[0.05750398337841034,0.009882424026727676,0.009604783728718758,0.9230087995529175]",full_regmean,0.86940005,1.9542341,0,336375,0.000147882998,42972,158976,201592
71501,1,"[0.05750398337841034,0.009882424026727676,0.009604783728718758,0.9230087995529175]",task_arithmetic,0.84913285,1.974042239,0.2746559233,2600,0,12312,0,12120
71501,1,"[0.05750398337841034,0.009882424026727676,0.009604783728718758,0.9230087995529175]",mirror_stats_r1,0.55853859,2.124624385,0.6409943435,61816,0.000159269999,7060,158976,165618
71501,1,"[0.05750398337841034,0.009882424026727676,0.009604783728718758,0.9230087995529175]",source_projection_r1,0.27430825,2.172046182,0.7591222902,337025,0.000179239996,7060,158976,165618
71501,1,"[0.05750398337841034,0.009882424026727676,0.009604783728718758,0.9230087995529175]",output_pca_r1,0.43988367,2.160869962,0.7178402802,337025,0.000173311,7060,158976,165618
71501,1,"[0.05750398337841034,0.009882424026727676,0.009604783728718758,0.9230087995529175]",mirror_stats_r2,0.64508995,2.099088956,0.5690494811,104268,0.000183657001,9748,158976,168306
71501,1,"[0.05750398337841034,0.009882424026727676,0.009604783728718758,0.9230087995529175]",source_projection_r2,0.60345128,2.128777326,0.6191668835,337675,0.000187522997,9748,158976,168306
71501,1,"[0.05750398337841034,0.009882424026727676,0.009604783728718758,0.9230087995529175]",output_pca_r2,0.73923893,2.037598657,0.4364092269,337675,0.000179580995,9748,158976,168306
71501,1,"[0.05750398337841034,0.009882424026727676,0.009604783728718758,0.9230087995529175]",mirror_stats_r3,0.85140613,1.969639969,0.2741312251,146862,0.000231428003,12372,158976,170930
71501,1,"[0.05750398337841034,0.009882424026727676,0.009604783728718758,0.9230087995529175]",source_projection_r3,0.82613154,2.003800356,0.345049235,338325,0.000191108,12372,158976,170930
71501,1,"[0.05750398337841034,0.009882424026727676,0.009604783728718758,0.9230087995529175]",output_pca_r3,0.73926723,2.037579474,0.4361296275,338325,0.000181462998,12372,158976,170930
71501,1,"[0.05750398337841034,0.009882424026727676,0.009604783728718758,0.9230087995529175]",mirror_stats_r4,0.85140613,1.969638865,0.2741287184,189604,0.000308945,15060,158976,173618
71501,1,"[0.05750398337841034,0.009882424026727676,0.009604783728718758,0.9230087995529175]",source_projection_r4,0.82613154,2.003798781,0.3450564836,338975,0.000185239001,15060,158976,173618
71501,1,"[0.05750398337841034,0.009882424026727676,0.009604783728718758,0.9230087995529175]",output_pca_r4,0.72738044,2.040119358,0.4751633789,338975,0.000181223,15060,158976,173618
71501,2,"[0.16991664469242096,0.00865972600877285,0.7956017255783081,0.02582191862165928]",full_regmean,0.80714218,1.99370098,0,336375,0.000143636,42972,158976,201592
71501,2,"[0.16991664469242096,0.00865972600877285,0.7956017255783081,0.02582191862165928]",task_arithmetic,0.80525722,2.029829851,0.2930010253,2600,0,12312,0,12120
71501,2,"[0.16991664469242096,0.00865972600877285,0.7956017255783081,0.02582191862165928]",mirror_stats_r1,0.36672766,2.181476334,0.7443217317,61816,0.000136145001,7060,158976,165618
71501,2,"[0.16991664469242096,0.00865972600877285,0.7956017255783081,0.02582191862165928]",source_projection_r1,0.23729729,2.182457793,0.7840461796,337025,0.000173471002,7060,158976,165618
71501,2,"[0.16991664469242096,0.00865972600877285,0.7956017255783081,0.02582191862165928]",output_pca_r1,0.61581155,2.103316226,0.4876993421,337025,0.000168883998,7060,158976,165618
71501,2,"[0.16991664469242096,0.00865972600877285,0.7956017255783081,0.02582191862165928]",mirror_stats_r2,0.80518529,2.027189545,0.2927590589,104268,0.000215284002,9748,158976,168306
71501,2,"[0.16991664469242096,0.00865972600877285,0.7956017255783081,0.02582191862165928]",source_projection_r2,0.8026833,2.056305249,0.3225937479,337675,0.000180772,9748,158976,168306
71501,2,"[0.16991664469242096,0.00865972600877285,0.7956017255783081,0.02582191862165928]",output_pca_r2,0.62572478,2.100061559,0.4768320413,337675,0.000175514,9748,158976,168306
71501,2,"[0.16991664469242096,0.00865972600877285,0.7956017255783081,0.02582191862165928]",mirror_stats_r3,0.80294501,2.02706283,0.2926126403,146862,0.000233772,12372,158976,170930
71501,2,"[0.16991664469242096,0.00865972600877285,0.7956017255783081,0.02582191862165928]",source_projection_r3,0.79252499,2.056683425,0.3271602809,338325,0.0001796,12372,158976,170930
71501,2,"[0.16991664469242096,0.00865972600877285,0.7956017255783081,0.02582191862165928]",output_pca_r3,0.78941919,2.020780685,0.2041799472,338325,0.000175334,12372,158976,170930
71501,2,"[0.16991664469242096,0.00865972600877285,0.7956017255783081,0.02582191862165928]",mirror_stats_r4,0.80296914,2.027034846,0.2925813845,189604,0.000347253001,15060,158976,173618
71501,2,"[0.16991664469242096,0.00865972600877285,0.7956017255783081,0.02582191862165928]",source_projection_r4,0.79252499,2.056650957,0.3271101696,338975,0.000181923002,15060,158976,173618
71501,2,"[0.16991664469242096,0.00865972600877285,0.7956017255783081,0.02582191862165928]",output_pca_r4,0.78386768,2.018265836,0.2113607446,338975,0.000176636,15060,158976,173618
71501,3,"[0.27849453687667847,0.3405294418334961,0.007581003475934267,0.37339499592781067]",full_regmean,0.7667094,2.048023206,0,336375,0.000149625001,42972,158976,201592
71501,3,"[0.27849453687667847,0.3405294418334961,0.007581003475934267,0.37339499592781067]",task_arithmetic,0.46159112,2.149325217,0.643773684,2600,0,12312,0,12120
71501,3,"[0.27849453687667847,0.3405294418334961,0.007581003475934267,0.37339499592781067]",mirror_stats_r1,0.3083996,2.178268606,0.7207969599,61816,0.000134752998,7060,158976,165618
71501,3,"[0.27849453687667847,0.3405294418334961,0.007581003475934267,0.37339499592781067]",source_projection_r1,0.29298973,2.180526841,0.7803003966,337025,0.000180371,7060,158976,165618
71501,3,"[0.27849453687667847,0.3405294418334961,0.007581003475934267,0.37339499592781067]",output_pca_r1,0.67039424,2.092080592,0.2939363606,337025,0.000174451998,7060,158976,165618
71501,3,"[0.27849453687667847,0.3405294418334961,0.007581003475934267,0.37339499592781067]",mirror_stats_r2,0.46490594,2.145253083,0.6432866449,104268,0.000181443,9748,158976,168306
71501,3,"[0.27849453687667847,0.3405294418334961,0.007581003475934267,0.37339499592781067]",source_projection_r2,0.46009682,2.139361834,0.6512148665,337675,0.000191488001,9748,158976,168306
71501,3,"[0.27849453687667847,0.3405294418334961,0.007581003475934267,0.37339499592781067]",output_pca_r2,0.70785003,2.07019841,0.220806674,337675,0.000181914002,9748,158976,168306
71501,3,"[0.27849453687667847,0.3405294418334961,0.007581003475934267,0.37339499592781067]",mirror_stats_r3,0.463212,2.14430426,0.6409741605,146862,0.000240240999,12372,158976,170930
71501,3,"[0.27849453687667847,0.3405294418334961,0.007581003475934267,0.37339499592781067]",source_projection_r3,0.45494451,2.138933867,0.6491645911,338325,0.000186199999,12372,158976,170930
71501,3,"[0.27849453687667847,0.3405294418334961,0.007581003475934267,0.37339499592781067]",output_pca_r3,0.75093415,2.042949636,0.1342310211,338325,0.000182003001,12372,158976,170930
71501,3,"[0.27849453687667847,0.3405294418334961,0.007581003475934267,0.37339499592781067]",mirror_stats_r4,0.463212,2.144290011,0.6409611554,189604,0.000295244001,15060,158976,173618
71501,3,"[0.27849453687667847,0.3405294418334961,0.007581003475934267,0.37339499592781067]",source_projection_r4,0.45494451,2.138933276,0.6491636816,338975,0.000215503998,15060,158976,173618
71501,3,"[0.27849453687667847,0.3405294418334961,0.007581003475934267,0.37339499592781067]",output_pca_r4,0.75841185,2.047092533,0.08753054705,338975,0.000183756001,15060,158976,173618
71501,4,"[0.20063073933124542,0.07038470357656479,0.4275001287460327,0.30148443579673767]",full_regmean,0.73828452,2.056700676,0,336375,0.000143276,42972,158976,201592
71501,4,"[0.20063073933124542,0.07038470357656479,0.4275001287460327,0.30148443579673767]",task_arithmetic,0.38664701,2.156877463,0.6712873998,2600,0,12312,0,12120
71501,4,"[0.20063073933124542,0.07038470357656479,0.4275001287460327,0.30148443579673767]",mirror_stats_r1,0.24789002,2.181170987,0.7329664122,61816,0.000134301998,7060,158976,165618
71501,4,"[0.20063073933124542,0.07038470357656479,0.4275001287460327,0.30148443579673767]",source_projection_r1,0.24397082,2.180127545,0.7411541632,337025,0.000173812001,7060,158976,165618
71501,4,"[0.20063073933124542,0.07038470357656479,0.4275001287460327,0.30148443579673767]",output_pca_r1,0.67294941,2.084451397,0.2927847936,337025,0.000167432998,7060,158976,165618
71501,4,"[0.20063073933124542,0.07038470357656479,0.4275001287460327,0.30148443579673767]",mirror_stats_r2,0.3963656,2.1618785,0.685849095,104268,0.000182405001,9748,158976,168306
71501,4,"[0.20063073933124542,0.07038470357656479,0.4275001287460327,0.30148443579673767]",source_projection_r2,0.35484223,2.166005305,0.6884851185,337675,0.000180090999,9748,158976,168306
71501,4,"[0.20063073933124542,0.07038470357656479,0.4275001287460327,0.30148443579673767]",output_pca_r2,0.67278349,2.080276247,0.287105177,337675,0.000175984998,9748,158976,168306
71501,4,"[0.20063073933124542,0.07038470357656479,0.4275001287460327,0.30148443579673767]",mirror_stats_r3,0.41431952,2.152397759,0.6694064061,146862,0.000260211,12372,158976,170930
71501,4,"[0.20063073933124542,0.07038470357656479,0.4275001287460327,0.30148443579673767]",source_projection_r3,0.36550838,2.155714103,0.6729469993,338325,0.000181572999,12372,158976,170930
71501,4,"[0.20063073933124542,0.07038470357656479,0.4275001287460327,0.30148443579673767]",output_pca_r3,0.73597264,2.056557567,0.08277224263,338325,0.000175503999,12372,158976,170930
71501,4,"[0.20063073933124542,0.07038470357656479,0.4275001287460327,0.30148443579673767]",mirror_stats_r4,0.41431952,2.152316169,0.6692968092,189604,0.000298488998,15060,158976,173618
71501,4,"[0.20063073933124542,0.07038470357656479,0.4275001287460327,0.30148443579673767]",source_projection_r4,0.36550838,2.155684857,0.6728949347,338975,0.000179720999,15060,158976,173618
71501,4,"[0.20063073933124542,0.07038470357656479,0.4275001287460327,0.30148443579673767]",output_pca_r4,0.73800324,2.056326989,0.08418698491,338975,0.000176897,15060,158976,173618
71501,5,"[0.14065109193325043,0.3148616552352905,0.049367230385541916,0.49512001872062683]",full_regmean,0.75227407,2.049581028,0,336375,0.000143285,42972,158976,201592
71501,5,"[0.14065109193325043,0.3148616552352905,0.049367230385541916,0.49512001872062683]",task_arithmetic,0.57720644,2.133656415,0.5714581486,2600,0,12312,0,12120
71501,5,"[0.14065109193325043,0.3148616552352905,0.049367230385541916,0.49512001872062683]",mirror_stats_r1,0.45784372,2.159558802,0.6556645656,61816,0.000133801001,7060,158976,165618
71501,5,"[0.14065109193325043,0.3148616552352905,0.049367230385541916,0.49512001872062683]",source_projection_r1,0.26583001,2.176321722,0.7126019156,337025,0.000173581,7060,158976,165618
71501,5,"[0.14065109193325043,0.3148616552352905,0.049367230385541916,0.49512001872062683]",output_pca_r1,0.65880384,2.08371462,0.3349722419,337025,0.00017286,7060,158976,165618
71501,5,"[0.14065109193325043,0.3148616552352905,0.049367230385541916,0.49512001872062683]",mirror_stats_r2,0.56624681,2.137154432,0.5842239855,104268,0.000231567999,9748,158976,168306
71501,5,"[0.14065109193325043,0.3148616552352905,0.049367230385541916,0.49512001872062683]",source_projection_r2,0.52245561,2.146887774,0.5986934102,337675,0.000182342999,9748,158976,168306
71501,5,"[0.14065109193325043,0.3148616552352905,0.049367230385541916,0.49512001872062683]",output_pca_r2,0.70748183,2.053607637,0.2365023001,337675,0.000176064001,9748,158976,168306
71501,5,"[0.14065109193325043,0.3148616552352905,0.049367230385541916,0.49512001872062683]",mirror_stats_r3,0.5828231,2.130892325,0.5706975521,146862,0.000238178,12372,158976,170930
71501,5,"[0.14065109193325043,0.3148616552352905,0.049367230385541916,0.49512001872062683]",source_projection_r3,0.5151111,2.14270703,0.5864190977,338325,0.000179529001,12372,158976,170930
71501,5,"[0.14065109193325043,0.3148616552352905,0.049367230385541916,0.49512001872062683]",output_pca_r3,0.72954074,2.044794901,0.2379635598,338325,0.000174592002,12372,158976,170930
71501,5,"[0.14065109193325043,0.3148616552352905,0.049367230385541916,0.49512001872062683]",mirror_stats_r4,0.5828231,2.130854001,0.5706416838,189604,0.000329505998,15060,158976,173618
71501,5,"[0.14065109193325043,0.3148616552352905,0.049367230385541916,0.49512001872062683]",source_projection_r4,0.5151111,2.142699826,0.5864064428,338975,0.000180311003,15060,158976,173618
71501,5,"[0.14065109193325043,0.3148616552352905,0.049367230385541916,0.49512001872062683]",output_pca_r4,0.73821633,2.046401043,0.104558658,338975,0.000175673002,15060,158976,173618
71501,6,"[0.10744056850671768,0.10950500518083572,0.3532542586326599,0.4298001527786255]",full_regmean,0.73518181,2.053021861,0,336375,0.000176806003,42972,158976,201592
71501,6,"[0.10744056850671768,0.10950500518083572,0.3532542586326599,0.4298001527786255]",task_arithmetic,0.32310197,2.154106063,0.6810644714,2600,0,12312,0,12120
71501,6,"[0.10744056850671768,0.10950500518083572,0.3532542586326599,0.4298001527786255]",mirror_stats_r1,0.30327197,2.171461747,0.7167760958,61816,0.000139009997,7060,158976,165618
71501,6,"[0.10744056850671768,0.10950500518083572,0.3532542586326599,0.4298001527786255]",source_projection_r1,0.32177707,2.169792423,0.7174998941,337025,0.000217658002,7060,158976,165618
71501,6,"[0.10744056850671768,0.10950500518083572,0.3532542586326599,0.4298001527786255]",output_pca_r1,0.66546829,2.082293577,0.3394546167,337025,0.000208804006,7060,158976,165618
71501,6,"[0.10744056850671768,0.10950500518083572,0.3532542586326599,0.4298001527786255]",mirror_stats_r2,0.28985816,2.164925061,0.7051944301,104268,0.000185938999,9748,158976,168306
71501,6,"[0.10744056850671768,0.10950500518083572,0.3532542586326599,0.4298001527786255]",source_projection_r2,0.28750794,2.166753163,0.7062098932,337675,0.000214262003,9748,158976,168306
71501,6,"[0.10744056850671768,0.10950500518083572,0.3532542586326599,0.4298001527786255]",output_pca_r2,0.68882315,2.069053187,0.2937040075,337675,0.000241614005,9748,158976,168306
71501,6,"[0.10744056850671768,0.10950500518083572,0.3532542586326599,0.4298001527786255]",mirror_stats_r3,0.32506251,2.149035469,0.6785635721,146862,0.000247673001,12372,158976,170930
71501,6,"[0.10744056850671768,0.10950500518083572,0.3532542586326599,0.4298001527786255]",source_projection_r3,0.31590368,2.151602462,0.6794712398,338325,0.000215454002,12372,158976,170930
71501,6,"[0.10744056850671768,0.10950500518083572,0.3532542586326599,0.4298001527786255]",output_pca_r3,0.73586871,2.053638062,0.1613171557,338325,0.000209515005,12372,158976,170930
71501,6,"[0.10744056850671768,0.10950500518083572,0.3532542586326599,0.4298001527786255]",mirror_stats_r4,0.32506251,2.148943116,0.6784281024,189604,0.000297948001,15060,158976,173618
71501,6,"[0.10744056850671768,0.10950500518083572,0.3532542586326599,0.4298001527786255]",source_projection_r4,0.31590368,2.15157575,0.6794219281,338975,0.000214312004,15060,158976,173618
71501,6,"[0.10744056850671768,0.10950500518083572,0.3532542586326599,0.4298001527786255]",output_pca_r4,0.72740829,2.056828076,0.1113320827,338975,0.000235394004,15060,158976,173618
71501,7,"[0.04217444360256195,0.09571924805641174,0.022603755816817284,0.8395025730133057]",full_regmean,0.82896833,1.985976518,0,336375,0.000148143001,42972,158976,201592
71501,7,"[0.04217444360256195,0.09571924805641174,0.022603755816817284,0.8395025730133057]",task_arithmetic,0.80965596,2.016407876,0.3123748046,2600,0,12312,0,12120
71501,7,"[0.04217444360256195,0.09571924805641174,0.022603755816817284,0.8395025730133057]",mirror_stats_r1,0.56366377,2.121728613,0.6018654213,61816,0.000131969002,7060,158976,165618
71501,7,"[0.04217444360256195,0.09571924805641174,0.022603755816817284,0.8395025730133057]",source_projection_r1,0.37316636,2.159515387,0.6854176198,337025,0.000178719001,7060,158976,165618
71501,7,"[0.04217444360256195,0.09571924805641174,0.022603755816817284,0.8395025730133057]",output_pca_r1,0.58185204,2.12359085,0.5520408479,337025,0.000173780998,7060,158976,165618
71501,7,"[0.04217444360256195,0.09571924805641174,0.022603755816817284,0.8395025730133057]",mirror_stats_r2,0.64107526,2.098017733,0.5211767665,104268,0.000320481999,9748,158976,168306
71501,7,"[0.04217444360256195,0.09571924805641174,0.022603755816817284,0.8395025730133057]",source_projection_r2,0.62822994,2.119903365,0.5492297696,337675,0.000187653,9748,158976,168306
71501,7,"[0.04217444360256195,0.09571924805641174,0.022603755816817284,0.8395025730133057]",output_pca_r2,0.78108798,2.031813141,0.2808521235,337675,0.000181183001,9748,158976,168306
71501,7,"[0.04217444360256195,0.09571924805641174,0.022603755816817284,0.8395025730133057]",mirror_stats_r3,0.8091227,2.013278663,0.3120539246,146862,0.000232620001,12372,158976,170930
71501,7,"[0.04217444360256195,0.09571924805641174,0.022603755816817284,0.8395025730133057]",source_projection_r3,0.79134015,2.051869833,0.3601347461,338325,0.000185077999,12372,158976,170930
71501,7,"[0.04217444360256195,0.09571924805641174,0.022603755816817284,0.8395025730133057]",output_pca_r3,0.77923461,2.031388001,0.2789516693,338325,0.000181363001,12372,158976,170930
71501,7,"[0.04217444360256195,0.09571924805641174,0.022603755816817284,0.8395025730133057]",mirror_stats_r4,0.8091227,2.013265894,0.3120216273,189604,0.000335283999,15060,158976,173618
71501,7,"[0.04217444360256195,0.09571924805641174,0.022603755816817284,0.8395025730133057]",source_projection_r4,0.79134015,2.051864057,0.3601290446,338975,0.000186520003,15060,158976,173618
71501,7,"[0.04217444360256195,0.09571924805641174,0.022603755816817284,0.8395025730133057]",output_pca_r4,0.77555126,2.033171978,0.2915126967,338975,0.000181093001,15060,158976,173618
71501,8,"[0.5923423171043396,0.33578699827194214,0.03242097049951553,0.039449699223041534]",full_regmean,0.8030739,2.016539985,0,336375,0.000171828997,42972,158976,201592
71501,8,"[0.5923423171043396,0.33578699827194214,0.03242097049951553,0.039449699223041534]",task_arithmetic,0.52981811,2.111435223,0.6212869208,2600,0,12312,0,12120
71501,8,"[0.5923423171043396,0.33578699827194214,0.03242097049951553,0.039449699223041534]",mirror_stats_r1,0.55258086,2.130400034,0.6626927949,61816,0.000150896998,7060,158976,165618
71501,8,"[0.5923423171043396,0.33578699827194214,0.03242097049951553,0.039449699223041534]",source_projection_r1,0.56689988,2.126262426,0.6635232046,337025,0.000202714997,7060,158976,165618
71501,8,"[0.5923423171043396,0.33578699827194214,0.03242097049951553,0.039449699223041534]",output_pca_r1,0.73509437,2.068116991,0.2750353123,337025,0.000196034998,7060,158976,165618
71501,8,"[0.5923423171043396,0.33578699827194214,0.03242097049951553,0.039449699223041534]",mirror_stats_r2,0.55263608,2.112037894,0.6383461609,104268,0.000230065998,9748,158976,168306
71501,8,"[0.5923423171043396,0.33578699827194214,0.03242097049951553,0.039449699223041534]",source_projection_r2,0.50591967,2.118016965,0.6438518384,337675,0.000210076996,9748,158976,168306
71501,8,"[0.5923423171043396,0.33578699827194214,0.03242097049951553,0.039449699223041534]",output_pca_r2,0.74379129,2.064869864,0.2694126008,337675,0.000205008997,9748,158976,168306
71501,8,"[0.5923423171043396,0.33578699827194214,0.03242097049951553,0.039449699223041534]",mirror_stats_r3,0.56526247,2.098307588,0.6165042471,146862,0.000237888002,12372,158976,170930
71501,8,"[0.5923423171043396,0.33578699827194214,0.03242097049951553,0.039449699223041534]",source_projection_r3,0.50968775,2.101754718,0.6251959761,338325,0.000208302998,12372,158976,170930
71501,8,"[0.5923423171043396,0.33578699827194214,0.03242097049951553,0.039449699223041534]",output_pca_r3,0.78623401,2.032228994,0.120840961,338325,0.000203375996,12372,158976,170930
71501,8,"[0.5923423171043396,0.33578699827194214,0.03242097049951553,0.039449699223041534]",mirror_stats_r4,0.56526247,2.098301759,0.6165012331,189604,0.000327513,15060,158976,173618
71501,8,"[0.5923423171043396,0.33578699827194214,0.03242097049951553,0.039449699223041534]",source_projection_r4,0.50968775,2.101756162,0.6251976378,338975,0.000210457998,15060,158976,173618
71501,8,"[0.5923423171043396,0.33578699827194214,0.03242097049951553,0.039449699223041534]",output_pca_r4,0.79310486,2.021445385,0.07298337616,338975,0.000205158998,15060,158976,173618
71501,9,"[0.7204787135124207,0.04672405496239662,0.224473774433136,0.00832345150411129]",full_regmean,0.79182398,2.009380967,0,336375,0.000182094002,42972,158976,201592
71501,9,"[0.7204787135124207,0.04672405496239662,0.224473774433136,0.00832345150411129]",task_arithmetic,0.75912471,2.059638768,0.3633212158,2600,0,12312,0,12120
71501,9,"[0.7204787135124207,0.04672405496239662,0.224473774433136,0.00832345150411129]",mirror_stats_r1,0.74536178,2.054465973,0.4029565532,61816,0.000132860001,7060,158976,165618
71501,9,"[0.7204787135124207,0.04672405496239662,0.224473774433136,0.00832345150411129]",source_projection_r1,0.70034911,2.093833366,0.4558067806,337025,0.000211969,7060,158976,165618
71501,9,"[0.7204787135124207,0.04672405496239662,0.224473774433136,0.00832345150411129]",output_pca_r1,0.75369317,2.056075267,0.2343757871,337025,0.000206601002,7060,158976,165618
71501,9,"[0.7204787135124207,0.04672405496239662,0.224473774433136,0.00832345150411129]",mirror_stats_r2,0.76162765,2.056469817,0.3635147091,104268,0.000190516999,9748,158976,168306
71501,9,"[0.7204787135124207,0.04672405496239662,0.224473774433136,0.00832345150411129]",source_projection_r2,0.75577976,2.08038414,0.3861253732,337675,0.000219841,9748,158976,168306
71501,9,"[0.7204787135124207,0.04672405496239662,0.224473774433136,0.00832345150411129]",output_pca_r2,0.76717869,2.048774284,0.2183356357,337675,0.000213401003,9748,158976,168306
71501,9,"[0.7204787135124207,0.04672405496239662,0.224473774433136,0.00832345150411129]",mirror_stats_r3,0.75636239,2.056033382,0.3627197157,146862,0.000288053001,12372,158976,170930
71501,9,"[0.7204787135124207,0.04672405496239662,0.224473774433136,0.00832345150411129]",source_projection_r3,0.75262837,2.08024218,0.3943230081,338325,0.000219640002,12372,158976,170930
71501,9,"[0.7204787135124207,0.04672405496239662,0.224473774433136,0.00832345150411129]",output_pca_r3,0.78053074,2.048927708,0.2229910267,338325,0.000218748999,12372,158976,170930
71501,9,"[0.7204787135124207,0.04672405496239662,0.224473774433136,0.00832345150411129]",mirror_stats_r4,0.75636239,2.055988083,0.362631754,189604,0.000326761001,15060,158976,173618
71501,9,"[0.7204787135124207,0.04672405496239662,0.224473774433136,0.00832345150411129]",source_projection_r4,0.75262837,2.080216661,0.3942574145,338975,0.000219861002,15060,158976,173618
71501,9,"[0.7204787135124207,0.04672405496239662,0.224473774433136,0.00832345150411129]",output_pca_r4,0.7856871,2.01219654,0.1008175059,338975,0.000215724001,15060,158976,173618
71501,10,"[0.17833060026168823,0.7968143820762634,0.01645362749695778,0.008401361294090748]",full_regmean,0.83631183,1.985213127,0,336375,0.000150136002,42972,158976,201592
71501,10,"[0.17833060026168823,0.7968143820762634,0.01645362749695778,0.008401361294090748]",task_arithmetic,0.74158546,2.041819893,0.4860440583,2600,0,12312,0,12120
71501,10,"[0.17833060026168823,0.7968143820762634,0.01645362749695778,0.008401361294090748]",mirror_stats_r1,0.43017657,2.169882995,0.7423016145,61816,0.000174883,7060,158976,165618
71501,10,"[0.17833060026168823,0.7968143820762634,0.01645362749695778,0.008401361294090748]",source_projection_r1,0.25307605,2.185556711,0.8266003516,337025,0.000181142001,7060,158976,165618
71501,10,"[0.17833060026168823,0.7968143820762634,0.01645362749695778,0.008401361294090748]",output_pca_r1,0.64178818,2.101780891,0.4885170977,337025,0.000174813005,7060,158976,165618
71501,10,"[0.17833060026168823,0.7968143820762634,0.01645362749695778,0.008401361294090748]",mirror_stats_r2,0.54711848,2.129256008,0.6472039289,104268,0.000183405999,9748,158976,168306
71501,10,"[0.17833060026168823,0.7968143820762634,0.01645362749695778,0.008401361294090748]",source_projection_r2,0.3985089,2.147505289,0.6862850911,337675,0.000188293001,9748,158976,168306
71501,10,"[0.17833060026168823,0.7968143820762634,0.01645362749695778,0.008401361294090748]",output_pca_r2,0.6743189,2.087373754,0.4577047437,337675,0.000190687002,9748,158976,168306
71501,10,"[0.17833060026168823,0.7968143820762634,0.01645362749695778,0.008401361294090748]",mirror_stats_r3,0.73852059,2.036998075,0.4828188249,146862,0.000238989,12372,158976,170930
71501,10,"[0.17833060026168823,0.7968143820762634,0.01645362749695778,0.008401361294090748]",source_projection_r3,0.66073793,2.051729707,0.5299120673,338325,0.000216856002,12372,158976,170930
71501,10,"[0.17833060026168823,0.7968143820762634,0.01645362749695778,0.008401361294090748]",output_pca_r3,0.78760929,2.020247832,0.2526651849,338325,0.000185208999,12372,158976,170930
71501,10,"[0.17833060026168823,0.7968143820762634,0.01645362749695778,0.008401361294090748]",mirror_stats_r4,0.73852059,2.036996605,0.4828185743,189604,0.000304166999,15060,158976,173618
71501,10,"[0.17833060026168823,0.7968143820762634,0.01645362749695778,0.008401361294090748]",source_projection_r4,0.66073793,2.051732809,0.5299079964,338975,0.000187492002,15060,158976,173618
71501,10,"[0.17833060026168823,0.7968143820762634,0.01645362749695778,0.008401361294090748]",output_pca_r4,0.78182333,2.01929461,0.2620116806,338975,0.000183226002,15060,158976,173618
71501,11,"[0.18950088322162628,0.3916500508785248,0.41860952973365784,0.00023952932679094374]",full_regmean,0.75865263,2.037747951,0,336375,0.000144998001,42972,158976,201592
71501,11,"[0.18950088322162628,0.3916500508785248,0.41860952973365784,0.00023952932679094374]",task_arithmetic,0.37337695,2.143253992,0.6676463495,2600,0,12312,0,12120
71501,11,"[0.18950088322162628,0.3916500508785248,0.41860952973365784,0.00023952932679094374]",mirror_stats_r1,0.24298991,2.181081948,0.7467726927,61816,0.000132540001,7060,158976,165618
71501,11,"[0.18950088322162628,0.3916500508785248,0.41860952973365784,0.00023952932679094374]",source_projection_r1,0.24324339,2.18055863,0.7488940728,337025,0.000174552999,7060,158976,165618
71501,11,"[0.18950088322162628,0.3916500508785248,0.41860952973365784,0.00023952932679094374]",output_pca_r1,0.70517107,2.080001815,0.2908181736,337025,0.000250837002,7060,158976,165618
71501,11,"[0.18950088322162628,0.3916500508785248,0.41860952973365784,0.00023952932679094374]",mirror_stats_r2,0.3653614,2.16854381,0.7209381763,104268,0.000207472,9748,158976,168306
71501,11,"[0.18950088322162628,0.3916500508785248,0.41860952973365784,0.00023952932679094374]",source_projection_r2,0.38984456,2.167487993,0.723528529,337675,0.000183435001,9748,158976,168306
71501,11,"[0.18950088322162628,0.3916500508785248,0.41860952973365784,0.00023952932679094374]",output_pca_r2,0.75639718,2.035408035,0.1287162894,337675,0.000177196001,9748,158976,168306
71501,11,"[0.18950088322162628,0.3916500508785248,0.41860952973365784,0.00023952932679094374]",mirror_stats_r3,0.39336039,2.135910113,0.6634888922,146862,0.000241803999,12372,158976,170930
71501,11,"[0.18950088322162628,0.3916500508785248,0.41860952973365784,0.00023952932679094374]",source_projection_r3,0.44612363,2.123789146,0.6729416886,338325,0.000183395001,12372,158976,170930
71501,11,"[0.18950088322162628,0.3916500508785248,0.41860952973365784,0.00023952932679094374]",output_pca_r3,0.75345996,2.035267208,0.1282969486,338325,0.000178929,12372,158976,170930
71501,11,"[0.18950088322162628,0.3916500508785248,0.41860952973365784,0.00023952932679094374]",mirror_stats_r4,0.39219435,2.135806011,0.6633650606,189604,0.000370487,15060,158976,173618
71501,11,"[0.18950088322162628,0.3916500508785248,0.41860952973365784,0.00023952932679094374]",source_projection_r4,0.44612363,2.123783277,0.6729318048,338975,0.000191558,15060,158976,173618
71501,11,"[0.18950088322162628,0.3916500508785248,0.41860952973365784,0.00023952932679094374]",output_pca_r4,0.75809549,2.038129422,0.1165744415,338975,0.000178398001,15060,158976,173618
71501,12,"[0.3471820056438446,0.016069671139121056,0.5610182881355286,0.07573005557060242]",full_regmean,0.77622262,2.032326191,0,336375,0.000148252999,42972,158976,201592
71501,12,"[0.3471820056438446,0.016069671139121056,0.5610182881355286,0.07573005557060242]",task_arithmetic,0.67145855,2.103010696,0.4621087327,2600,0,12312,0,12120
71501,12,"[0.3471820056438446,0.016069671139121056,0.5610182881355286,0.07573005557060242]",mirror_stats_r1,0.48248672,2.16040144,0.6677661243,61816,0.000131858,7060,158976,165618
71501,12,"[0.3471820056438446,0.016069671139121056,0.5610182881355286,0.07573005557060242]",source_projection_r1,0.31683464,2.173517187,0.7051484026,337025,0.000178377999,7060,158976,165618
71501,12,"[0.3471820056438446,0.016069671139121056,0.5610182881355286,0.07573005557060242]",output_pca_r1,0.67432112,2.088207195,0.3318078187,337025,0.000173140001,7060,158976,165618
71501,12,"[0.3471820056438446,0.016069671139121056,0.5610182881355286,0.07573005557060242]",mirror_stats_r2,0.68374938,2.1004862,0.4631677551,104268,0.000221202998,9748,158976,168306
71501,12,"[0.3471820056438446,0.016069671139121056,0.5610182881355286,0.07573005557060242]",source_projection_r2,0.64718454,2.115596219,0.4775066348,337675,0.000185708996,9748,158976,168306
71501,12,"[0.3471820056438446,0.016069671139121056,0.5610182881355286,0.07573005557060242]",output_pca_r2,0.65204861,2.092516438,0.3548579944,337675,0.000182534997,9748,158976,168306
71501,12,"[0.3471820056438446,0.016069671139121056,0.5610182881355286,0.07573005557060242]",mirror_stats_r3,0.67924065,2.099629028,0.4613093372,146862,0.000237027001,12372,158976,170930
71501,12,"[0.3471820056438446,0.016069671139121056,0.5610182881355286,0.07573005557060242]",source_projection_r3,0.63241437,2.114151677,0.4817942357,338325,0.000186861998,12372,158976,170930
71501,12,"[0.3471820056438446,0.016069671139121056,0.5610182881355286,0.07573005557060242]",output_pca_r3,0.75049325,2.048764072,0.144435655,338325,0.000181683998,12372,158976,170930
71501,12,"[0.3471820056438446,0.016069671139121056,0.5610182881355286,0.07573005557060242]",mirror_stats_r4,0.67924065,2.099572951,0.4612352138,189604,0.000332559997,15060,158976,173618
71501,12,"[0.3471820056438446,0.016069671139121056,0.5610182881355286,0.07573005557060242]",source_projection_r4,0.63241437,2.114112846,0.4817286048,338975,0.000187852998,15060,158976,173618
71501,12,"[0.3471820056438446,0.016069671139121056,0.5610182881355286,0.07573005557060242]",output_pca_r4,0.75696888,2.034981446,0.1179979015,338975,0.000182553998,15060,158976,173618
71501,13,"[0.2690490484237671,0.2203918844461441,0.029010513797402382,0.481548547744751]",full_regmean,0.75556046,2.047136106,0,336375,0.000150947002,42972,158976,201592
71501,13,"[0.2690490484237671,0.2203918844461441,0.029010513797402382,0.481548547744751]",task_arithmetic,0.47591231,2.143488812,0.6355002575,2600,0,12312,0,12120
71501,13,"[0.2690490484237671,0.2203918844461441,0.029010513797402382,0.481548547744751]",mirror_stats_r1,0.31323298,2.17767135,0.7202700219,61816,0.000175555,7060,158976,165618
71501,13,"[0.2690490484237671,0.2203918844461441,0.029010513797402382,0.481548547744751]",source_projection_r1,0.27149349,2.18068495,0.7653807008,337025,0.000182474003,7060,158976,165618
71501,13,"[0.2690490484237671,0.2203918844461441,0.029010513797402382,0.481548547744751]",output_pca_r1,0.6528808,2.092863713,0.3236748065,337025,0.000176185,7060,158976,165618
71501,13,"[0.2690490484237671,0.2203918844461441,0.029010513797402382,0.481548547744751]",mirror_stats_r2,0.45617477,2.152457857,0.662458168,104268,0.000239861001,9748,158976,168306
71501,13,"[0.2690490484237671,0.2203918844461441,0.029010513797402382,0.481548547744751]",source_projection_r2,0.4259274,2.151791905,0.6686431299,337675,0.000192530002,9748,158976,168306
71501,13,"[0.2690490484237671,0.2203918844461441,0.029010513797402382,0.481548547744751]",output_pca_r2,0.72715017,2.052917011,0.1439159891,337675,0.000184217002,9748,158976,168306
71501,13,"[0.2690490484237671,0.2203918844461441,0.029010513797402382,0.481548547744751]",mirror_stats_r3,0.49851482,2.137469103,0.6330405707,146862,0.000275765,12372,158976,170930
71501,13,"[0.2690490484237671,0.2203918844461441,0.029010513797402382,0.481548547744751]",source_projection_r3,0.45746421,2.141301445,0.6412885171,338325,0.000196185003,12372,158976,170930
71501,13,"[0.2690490484237671,0.2203918844461441,0.029010513797402382,0.481548547744751]",output_pca_r3,0.74749917,2.041805695,0.1291643733,338325,0.000183917004,12372,158976,170930
71501,13,"[0.2690490484237671,0.2203918844461441,0.029010513797402382,0.481548547744751]",mirror_stats_r4,0.49851482,2.137448954,0.6330151921,189604,0.000306111,15060,158976,173618
71501,13,"[0.2690490484237671,0.2203918844461441,0.029010513797402382,0.481548547744751]",source_projection_r4,0.45746421,2.141297174,0.6412817108,338975,0.000189245005,15060,158976,173618
71501,13,"[0.2690490484237671,0.2203918844461441,0.029010513797402382,0.481548547744751]",output_pca_r4,0.7480314,2.043739613,0.09740245267,338975,0.000185790002,15060,158976,173618
71501,14,"[0.12610997259616852,0.5197623372077942,0.1680043339729309,0.18612335622310638]",full_regmean,0.72753949,2.055231644,0,336375,0.000147622002,42972,158976,201592
71501,14,"[0.12610997259616852,0.5197623372077942,0.1680043339729309,0.18612335622310638]",task_arithmetic,0.51483983,2.144897019,0.632581616,2600,0,12312,0,12120
71501,14,"[0.12610997259616852,0.5197623372077942,0.1680043339729309,0.18612335622310638]",mirror_stats_r1,0.39184299,2.166996993,0.6893611982,61816,0.000131137,7060,158976,165618
71501,14,"[0.12610997259616852,0.5197623372077942,0.1680043339729309,0.18612335622310638]",source_projection_r1,0.30177263,2.173368563,0.700391354,337025,0.000183196003,7060,158976,165618
71501,14,"[0.12610997259616852,0.5197623372077942,0.1680043339729309,0.18612335622310638]",output_pca_r1,0.70426175,2.063456574,0.2806208266,337025,0.000172980002,7060,158976,165618
71501,14,"[0.12610997259616852,0.5197623372077942,0.1680043339729309,0.18612335622310638]",mirror_stats_r2,0.46321945,2.161630401,0.6688148092,104268,0.000194262,9748,158976,168306
71501,14,"[0.12610997259616852,0.5197623372077942,0.1680043339729309,0.18612335622310638]",source_projection_r2,0.38241548,2.1683109,0.679019399,337675,0.000185319001,9748,158976,168306
71501,14,"[0.12610997259616852,0.5197623372077942,0.1680043339729309,0.18612335622310638]",output_pca_r2,0.70235512,2.063166573,0.2786476343,337675,0.000179800005,9748,158976,168306
71501,14,"[0.12610997259616852,0.5197623372077942,0.1680043339729309,0.18612335622310638]",mirror_stats_r3,0.52722054,2.14215187,0.6318686582,146862,0.000233792001,12372,158976,170930
71501,14,"[0.12610997259616852,0.5197623372077942,0.1680043339729309,0.18612335622310638]",source_projection_r3,0.42441458,2.153255114,0.6441771299,338325,0.000184908004,12372,158976,170930
71501,14,"[0.12610997259616852,0.5197623372077942,0.1680043339729309,0.18612335622310638]",output_pca_r3,0.70610727,2.061442866,0.2774218741,338325,0.000181634005,12372,158976,170930
71501,14,"[0.12610997259616852,0.5197623372077942,0.1680043339729309,0.18612335622310638]",mirror_stats_r4,0.52722054,2.142074674,0.6317678019,189604,0.0003125,15060,158976,173618
71501,14,"[0.12610997259616852,0.5197623372077942,0.1680043339729309,0.18612335622310638]",source_projection_r4,0.42441458,2.153246192,0.6441606409,338975,0.000187582002,15060,158976,173618
71501,14,"[0.12610997259616852,0.5197623372077942,0.1680043339729309,0.18612335622310638]",output_pca_r4,0.71596982,2.061087442,0.1438576273,338975,0.000182625001,15060,158976,173618
71501,15,"[0.39904895424842834,0.0657411515712738,0.2622554898262024,0.27295440435409546]",full_regmean,0.72906767,2.059937275,0,336375,0.000172139,42972,158976,201592
71501,15,"[0.39904895424842834,0.0657411515712738,0.2622554898262024,0.27295440435409546]",task_arithmetic,0.39929184,2.159588849,0.6689605726,2600,0,12312,0,12120
71501,15,"[0.39904895424842834,0.0657411515712738,0.2622554898262024,0.27295440435409546]",mirror_stats_r1,0.3745377,2.166938253,0.6928310576,61816,0.000139651002,7060,158976,165618
71501,15,"[0.39904895424842834,0.0657411515712738,0.2622554898262024,0.27295440435409546]",source_projection_r1,0.31492389,2.172095797,0.6989744176,337025,0.000202644998,7060,158976,165618
71501,15,"[0.39904895424842834,0.0657411515712738,0.2622554898262024,0.27295440435409546]",output_pca_r1,0.67635705,2.085457761,0.2393733774,337025,0.000196145,7060,158976,165618
71501,15,"[0.39904895424842834,0.0657411515712738,0.2622554898262024,0.27295440435409546]",mirror_stats_r2,0.41134193,2.166437517,0.6854398115,104268,0.000182193999,9748,158976,168306
71501,15,"[0.39904895424842834,0.0657411515712738,0.2622554898262024,0.27295440435409546]",source_projection_r2,0.37486494,2.169602677,0.6882230322,337675,0.000209496,9748,158976,168306
71501,15,"[0.39904895424842834,0.0657411515712738,0.2622554898262024,0.27295440435409546]",output_pca_r2,0.69526416,2.077327341,0.2044984999,337675,0.000206491,9748,158976,168306
71501,15,"[0.39904895424842834,0.0657411515712738,0.2622554898262024,0.27295440435409546]",mirror_stats_r3,0.40403571,2.157090295,0.6674421887,146862,0.000276546001,12372,158976,170930
71501,15,"[0.39904895424842834,0.0657411515712738,0.2622554898262024,0.27295440435409546]",source_projection_r3,0.3678532,2.159073682,0.6705493654,338325,0.000210426002,12372,158976,170930
71501,15,"[0.39904895424842834,0.0657411515712738,0.2622554898262024,0.27295440435409546]",output_pca_r3,0.72481284,2.072866095,0.1425164081,338325,0.000204808002,12372,158976,170930
71501,15,"[0.39904895424842834,0.0657411515712738,0.2622554898262024,0.27295440435409546]",mirror_stats_r4,0.40479602,2.157024959,0.667350023,189604,0.000302025001,15060,158976,173618
71501,15,"[0.39904895424842834,0.0657411515712738,0.2622554898262024,0.27295440435409546]",source_projection_r4,0.3678532,2.1590481,0.6705007216,338975,0.000210496997,15060,158976,173618
71501,15,"[0.39904895424842834,0.0657411515712738,0.2622554898262024,0.27295440435409546]",output_pca_r4,0.72491903,2.060622564,0.1316920178,338975,0.000206510998,15060,158976,173618
71502,0,"[0.55129075050354,0.00423569418489933,0.34906095266342163,0.09541259706020355]",full_regmean,0.76619311,2.04565885,0,336375,0.000261804002,42972,158976,201592
71502,0,"[0.55129075050354,0.00423569418489933,0.34906095266342163,0.09541259706020355]",task_arithmetic,0.66128558,2.1134248,0.4854357716,2600,0,12312,0,12120
71502,0,"[0.55129075050354,0.00423569418489933,0.34906095266342163,0.09541259706020355]",mirror_stats_r1,0.6327311,2.123780412,0.5668067977,61816,0.000210776998,7060,158976,165618
71502,0,"[0.55129075050354,0.00423569418489933,0.34906095266342163,0.09541259706020355]",source_projection_r1,0.47425043,2.148691283,0.6044182063,337025,0.000297918999,7060,158976,165618
71502,0,"[0.55129075050354,0.00423569418489933,0.34906095266342163,0.09541259706020355]",output_pca_r1,0.69918753,2.094129461,0.2795681438,337025,0.000288164003,7060,158976,165618
71502,0,"[0.55129075050354,0.00423569418489933,0.34906095266342163,0.09541259706020355]",mirror_stats_r2,0.65464326,2.112136909,0.4892736467,104268,0.000189145001,9748,158976,168306
71502,0,"[0.55129075050354,0.00423569418489933,0.34906095266342163,0.09541259706020355]",source_projection_r2,0.62682245,2.123582467,0.4981891596,337675,0.000305470003,9748,158976,168306
71502,0,"[0.55129075050354,0.00423569418489933,0.34906095266342163,0.09541259706020355]",output_pca_r2,0.69158439,2.086076914,0.3109570939,337675,0.000296697002,9748,158976,168306
71502,0,"[0.55129075050354,0.00423569418489933,0.34906095266342163,0.09541259706020355]",mirror_stats_r3,0.66032215,2.110296726,0.4840293133,146862,0.000272801,12372,158976,170930
71502,0,"[0.55129075050354,0.00423569418489933,0.34906095266342163,0.09541259706020355]",source_projection_r3,0.6293879,2.118169958,0.506627298,338325,0.000300743002,12372,158976,170930
71502,0,"[0.55129075050354,0.00423569418489933,0.34906095266342163,0.09541259706020355]",output_pca_r3,0.72371497,2.047705597,0.1935809409,338325,0.000295844999,12372,158976,170930
71502,0,"[0.55129075050354,0.00423569418489933,0.34906095266342163,0.09541259706020355]",mirror_stats_r4,0.66032215,2.110262078,0.4839821634,189604,0.000296515998,15060,158976,173618
71502,0,"[0.55129075050354,0.00423569418489933,0.34906095266342163,0.09541259706020355]",source_projection_r4,0.6293879,2.118164214,0.5066181294,338975,0.000300963002,15060,158976,173618
71502,0,"[0.55129075050354,0.00423569418489933,0.34906095266342163,0.09541259706020355]",output_pca_r4,0.74547321,2.051793468,0.125848898,338975,0.000295434002,15060,158976,173618
71502,1,"[0.1229807585477829,0.7263041734695435,0.09938192367553711,0.051333118230104446]",full_regmean,0.79579395,2.027752737,0,336375,0.000191869,42972,158976,201592
71502,1,"[0.1229807585477829,0.7263041734695435,0.09938192367553711,0.051333118230104446]",task_arithmetic,0.6987333,2.087595425,0.5299616314,2600,0,12312,0,12120
71502,1,"[0.1229807585477829,0.7263041734695435,0.09938192367553711,0.051333118230104446]",mirror_stats_r1,0.38200425,2.170199445,0.7192160562,61816,0.000146190003,7060,158976,165618
71502,1,"[0.1229807585477829,0.7263041734695435,0.09938192367553711,0.051333118230104446]",source_projection_r1,0.25190982,2.182165081,0.7503043273,337025,0.000231799,7060,158976,165618
71502,1,"[0.1229807585477829,0.7263041734695435,0.09938192367553711,0.051333118230104446]",output_pca_r1,0.65971539,2.109411755,0.4282609188,337025,0.0002188,7060,158976,165618
71502,1,"[0.1229807585477829,0.7263041734695435,0.09938192367553711,0.051333118230104446]",mirror_stats_r2,0.48671286,2.151789609,0.6642609804,104268,0.000193170999,9748,158976,168306
71502,1,"[0.1229807585477829,0.7263041734695435,0.09938192367553711,0.051333118230104446]",source_projection_r2,0.33222319,2.168821625,0.6943088247,337675,0.000230677,9748,158976,168306
71502,1,"[0.1229807585477829,0.7263041734695435,0.09938192367553711,0.051333118230104446]",output_pca_r2,0.70351305,2.092695863,0.3512243451,337675,0.000225128999,9748,158976,168306
71502,1,"[0.1229807585477829,0.7263041734695435,0.09938192367553711,0.051333118230104446]",mirror_stats_r3,0.7026366,2.082322765,0.5284109577,146862,0.000279029999,12372,158976,170930
71502,1,"[0.1229807585477829,0.7263041734695435,0.09938192367553711,0.051333118230104446]",source_projection_r3,0.60198056,2.10666351,0.5625441351,338325,0.000229406,12372,158976,170930
71502,1,"[0.1229807585477829,0.7263041734695435,0.09938192367553711,0.051333118230104446]",output_pca_r3,0.71683004,2.088530632,0.3249513994,338325,0.000224238,12372,158976,170930
71502,1,"[0.1229807585477829,0.7263041734695435,0.09938192367553711,0.051333118230104446]",mirror_stats_r4,0.7026366,2.082284578,0.5283551743,189604,0.000301524,15060,158976,173618
71502,1,"[0.1229807585477829,0.7263041734695435,0.09938192367553711,0.051333118230104446]",source_projection_r4,0.60198056,2.106662095,0.5625474513,338975,0.000238518998,15060,158976,173618
71502,1,"[0.1229807585477829,0.7263041734695435,0.09938192367553711,0.051333118230104446]",output_pca_r4,0.75447242,2.051886451,0.2319539582,338975,0.000225049,15060,158976,173618
71502,2,"[0.08764313161373138,0.10166668146848679,0.16366414725780487,0.6470260620117188]",full_regmean,0.77016618,2.045808358,0,336375,0.000142064,42972,158976,201592
71502,2,"[0.08764313161373138,0.10166668146848679,0.16366414725780487,0.6470260620117188]",task_arithmetic,0.63170281,2.116194884,0.5795747768,2600,0,12312,0,12120
71502,2,"[0.08764313161373138,0.10166668146848679,0.16366414725780487,0.6470260620117188]",mirror_stats_r1,0.39003738,2.159235013,0.6764946894,61816,0.000140841999,7060,158976,165618
71502,2,"[0.08764313161373138,0.10166668146848679,0.16366414725780487,0.6470260620117188]",source_projection_r1,0.30149934,2.170678734,0.6933011784,337025,0.000172460001,7060,158976,165618
71502,2,"[0.08764313161373138,0.10166668146848679,0.16366414725780487,0.6470260620117188]",output_pca_r1,0.69627603,2.078145972,0.3263266565,337025,0.000168833998,7060,158976,165618
71502,2,"[0.08764313161373138,0.10166668146848679,0.16366414725780487,0.6470260620117188]",mirror_stats_r2,0.45513057,2.156575604,0.6645962989,104268,0.000184707998,9748,158976,168306
71502,2,"[0.08764313161373138,0.10166668146848679,0.16366414725780487,0.6470260620117188]",source_projection_r2,0.33714513,2.168282219,0.6833943506,337675,0.000179831,9748,158976,168306
71502,2,"[0.08764313161373138,0.10166668146848679,0.16366414725780487,0.6470260620117188]",output_pca_r2,0.69976052,2.074495647,0.3193381079,337675,0.000174112003,9748,158976,168306
71502,2,"[0.08764313161373138,0.10166668146848679,0.16366414725780487,0.6470260620117188]",mirror_stats_r3,0.63082085,2.112235273,0.5780354453,146862,0.000263566999,12372,158976,170930
71502,2,"[0.08764313161373138,0.10166668146848679,0.16366414725780487,0.6470260620117188]",source_projection_r3,0.49806494,2.130489716,0.599900439,338325,0.000182755,12372,158976,170930
71502,2,"[0.08764313161373138,0.10166668146848679,0.16366414725780487,0.6470260620117188]",output_pca_r3,0.70111938,2.068774443,0.2782222485,338325,0.000175374,12372,158976,170930
71502,2,"[0.08764313161373138,0.10166668146848679,0.16366414725780487,0.6470260620117188]",mirror_stats_r4,0.63082085,2.112168414,0.5778892143,189604,0.000295194001,15060,158976,173618
71502,2,"[0.08764313161373138,0.10166668146848679,0.16366414725780487,0.6470260620117188]",source_projection_r4,0.49806494,2.13048104,0.5998919003,338975,0.000180912997,15060,158976,173618
71502,2,"[0.08764313161373138,0.10166668146848679,0.16366414725780487,0.6470260620117188]",output_pca_r4,0.74011833,2.057815944,0.2235413509,338975,0.000174763001,15060,158976,173618
71502,3,"[0.47926387190818787,0.022065280005335808,0.36408042907714844,0.13459041714668274]",full_regmean,0.74279723,2.057804856,0,336375,0.000148644001,42972,158976,201592
71502,3,"[0.47926387190818787,0.022065280005335808,0.36408042907714844,0.13459041714668274]",task_arithmetic,0.58571224,2.134065774,0.553975148,2600,0,12312,0,12120
71502,3,"[0.47926387190818787,0.022065280005335808,0.36408042907714844,0.13459041714668274]",mirror_stats_r1,0.5406727,2.146644988,0.6251524563,61816,0.000129805001,7060,158976,165618
71502,3,"[0.47926387190818787,0.022065280005335808,0.36408042907714844,0.13459041714668274]",source_projection_r1,0.36207318,2.165011666,0.6563455639,337025,0.000179129001,7060,158976,165618
71502,3,"[0.47926387190818787,0.022065280005335808,0.36408042907714844,0.13459041714668274]",output_pca_r1,0.68655455,2.098650747,0.2619707929,337025,0.000178868999,7060,158976,165618
71502,3,"[0.47926387190818787,0.022065280005335808,0.36408042907714844,0.13459041714668274]",mirror_stats_r2,0.5875169,2.134013112,0.5594966962,104268,0.000184977998,9748,158976,168306
71502,3,"[0.47926387190818787,0.022065280005335808,0.36408042907714844,0.13459041714668274]",source_projection_r2,0.52820291,2.1448791,0.5701675517,337675,0.000186220001,9748,158976,168306
71502,3,"[0.47926387190818787,0.022065280005335808,0.36408042907714844,0.13459041714668274]",output_pca_r2,0.68253331,2.093890283,0.2777438034,337675,0.000181173004,9748,158976,168306
71502,3,"[0.47926387190818787,0.022065280005335808,0.36408042907714844,0.13459041714668274]",mirror_stats_r3,0.58413391,2.131223436,0.5526387274,146862,0.000227582001,12372,158976,170930
71502,3,"[0.47926387190818787,0.022065280005335808,0.36408042907714844,0.13459041714668274]",source_projection_r3,0.51435118,2.139629414,0.5682186509,338325,0.000185219003,12372,158976,170930
71502,3,"[0.47926387190818787,0.022065280005335808,0.36408042907714844,0.13459041714668274]",output_pca_r3,0.71476966,2.062268023,0.1556970769,338325,0.000181053001,12372,158976,170930
71502,3,"[0.47926387190818787,0.022065280005335808,0.36408042907714844,0.13459041714668274]",mirror_stats_r4,0.58413391,2.131180737,0.5525811896,189604,0.000325189001,15060,158976,173618
71502,3,"[0.47926387190818787,0.022065280005335808,0.36408042907714844,0.13459041714668274]",source_projection_r4,0.51435118,2.139625059,0.5682098182,338975,0.000186711004,15060,158976,173618
71502,3,"[0.47926387190818787,0.022065280005335808,0.36408042907714844,0.13459041714668274]",output_pca_r4,0.72514055,2.063064802,0.1180114336,338975,0.000181414001,15060,158976,173618
71502,4,"[0.005065489560365677,0.18144644796848297,0.7682023048400879,0.04528574272990227]",full_regmean,0.83127749,2.007088866,0,336375,0.000155564001,42972,158976,201592
71502,4,"[0.005065489560365677,0.18144644796848297,0.7682023048400879,0.04528574272990227]",task_arithmetic,0.72385324,2.067379638,0.5215482048,2600,0,12312,0,12120
71502,4,"[0.005065489560365677,0.18144644796848297,0.7682023048400879,0.04528574272990227]",mirror_stats_r1,0.23030695,2.187622922,0.7898480715,61816,0.000130396002,7060,158976,165618
71502,4,"[0.005065489560365677,0.18144644796848297,0.7682023048400879,0.04528574272990227]",source_projection_r1,0.28487343,2.166538646,0.8713103416,337025,0.000185399003,7060,158976,165618
71502,4,"[0.005065489560365677,0.18144644796848297,0.7682023048400879,0.04528574272990227]",output_pca_r1,0.64853391,2.110437607,0.4851938553,337025,0.000179989998,7060,158976,165618
71502,4,"[0.005065489560365677,0.18144644796848297,0.7682023048400879,0.04528574272990227]",mirror_stats_r2,0.73589854,2.066717064,0.5322829387,104268,0.000235024003,9748,158976,168306
71502,4,"[0.005065489560365677,0.18144644796848297,0.7682023048400879,0.04528574272990227]",source_projection_r2,0.58913912,2.085450429,0.5773960087,337675,0.000201763003,9748,158976,168306
71502,4,"[0.005065489560365677,0.18144644796848297,0.7682023048400879,0.04528574272990227]",output_pca_r2,0.80269575,2.045216249,0.2291283008,337675,0.000189966002,9748,158976,168306
71502,4,"[0.005065489560365677,0.18144644796848297,0.7682023048400879,0.04528574272990227]",mirror_stats_r3,0.72586082,2.061713901,0.5185702448,146862,0.000241533999,12372,158976,170930
71502,4,"[0.005065489560365677,0.18144644796848297,0.7682023048400879,0.04528574272990227]",source_projection_r3,0.58391133,2.076962676,0.5651741202,338325,0.000193672004,12372,158976,170930
71502,4,"[0.005065489560365677,0.18144644796848297,0.7682023048400879,0.04528574272990227]",output_pca_r3,0.80138314,2.038518662,0.2032028515,338325,0.000188364003,12372,158976,170930
71502,4,"[0.005065489560365677,0.18144644796848297,0.7682023048400879,0.04528574272990227]",mirror_stats_r4,0.7280007,2.061645068,0.51849515,189604,0.000327121998,15060,158976,173618
71502,4,"[0.005065489560365677,0.18144644796848297,0.7682023048400879,0.04528574272990227]",source_projection_r4,0.58391133,2.076956624,0.5651622231,338975,0.000195124001,15060,158976,173618
71502,4,"[0.005065489560365677,0.18144644796848297,0.7682023048400879,0.04528574272990227]",output_pca_r4,0.80884173,2.024961381,0.1626043771,338975,0.000187772002,15060,158976,173618
71502,5,"[0.13857316970825195,0.804105818271637,0.041380152106285095,0.015940839424729347]",full_regmean,0.84300861,2.00333116,0,336375,0.000173732002,42972,158976,201592
71502,5,"[0.13857316970825195,0.804105818271637,0.041380152106285095,0.015940839424729347]",task_arithmetic,0.77188934,2.05183109,0.4716350081,2600,0,12312,0,12120
71502,5,"[0.13857316970825195,0.804105818271637,0.041380152106285095,0.015940839424729347]",mirror_stats_r1,0.40588516,2.170260755,0.7324282296,61816,0.000136656003,7060,158976,165618
71502,5,"[0.13857316970825195,0.804105818271637,0.041380152106285095,0.015940839424729347]",source_projection_r1,0.22701207,2.187467992,0.7952050985,337025,0.000204208001,7060,158976,165618
71502,5,"[0.13857316970825195,0.804105818271637,0.041380152106285095,0.015940839424729347]",output_pca_r1,0.59967248,2.126391464,0.5181606852,337025,0.000198039004,7060,158976,165618
71502,5,"[0.13857316970825195,0.804105818271637,0.041380152106285095,0.015940839424729347]",mirror_stats_r2,0.52308074,2.136983038,0.644657031,104268,0.000188193,9748,158976,168306
71502,5,"[0.13857316970825195,0.804105818271637,0.041380152106285095,0.015940839424729347]",source_projection_r2,0.34156519,2.160073789,0.6873929949,337675,0.000212601004,9748,158976,168306
71502,5,"[0.13857316970825195,0.804105818271637,0.041380152106285095,0.015940839424729347]",output_pca_r2,0.64971554,2.111406615,0.469715479,337675,0.000205340002,9748,158976,168306
71502,5,"[0.13857316970825195,0.804105818271637,0.041380152106285095,0.015940839424729347]",mirror_stats_r3,0.7699467,2.047532027,0.4695613117,146862,0.000273803002,12372,158976,170930
71502,5,"[0.13857316970825195,0.804105818271637,0.041380152106285095,0.015940839424729347]",source_projection_r3,0.64543344,2.071845513,0.5191053578,338325,0.000212080002,12372,158976,170930
71502,5,"[0.13857316970825195,0.804105818271637,0.041380152106285095,0.015940839424729347]",output_pca_r3,0.66805193,2.107014512,0.4528937057,338325,0.000206271001,12372,158976,170930
71502,5,"[0.13857316970825195,0.804105818271637,0.041380152106285095,0.015940839424729347]",mirror_stats_r4,0.7699467,2.047516864,0.4695451235,189604,0.000297787999,15060,158976,173618
71502,5,"[0.13857316970825195,0.804105818271637,0.041380152106285095,0.015940839424729347]",source_projection_r4,0.64543344,2.071845762,0.5191100981,338975,0.000210467002,15060,158976,173618
71502,5,"[0.13857316970825195,0.804105818271637,0.041380152106285095,0.015940839424729347]",output_pca_r4,0.72172895,2.046219097,0.3493799654,338975,0.000206000001,15060,158976,173618
71502,6,"[0.07969636470079422,0.41876494884490967,0.16324634850025177,0.33829233050346375]",full_regmean,0.71636016,2.072569473,0,336375,0.000145349,42972,158976,201592
71502,6,"[0.07969636470079422,0.41876494884490967,0.16324634850025177,0.33829233050346375]",task_arithmetic,0.4768731,2.156967963,0.6285073138,2600,0,12312,0,12120
71502,6,"[0.07969636470079422,0.41876494884490967,0.16324634850025177,0.33829233050346375]",mirror_stats_r1,0.40475688,2.161459693,0.6546965355,61816,0.000130496002,7060,158976,165618
71502,6,"[0.07969636470079422,0.41876494884490967,0.16324634850025177,0.33829233050346375]",source_projection_r1,0.32393939,2.169724891,0.6654329,337025,0.000175294001,7060,158976,165618
71502,6,"[0.07969636470079422,0.41876494884490967,0.16324634850025177,0.33829233050346375]",output_pca_r1,0.67585057,2.077386345,0.310234568,337025,0.000169766001,7060,158976,165618
71502,6,"[0.07969636470079422,0.41876494884490967,0.16324634850025177,0.33829233050346375]",mirror_stats_r2,0.46703879,2.156471098,0.631050751,104268,0.000189876002,9748,158976,168306
71502,6,"[0.07969636470079422,0.41876494884490967,0.16324634850025177,0.33829233050346375]",source_projection_r2,0.39625972,2.163868496,0.6413754761,337675,0.000182824999,9748,158976,168306
71502,6,"[0.07969636470079422,0.41876494884490967,0.16324634850025177,0.33829233050346375]",output_pca_r2,0.69103702,2.078423557,0.2771716476,337675,0.000177348,9748,158976,168306
71502,6,"[0.07969636470079422,0.41876494884490967,0.16324634850025177,0.33829233050346375]",mirror_stats_r3,0.49373712,2.155054184,0.6278991867,146862,0.000232138998,12372,158976,170930
71502,6,"[0.07969636470079422,0.41876494884490967,0.16324634850025177,0.33829233050346375]",source_projection_r3,0.40131543,2.162952976,0.6385078344,338325,0.000187191999,12372,158976,170930
71502,6,"[0.07969636470079422,0.41876494884490967,0.16324634850025177,0.33829233050346375]",output_pca_r3,0.70135041,2.069673116,0.1817306089,338325,0.000178929,12372,158976,170930
71502,6,"[0.07969636470079422,0.41876494884490967,0.16324634850025177,0.33829233050346375]",mirror_stats_r4,0.49373712,2.154967614,0.6277399523,189604,0.000346992998,15060,158976,173618
71502,6,"[0.07969636470079422,0.41876494884490967,0.16324634850025177,0.33829233050346375]",source_projection_r4,0.40131543,2.162944677,0.6384877427,338975,0.000183026001,15060,158976,173618
71502,6,"[0.07969636470079422,0.41876494884490967,0.16324634850025177,0.33829233050346375]",output_pca_r4,0.70017536,2.069556729,0.1813263172,338975,0.000179691,15060,158976,173618
71502,7,"[0.38315922021865845,0.430350661277771,0.13626877963542938,0.050221361219882965]",full_regmean,0.73859899,2.058981818,0,336375,0.000155113001,42972,158976,201592
71502,7,"[0.38315922021865845,0.430350661277771,0.13626877963542938,0.050221361219882965]",task_arithmetic,0.29721459,2.155353347,0.6831474891,2600,0,12312,0,12120
71502,7,"[0.38315922021865845,0.430350661277771,0.13626877963542938,0.050221361219882965]",mirror_stats_r1,0.27273756,2.178090321,0.7315542383,61816,0.000130506,7060,158976,165618
71502,7,"[0.38315922021865845,0.430350661277771,0.13626877963542938,0.050221361219882965]",source_projection_r1,0.30555538,2.176006033,0.7329602668,337025,0.000185849003,7060,158976,165618
71502,7,"[0.38315922021865845,0.430350661277771,0.13626877963542938,0.050221361219882965]",output_pca_r1,0.67510397,2.103419695,0.2913009502,337025,0.000180319999,7060,158976,165618
71502,7,"[0.38315922021865845,0.430350661277771,0.13626877963542938,0.050221361219882965]",mirror_stats_r2,0.28040707,2.171507625,0.7205648588,104268,0.000440301999,9748,158976,168306
71502,7,"[0.38315922021865845,0.430350661277771,0.13626877963542938,0.050221361219882965]",source_projection_r2,0.27837406,2.173638725,0.7220893689,337675,0.000195914999,9748,158976,168306
71502,7,"[0.38315922021865845,0.430350661277771,0.13626877963542938,0.050221361219882965]",output_pca_r2,0.69053471,2.103132461,0.2764549049,337675,0.000189445,9748,158976,168306
71502,7,"[0.38315922021865845,0.430350661277771,0.13626877963542938,0.050221361219882965]",mirror_stats_r3,0.33652696,2.148488951,0.6798031754,146862,0.000238618999,12372,158976,170930
71502,7,"[0.38315922021865845,0.430350661277771,0.13626877963542938,0.050221361219882965]",source_projection_r3,0.33137016,2.149280229,0.6813035554,338325,0.000191597999,12372,158976,170930
71502,7,"[0.38315922021865845,0.430350661277771,0.13626877963542938,0.050221361219882965]",output_pca_r3,0.68952528,2.101155319,0.2831045489,338325,0.000188092999,12372,158976,170930
71502,7,"[0.38315922021865845,0.430350661277771,0.13626877963542938,0.050221361219882965]",mirror_stats_r4,0.33652696,2.148442352,0.6797387769,189604,0.000318369002,15060,158976,173618
71502,7,"[0.38315922021865845,0.430350661277771,0.13626877963542938,0.050221361219882965]",source_projection_r4,0.33137016,2.149277586,0.681296894,338975,0.000195694,15060,158976,173618
71502,7,"[0.38315922021865845,0.430350661277771,0.13626877963542938,0.050221361219882965]",output_pca_r4,0.72022127,2.065972285,0.1289994073,338975,0.000188293001,15060,158976,173618
71502,8,"[0.19509123265743256,0.2712644636631012,0.2879506051540375,0.24569369852542877]",full_regmean,0.68812882,2.086797603,0,336375,0.000172159002,42972,158976,201592
71502,8,"[0.19509123265743256,0.2712644636631012,0.2879506051540375,0.24569369852542877]",task_arithmetic,0.2350442,2.184352068,0.7209270897,2600,0,12312,0,12120
71502,8,"[0.19509123265743256,0.2712644636631012,0.2879506051540375,0.24569369852542877]",mirror_stats_r1,0.23948342,2.184942419,0.7226846479,61816,0.000133630998,7060,158976,165618
71502,8,"[0.19509123265743256,0.2712644636631012,0.2879506051540375,0.24569369852542877]",source_projection_r1,0.24307254,2.184701333,0.7228214714,337025,0.000203266001,7060,158976,165618
71502,8,"[0.19509123265743256,0.2712644636631012,0.2879506051540375,0.24569369852542877]",output_pca_r1,0.6728117,2.087705193,0.2222818564,337025,0.000197337002,7060,158976,165618
71502,8,"[0.19509123265743256,0.2712644636631012,0.2879506051540375,0.24569369852542877]",mirror_stats_r2,0.23598573,2.184249278,0.7212474158,104268,0.000183315999,9748,158976,168306
71502,8,"[0.19509123265743256,0.2712644636631012,0.2879506051540375,0.24569369852542877]",source_projection_r2,0.23598573,2.184409378,0.7213030612,337675,0.000210256003,9748,158976,168306
71502,8,"[0.19509123265743256,0.2712644636631012,0.2879506051540375,0.24569369852542877]",output_pca_r2,0.68105578,2.088067867,0.1919585653,337675,0.000204086999,9748,158976,168306
71502,8,"[0.19509123265743256,0.2712644636631012,0.2879506051540375,0.24569369852542877]",mirror_stats_r3,0.23978853,2.184035261,0.7207684156,146862,0.000292640001,12372,158976,170930
71502,8,"[0.19509123265743256,0.2712644636631012,0.2879506051540375,0.24569369852542877]",source_projection_r3,0.23730951,2.184250851,0.7208573085,338325,0.000210416001,12372,158976,170930
71502,8,"[0.19509123265743256,0.2712644636631012,0.2879506051540375,0.24569369852542877]",output_pca_r3,0.68407806,2.087671407,0.1940295322,338325,0.000205169003,12372,158976,170930
71502,8,"[0.19509123265743256,0.2712644636631012,0.2879506051540375,0.24569369852542877]",mirror_stats_r4,0.23978853,2.183941621,0.7206213341,189604,0.001454038,15060,158976,173618
71502,8,"[0.19509123265743256,0.2712644636631012,0.2879506051540375,0.24569369852542877]",source_projection_r4,0.23730951,2.18423814,0.720827452,338975,0.000215824002,15060,158976,173618
71502,8,"[0.19509123265743256,0.2712644636631012,0.2879506051540375,0.24569369852542877]",output_pca_r4,0.68037427,2.087433476,0.1915426108,338975,0.000255004001,15060,158976,173618
71502,9,"[0.7372058033943176,0.029002824798226357,0.0007523441454395652,0.23303905129432678]",full_regmean,0.82937902,2.006757067,0,336375,0.000152950997,42972,158976,201592
71502,9,"[0.7372058033943176,0.029002824798226357,0.0007523441454395652,0.23303905129432678]",task_arithmetic,0.68719075,2.077122503,0.554858912,2600,0,12312,0,12120
71502,9,"[0.7372058033943176,0.029002824798226357,0.0007523441454395652,0.23303905129432678]",mirror_stats_r1,0.6982463,2.093450983,0.5885680967,61816,0.000131176999,7060,158976,165618
71502,9,"[0.7372058033943176,0.029002824798226357,0.0007523441454395652,0.23303905129432678]",source_projection_r1,0.69478636,2.096354512,0.5888187876,337025,0.000183696997,7060,158976,165618
71502,9,"[0.7372058033943176,0.029002824798226357,0.0007523441454395652,0.23303905129432678]",output_pca_r1,0.74601378,2.067437946,0.3235471828,337025,0.000177517995,7060,158976,165618
71502,9,"[0.7372058033943176,0.029002824798226357,0.0007523441454395652,0.23303905129432678]",mirror_stats_r2,0.69747023,2.080774616,0.5758352954,104268,0.000240481,9748,158976,168306
71502,9,"[0.7372058033943176,0.029002824798226357,0.0007523441454395652,0.23303905129432678]",source_projection_r2,0.54713446,2.091673097,0.6123417801,337675,0.000191328996,9748,158976,168306
71502,9,"[0.7372058033943176,0.029002824798226357,0.0007523441454395652,0.23303905129432678]",output_pca_r2,0.81208425,2.009160858,0.1681794336,337675,0.000185770998,9748,158976,168306
71502,9,"[0.7372058033943176,0.029002824798226357,0.0007523441454395652,0.23303905129432678]",mirror_stats_r3,0.68632311,2.070155424,0.5506836952,146862,0.000233071001,12372,158976,170930
71502,9,"[0.7372058033943176,0.029002824798226357,0.0007523441454395652,0.23303905129432678]",source_projection_r3,0.54505549,2.075640257,0.5909517873,338325,0.000189615996,12372,158976,170930
71502,9,"[0.7372058033943176,0.029002824798226357,0.0007523441454395652,0.23303905129432678]",output_pca_r3,0.81208635,2.008802535,0.1671110245,338325,0.000183887998,12372,158976,170930
71502,9,"[0.7372058033943176,0.029002824798226357,0.0007523441454395652,0.23303905129432678]",mirror_stats_r4,0.68632311,2.070154995,0.5506827779,189604,0.000329896,15060,158976,173618
71502,9,"[0.7372058033943176,0.029002824798226357,0.0007523441454395652,0.23303905129432678]",source_projection_r4,0.54505549,2.075640254,0.5909505168,338975,0.000190337996,15060,158976,173618
71502,9,"[0.7372058033943176,0.029002824798226357,0.0007523441454395652,0.23303905129432678]",output_pca_r4,0.81013686,2.006140476,0.173243053,338975,0.000184719,15060,158976,173618
71502,10,"[0.013195459730923176,0.022912368178367615,0.6557765603065491,0.3081156313419342]",full_regmean,0.81122393,2.015861198,0,336375,0.000150967,42972,158976,201592
71502,10,"[0.013195459730923176,0.022912368178367615,0.6557765603065491,0.3081156313419342]",task_arithmetic,0.59490131,2.101389647,0.5974172108,2600,0,12312,0,12120
71502,10,"[0.013195459730923176,0.022912368178367615,0.6557765603065491,0.3081156313419342]",mirror_stats_r1,0.23675971,2.180966945,0.7781089992,61816,0.000137647003,7060,158976,165618
71502,10,"[0.013195459730923176,0.022912368178367615,0.6557765603065491,0.3081156313419342]",source_projection_r1,0.29862481,2.162621475,0.825380156,337025,0.000181301999,7060,158976,165618
71502,10,"[0.013195459730923176,0.022912368178367615,0.6557765603065491,0.3081156313419342]",output_pca_r1,0.66279872,2.103552605,0.4460339709,337025,0.000174933,7060,158976,165618
71502,10,"[0.013195459730923176,0.022912368178367615,0.6557765603065491,0.3081156313419342]",mirror_stats_r2,0.60126081,2.099486553,0.6135014388,104268,0.000180381001,9748,158976,168306
71502,10,"[0.013195459730923176,0.022912368178367615,0.6557765603065491,0.3081156313419342]",source_projection_r2,0.51248041,2.105870692,0.6239134414,337675,0.000193811004,9748,158976,168306
71502,10,"[0.013195459730923176,0.022912368178367615,0.6557765603065491,0.3081156313419342]",output_pca_r2,0.69130047,2.09860944,0.4088562145,337675,0.000183847002,9748,158976,168306
71502,10,"[0.013195459730923176,0.022912368178367615,0.6557765603065491,0.3081156313419342]",mirror_stats_r3,0.62208104,2.087139099,0.5924382167,146862,0.000319461,12372,158976,170930
71502,10,"[0.013195459730923176,0.022912368178367615,0.6557765603065491,0.3081156313419342]",source_projection_r3,0.5395155,2.089977408,0.6097842611,338325,0.000189825001,12372,158976,170930
71502,10,"[0.013195459730923176,0.022912368178367615,0.6557765603065491,0.3081156313419342]",output_pca_r3,0.69426181,2.095810218,0.4008611409,338325,0.000183496002,12372,158976,170930
71502,10,"[0.013195459730923176,0.022912368178367615,0.6557765603065491,0.3081156313419342]",mirror_stats_r4,0.62208104,2.087067661,0.5923518317,189604,0.000337187001,15060,158976,173618
71502,10,"[0.013195459730923176,0.022912368178367615,0.6557765603065491,0.3081156313419342]",source_projection_r4,0.5395155,2.089972562,0.6097764858,338975,0.000189104001,15060,158976,173618
71502,10,"[0.013195459730923176,0.022912368178367615,0.6557765603065491,0.3081156313419342]",output_pca_r4,0.79281528,2.038627109,0.2372792365,338975,0.000184837998,15060,158976,173618
71502,11,"[0.08202176541090012,0.1865900754928589,0.6983516216278076,0.03303651511669159]",full_regmean,0.79562035,2.02992855,0,336375,0.000149304,42972,158976,201592
71502,11,"[0.08202176541090012,0.1865900754928589,0.6983516216278076,0.03303651511669159]",task_arithmetic,0.68268738,2.094719416,0.544028936,2600,0,12312,0,12120
71502,11,"[0.08202176541090012,0.1865900754928589,0.6983516216278076,0.03303651511669159]",mirror_stats_r1,0.23641802,2.189991832,0.7734205851,61816,0.000140321001,7060,158976,165618
71502,11,"[0.08202176541090012,0.1865900754928589,0.6983516216278076,0.03303651511669159]",source_projection_r1,0.24453145,2.182064299,0.8125378502,337025,0.000179359002,7060,158976,165618
71502,11,"[0.08202176541090012,0.1865900754928589,0.6983516216278076,0.03303651511669159]",output_pca_r1,0.65200951,2.108172815,0.4310830543,337025,0.000173209999,7060,158976,165618
71502,11,"[0.08202176541090012,0.1865900754928589,0.6983516216278076,0.03303651511669159]",mirror_stats_r2,0.6862785,2.096550719,0.5569094168,104268,0.000222514998,9748,158976,168306
71502,11,"[0.08202176541090012,0.1865900754928589,0.6983516216278076,0.03303651511669159]",source_projection_r2,0.59000624,2.118406382,0.5800024475,337675,0.000193311,9748,158976,168306
71502,11,"[0.08202176541090012,0.1865900754928589,0.6983516216278076,0.03303651511669159]",output_pca_r2,0.77616096,2.05639341,0.1904519068,337675,0.000182432999,9748,158976,168306
71502,11,"[0.08202176541090012,0.1865900754928589,0.6983516216278076,0.03303651511669159]",mirror_stats_r3,0.68325156,2.090671078,0.5415479105,146862,0.000243947001,12372,158976,170930
71502,11,"[0.08202176541090012,0.1865900754928589,0.6983516216278076,0.03303651511669159]",source_projection_r3,0.56533716,2.108359036,0.5661925398,338325,0.000186730998,12372,158976,170930
71502,11,"[0.08202176541090012,0.1865900754928589,0.6983516216278076,0.03303651511669159]",output_pca_r3,0.79702054,2.033468955,0.09171244963,338325,0.000182973999,12372,158976,170930
71502,11,"[0.08202176541090012,0.1865900754928589,0.6983516216278076,0.03303651511669159]",mirror_stats_r4,0.68519682,2.09060125,0.5414681055,189604,0.000321705,15060,158976,173618
71502,11,"[0.08202176541090012,0.1865900754928589,0.6983516216278076,0.03303651511669159]",source_projection_r4,0.56533716,2.108356164,0.5661873286,338975,0.000190175997,15060,158976,173618
71502,11,"[0.08202176541090012,0.1865900754928589,0.6983516216278076,0.03303651511669159]",output_pca_r4,0.7952875,2.030233475,0.08403403461,338975,0.000183255001,15060,158976,173618
71502,12,"[0.22422954440116882,0.23798298835754395,0.5226758122444153,0.015111645683646202]",full_regmean,0.74520981,2.055080453,0,336375,0.000151218002,42972,158976,201592
71502,12,"[0.22422954440116882,0.23798298835754395,0.5226758122444153,0.015111645683646202]",task_arithmetic,0.52583167,2.140638336,0.6194195306,2600,0,12312,0,12120
71502,12,"[0.22422954440116882,0.23798298835754395,0.5226758122444153,0.015111645683646202]",mirror_stats_r1,0.27871876,2.185270618,0.7384552868,61816,0.000131667999,7060,158976,165618
71502,12,"[0.22422954440116882,0.23798298835754395,0.5226758122444153,0.015111645683646202]",source_projection_r1,0.23173435,2.187092604,0.755691739,337025,0.000188254002,7060,158976,165618
71502,12,"[0.22422954440116882,0.23798298835754395,0.5226758122444153,0.015111645683646202]",output_pca_r1,0.65271659,2.109199528,0.3526494388,337025,0.000175925001,7060,158976,165618
71502,12,"[0.22422954440116882,0.23798298835754395,0.5226758122444153,0.015111645683646202]",mirror_stats_r2,0.53116465,2.148030628,0.6407910079,104268,0.000185680001,9748,158976,168306
71502,12,"[0.22422954440116882,0.23798298835754395,0.5226758122444153,0.015111645683646202]",source_projection_r2,0.48093492,2.155664324,0.6458473394,337675,0.000187883001,9748,158976,168306
71502,12,"[0.22422954440116882,0.23798298835754395,0.5226758122444153,0.015111645683646202]",output_pca_r2,0.72309196,2.078844605,0.1958298746,337675,0.000193041004,9748,158976,168306
71502,12,"[0.22422954440116882,0.23798298835754395,0.5226758122444153,0.015111645683646202]",mirror_stats_r3,0.52779031,2.137024004,0.6167845326,146862,0.000311309002,12372,158976,170930
71502,12,"[0.22422954440116882,0.23798298835754395,0.5226758122444153,0.015111645683646202]",source_projection_r3,0.44282236,2.138883642,0.6268357269,338325,0.000190246003,12372,158976,170930
71502,12,"[0.22422954440116882,0.23798298835754395,0.5226758122444153,0.015111645683646202]",output_pca_r3,0.73994677,2.054337254,0.1234206632,338325,0.000183917004,12372,158976,170930
71502,12,"[0.22422954440116882,0.23798298835754395,0.5226758122444153,0.015111645683646202]",mirror_stats_r4,0.52779031,2.136946689,0.6166883176,189604,0.000306040998,15060,158976,173618
71502,12,"[0.22422954440116882,0.23798298835754395,0.5226758122444153,0.015111645683646202]",source_projection_r4,0.44282236,2.138882068,0.6268324514,338975,0.000231058002,15060,158976,173618
71502,12,"[0.22422954440116882,0.23798298835754395,0.5226758122444153,0.015111645683646202]",output_pca_r4,0.74417047,2.054281893,0.1034273958,338975,0.000187532005,15060,158976,173618
71502,13,"[0.24181976914405823,0.20006544888019562,0.12605510652065277,0.4320596754550934]",full_regmean,0.70557771,2.076700887,0,336375,0.000151357999,42972,158976,201592
71502,13,"[0.24181976914405823,0.20006544888019562,0.12605510652065277,0.4320596754550934]",task_arithmetic,0.34845775,2.168823356,0.6849821314,2600,0,12312,0,12120
71502,13,"[0.24181976914405823,0.20006544888019562,0.12605510652065277,0.4320596754550934]",mirror_stats_r1,0.25991641,2.183695125,0.7218633784,61816,0.000134522001,7060,158976,165618
71502,13,"[0.24181976914405823,0.20006544888019562,0.12605510652065277,0.4320596754550934]",source_projection_r1,0.23178151,2.185606242,0.7339760609,337025,0.000182685999,7060,158976,165618
71502,13,"[0.24181976914405823,0.20006544888019562,0.12605510652065277,0.4320596754550934]",output_pca_r1,0.69018554,2.085948848,0.2181576212,337025,0.000175754998,7060,158976,165618
71502,13,"[0.24181976914405823,0.20006544888019562,0.12605510652065277,0.4320596754550934]",mirror_stats_r2,0.31140374,2.176679752,0.704365884,104268,0.000182745003,9748,158976,168306
71502,13,"[0.24181976914405823,0.20006544888019562,0.12605510652065277,0.4320596754550934]",source_projection_r2,0.27506463,2.178867372,0.7080780109,337675,0.000233631999,9748,158976,168306
71502,13,"[0.24181976914405823,0.20006544888019562,0.12605510652065277,0.4320596754550934]",output_pca_r2,0.68787873,2.077990028,0.206863436,337675,0.000191599,9748,158976,168306
71502,13,"[0.24181976914405823,0.20006544888019562,0.12605510652065277,0.4320596754550934]",mirror_stats_r3,0.36791914,2.166494255,0.6841305051,146862,0.000237527998,12372,158976,170930
71502,13,"[0.24181976914405823,0.20006544888019562,0.12605510652065277,0.4320596754550934]",source_projection_r3,0.31463734,2.170989438,0.6888037203,338325,0.000188844999,12372,158976,170930
71502,13,"[0.24181976914405823,0.20006544888019562,0.12605510652065277,0.4320596754550934]",output_pca_r3,0.6869619,2.077141473,0.1884766778,338325,0.000186670997,12372,158976,170930
71502,13,"[0.24181976914405823,0.20006544888019562,0.12605510652065277,0.4320596754550934]",mirror_stats_r4,0.36791914,2.166437142,0.6840274438,189604,0.000300391999,15060,158976,173618
71502,13,"[0.24181976914405823,0.20006544888019562,0.12605510652065277,0.4320596754550934]",source_projection_r4,0.31463734,2.17098415,0.6887855072,338975,0.000216125001,15060,158976,173618
71502,13,"[0.24181976914405823,0.20006544888019562,0.12605510652065277,0.4320596754550934]",output_pca_r4,0.68901866,2.076626192,0.1863023811,338975,0.000193481999,15060,158976,173618
71502,14,"[0.2169661521911621,0.42815136909484863,0.07996048033237457,0.2749219834804535]",full_regmean,0.71104488,2.073921317,0,336375,0.000148142997,42972,158976,201592
71502,14,"[0.2169661521911621,0.42815136909484863,0.07996048033237457,0.2749219834804535]",task_arithmetic,0.41484379,2.162842393,0.6592667356,2600,0,12312,0,12120
71502,14,"[0.2169661521911621,0.42815136909484863,0.07996048033237457,0.2749219834804535]",mirror_stats_r1,0.28932586,2.181212025,0.712131866,61816,0.000132789999,7060,158976,165618
71502,14,"[0.2169661521911621,0.42815136909484863,0.07996048033237457,0.2749219834804535]",source_projection_r1,0.23129127,2.185818883,0.738805255,337025,0.000179419996,7060,158976,165618
71502,14,"[0.2169661521911621,0.42815136909484863,0.07996048033237457,0.2749219834804535]",output_pca_r1,0.68241766,2.091148303,0.2546159138,337025,0.000172999997,7060,158976,165618
71502,14,"[0.2169661521911621,0.42815136909484863,0.07996048033237457,0.2749219834804535]",mirror_stats_r2,0.40747145,2.163840007,0.6634484443,104268,0.000221353002,9748,158976,168306
71502,14,"[0.2169661521911621,0.42815136909484863,0.07996048033237457,0.2749219834804535]",source_projection_r2,0.33347795,2.16838227,0.6697952667,337675,0.000254232997,9748,158976,168306
71502,14,"[0.2169661521911621,0.42815136909484863,0.07996048033237457,0.2749219834804535]",output_pca_r2,0.67958694,2.091025267,0.2555168659,337675,0.000198107999,9748,158976,168306
71502,14,"[0.2169661521911621,0.42815136909484863,0.07996048033237457,0.2749219834804535]",mirror_stats_r3,0.42457645,2.161080885,0.6582973526,146862,0.000263706999,12372,158976,170930
71502,14,"[0.2169661521911621,0.42815136909484863,0.07996048033237457,0.2749219834804535]",source_projection_r3,0.34702968,2.165975148,0.6648367386,338325,0.000186600999,12372,158976,170930
71502,14,"[0.2169661521911621,0.42815136909484863,0.07996048033237457,0.2749219834804535]",output_pca_r3,0.68537657,2.087057497,0.2079939358,338325,0.000215273998,12372,158976,170930
71502,14,"[0.2169661521911621,0.42815136909484863,0.07996048033237457,0.2749219834804535]",mirror_stats_r4,0.42457645,2.161032373,0.6582177856,189604,0.000310087002,15060,158976,173618
71502,14,"[0.2169661521911621,0.42815136909484863,0.07996048033237457,0.2749219834804535]",source_projection_r4,0.34702968,2.165973856,0.6648270606,338975,0.000186720998,15060,158976,173618
71502,14,"[0.2169661521911621,0.42815136909484863,0.07996048033237457,0.2749219834804535]",output_pca_r4,0.70014915,2.069960081,0.1125788286,338975,0.000181432999,15060,158976,173618
71502,15,"[0.686119556427002,0.08171720802783966,0.14416463673114777,0.08799859881401062]",full_regmean,0.77157474,2.040266058,0,336375,0.000151308002,42972,158976,201592
71502,15,"[0.686119556427002,0.08171720802783966,0.14416463673114777,0.08799859881401062]",task_arithmetic,0.70337219,2.098423628,0.5080076488,2600,0,12312,0,12120
71502,15,"[0.686119556427002,0.08171720802783966,0.14416463673114777,0.08799859881401062]",mirror_stats_r1,0.70222992,2.092869836,0.5098903031,61816,0.000131969002,7060,158976,165618
71502,15,"[0.686119556427002,0.08171720802783966,0.14416463673114777,0.08799859881401062]",source_projection_r1,0.61136678,2.121257603,0.5409715276,337025,0.000181603002,7060,158976,165618
71502,15,"[0.686119556427002,0.08171720802783966,0.14416463673114777,0.08799859881401062]",output_pca_r1,0.73139877,2.086465068,0.2444375465,337025,0.000176286005,7060,158976,165618
71502,15,"[0.686119556427002,0.08171720802783966,0.14416463673114777,0.08799859881401062]",mirror_stats_r2,0.70460779,2.094892755,0.5076215251,104268,0.000233481001,9748,158976,168306
71502,15,"[0.686119556427002,0.08171720802783966,0.14416463673114777,0.08799859881401062]",source_projection_r2,0.61121833,2.120899529,0.538492508,337675,0.000190457002,9748,158976,168306
71502,15,"[0.686119556427002,0.08171720802783966,0.14416463673114777,0.08799859881401062]",output_pca_r2,0.74068206,2.079890749,0.22020414,337675,0.000184468001,9748,158976,168306
71502,15,"[0.686119556427002,0.08171720802783966,0.14416463673114777,0.08799859881401062]",mirror_stats_r3,0.71012517,2.09488257,0.5072744247,146862,0.000240541998,12372,158976,170930
71502,15,"[0.686119556427002,0.08171720802783966,0.14416463673114777,0.08799859881401062]",source_projection_r3,0.61632275,2.120673753,0.5378612917,338325,0.000188124002,12372,158976,170930
71502,15,"[0.686119556427002,0.08171720802783966,0.14416463673114777,0.08799859881401062]",output_pca_r3,0.74488534,2.061358143,0.1602411123,338325,0.000184417004,12372,158976,170930
71502,15,"[0.686119556427002,0.08171720802783966,0.14416463673114777,0.08799859881401062]",mirror_stats_r4,0.71012517,2.094857101,0.507230708,189604,0.000330316998,15060,158976,173618
71502,15,"[0.686119556427002,0.08171720802783966,0.14416463673114777,0.08799859881401062]",source_projection_r4,0.61632275,2.120670609,0.5378472038,338975,0.000191919,15060,158976,173618
71502,15,"[0.686119556427002,0.08171720802783966,0.14416463673114777,0.08799859881401062]",output_pca_r4,0.74663834,2.056275047,0.1436886975,338975,0.000184708002,15060,158976,173618
