condition,world_or_seed,method,serialized_bytes,train_tokens_or_examples,optimizer_updates,active_compute_proxy,wall_time_s,primary_metric,primary_value,secondary_metric,secondary_value,status_note
development,37401,untied,40821,576000,1200,3552|7104|10656|14208,9.237,final_test_next_token_nll,0.147557,final_test_accuracy,0.940902,val_nll=0.146804; depth_test_nll=7.967406|4.186912|1.526706|0.147557; serialized replay exact
development,37401,albert_tied,11889,576000,1200,3552|7104|10656|14208,9.091,final_test_next_token_nll,0.310737,final_test_accuracy,0.895801,val_nll=0.316343; depth_test_nll=8.584906|4.039027|1.425004|0.310737; serialized replay exact
development,37401,attention_shared,31209,576000,1200,3552|7104|10656|14208,8.438,final_test_next_token_nll,0.145306,final_test_accuracy,0.941764,val_nll=0.144948; depth_test_nll=5.039504|3.690853|1.441027|0.145306; serialized replay exact
development,37401,ffn_shared,25077,576000,1200,3552|7104|10656|14208,8.271,final_test_next_token_nll,0.179028,final_test_accuracy,0.933382,val_nll=0.178127; depth_test_nll=10.617886|5.631637|1.687410|0.179028; serialized replay exact
development,37401,tied_scalar,12131,576000,1200,3552|7104|10656|14208,8.591,final_test_next_token_nll,0.235173,final_test_accuracy,0.919759,val_nll=0.240262; depth_test_nll=9.138910|5.141558|1.997338|0.235173; serialized replay exact
development,37401,tied_mirror,12131,576000,1200,3568|7136|10704|14272,9.612,final_test_next_token_nll,0.189283,final_test_accuracy,0.938558,val_nll=0.190568; depth_test_nll=12.757746|6.652113|1.663041|0.189283; serialized replay exact
development,37402,untied,40821,576000,1200,3552|7104|10656|14208,9.743,final_test_next_token_nll,0.147039,final_test_accuracy,0.941829,val_nll=0.147938; depth_test_nll=8.052692|2.515778|1.292924|0.147039; serialized replay exact
development,37402,albert_tied,11889,576000,1200,3552|7104|10656|14208,9.034,final_test_next_token_nll,0.239442,final_test_accuracy,0.913525,val_nll=0.238874; depth_test_nll=10.240826|4.803916|1.334818|0.239442; serialized replay exact
development,37402,attention_shared,31209,576000,1200,3552|7104|10656|14208,9.234,final_test_next_token_nll,0.177087,final_test_accuracy,0.925895,val_nll=0.174461; depth_test_nll=5.429087|3.493114|1.868465|0.177087; serialized replay exact
development,37402,ffn_shared,25077,576000,1200,3552|7104|10656|14208,8.634,final_test_next_token_nll,0.161009,final_test_accuracy,0.941911,val_nll=0.160489; depth_test_nll=10.524033|4.095531|0.963002|0.161009; serialized replay exact
development,37402,tied_scalar,12131,576000,1200,3552|7104|10656|14208,8.962,final_test_next_token_nll,0.207591,final_test_accuracy,0.933561,val_nll=0.205229; depth_test_nll=10.176421|4.252303|1.030998|0.207591; serialized replay exact
development,37402,tied_mirror,12131,576000,1200,3568|7136|10704|14272,8.953,final_test_next_token_nll,0.174226,final_test_accuracy,0.936068,val_nll=0.172974; depth_test_nll=11.002875|4.510531|1.661839|0.174226; serialized replay exact
