split,seed,condition,method,rank,contexts,writes,optimizer_updates,task_output_mse,max_context_mse,serialized_bytes,context_state_bytes,active_compute_proxy,wall_time_s,inference_examples_per_s,payload_sha256,reconstruction_max_abs_diff,runtime_path_max_abs_diff
fresh,28811,aligned,shared_fwp,4,4,32,0,0.022371439684622907,0.06443154031429774,317,0,4096,0.00013963099991087802,142867407.4551039,7f13da9cf25d70b4e940b7895c71b8b0430fdcc957b2c07e3c35a2c4dc37c7d8,0.28314474043436844,0.0
fresh,28811,aligned,hard_tie,4,4,8,0,0.029302151886764084,0.06424175505228538,313,0,1024,2.5297999854956288e-05,138877681.23984948,b2074c113bc714a749acd5232972100a0f4ee7049eb3e3c2719c7b2da9e379e7,0.2831447433615421,0.0
fresh,28811,aligned,mirror,4,4,8,0,1.602075978300859e-16,2.317193143665993e-16,378,67,1280,0.00011273000018263701,21042244.568019018,d55e6f1fb7c50b24a2c9fa7374afa8d20416c2046ce1822ef66e6effed4d5326,1.624352807816365e-08,4.440892098500626e-16
fresh,28811,aligned,film_scalar,4,4,32,0,0.02777151261741565,0.05991510944100174,383,67,1280,9.012500049720984e-05,116242044.59073426,91d1b3ab25d7f90f6240cdb649863f608f045ef452e233c3b846c3f56c705d66,0.24582333398945183,5.3486911122391234e-08
fresh,28811,aligned,lowrank_residual,4,4,32,0,2.802208357618323e-16,5.096539447218674e-16,1551,1230,3072,0.0003290050008217804,53424196.20730805,b288ce22dc862fd126bad56b3684e9ba530478cc36719e839a2471e47b30184f,3.091342198890956e-08,1.2004737459658799e-07
fresh,28811,aligned,fwp_independent,4,4,32,0,1.2860788098677866e-16,1.4439315947448644e-16,1203,1162,4096,0.0001980480001293472,171068392.21787864,70d46cc75d90ffafad444e2ebada36dcf5ee653498360487061f1816fd5a0db0,1.4375383550202514e-08,0.0
fresh,28811,independent,shared_fwp,4,4,32,0,0.25608451092387163,0.36095740012890204,317,0,4096,7.838800047466066e-05,179806216.671438,99ee4297f862e0d5ebe20e81ba1f8a537295d8a6530838102c59f0c06d307a48,0.6414907656482246,0.0
fresh,28811,independent,hard_tie,4,4,8,0,0.24856236058630707,0.33784605782589383,313,0,1024,1.769699974829564e-05,180601876.88075876,4e190014842984b8d6479d184076c9f2f9a4a00c3e57d59d81cdea95c8e323c9,0.6414907667737305,0.0
fresh,28811,independent,mirror,4,4,8,0,0.2522842067555808,0.3404883088093834,378,67,1280,8.071200045378646e-05,23447184.98705689,deae656f6b24d3fb94973ff6781ac056c9c0625cabf898e92e094b946ea5be58,0.5189433127196972,4.440892098500626e-16
fresh,28811,independent,film_scalar,4,4,32,0,0.13191640394966958,0.19817876713003546,383,67,1280,5.615499958366854e-05,112948360.30109824,6c721c1078a672b315441b166e49f8a452270f1ba271ffadc61a327084f27618,0.4739013038837866,3.0065063633122335e-09
fresh,28811,independent,lowrank_residual,4,4,32,0,0.018593016671394094,0.0333775860102975,1551,1230,3072,0.00030210500062821666,53398106.34243405,6c86443a806818d5384d67c68add05d3e1a54cb7c464d70d718e621d18457b86,0.23890408067963825,1.5530132746466307e-07
fresh,28811,independent,fwp_independent,4,4,32,0,1.1108159278019736e-16,1.288028325738832e-16,1203,1162,4096,0.00019271000019216444,171490248.5620329,ba459361a98f044684e5703a3267ca7b27dc695e2e253a1afeba282681a9b361,1.4382337432117254e-08,0.0
fresh,28812,aligned,shared_fwp,4,4,32,0,0.021533632230287727,0.06958205992266096,317,0,4096,5.544400028156815e-05,179700353.08275315,18d8a4d98f6a97f35f0b74ab6d204ea428a4cda136f5ccc4408c7b912b58e047,0.31379819194228575,0.0
fresh,28812,aligned,hard_tie,4,4,8,0,0.02300539589841267,0.08176540593717993,313,0,1024,1.668499953666469e-05,180747082.14865327,8655bf6a568afff12e22f9f9651b7713ef856e0d2c42229cc8f00ebc681ed57a,0.34690062234551833,0.0
fresh,28812,aligned,mirror,4,4,8,0,1.4917618468424939e-16,3.0380888671174613e-16,378,67,1280,6.988499990256969e-05,23391182.347205617,7896223113b864126d80e887b546c3b1cd7ab7d2266e1a101b7b5992065912d0,1.7531357143774073e-08,5.551115123125783e-16
fresh,28812,aligned,film_scalar,4,4,32,0,0.020217556421672906,0.07076233828638469,383,67,1280,5.333099943527486e-05,118572109.28275698,e643e9d3faabcf977585c94f31c2afd4b9d258f26734c3e3dd9b1c6cc5f667ed,0.3171957088485472,6.442280842122727e-08
fresh,28812,aligned,lowrank_residual,4,4,32,0,1.7703376734630022e-16,3.222644922228651e-16,1551,1230,3072,0.00020559899985528318,53757612.48691456,9feb99099695decce378c45078ca959b0693f7148d41630a30f8ea0a14da6918,2.8263637222303295e-08,7.623304476567228e-08
fresh,28812,aligned,fwp_independent,4,4,32,0,1.0825458550923357e-16,1.240800565728621e-16,1203,1162,4096,0.00019079699995927513,173409866.2559044,4ce1d4262808b2e676abc7f61c86cdadb80c13a03b92556f5c551ebdac9b6160,1.283771100535347e-08,0.0
fresh,28812,independent,shared_fwp,4,4,32,0,0.2589596418231725,0.4101954781426547,317,0,4096,7.904900030553108e-05,175051562.47165808,32c80d1d2b3a38c8a60bc31898cecc4bf22aee7dd2fce97b9cb56d81ea05a68c,0.6057160943262129,0.0
fresh,28812,independent,hard_tie,4,4,8,0,0.24542461347298442,0.4086194805185249,313,0,1024,1.7796999600250274e-05,177953568.71147296,e220a6247297baab65e9fba15e82916ecc135054cc6df152ec3068d4215bc446,0.6051366432916578,0.0
fresh,28812,independent,mirror,4,4,8,0,0.23844272042845227,0.4071954803516112,378,67,1280,7.253900002979208e-05,23328474.374577947,5b3ca41588f2b169085b15f1fa78f1fcb59c13fd6381e2de34f776cf94791392,0.6029750160411061,4.440892098500626e-16
fresh,28812,independent,film_scalar,4,4,32,0,0.1287471043607151,0.214207540052823,383,67,1280,5.37409996468341e-05,117259874.87510306,f7e1d76352a1d98c6dee58e3c1266323d128460565940180a67a501bdbd806f5,0.5387231028274346,8.742905260872291e-09
fresh,28812,independent,lowrank_residual,4,4,32,0,0.022596820693255984,0.04038317105044309,1551,1230,3072,0.00018827300027624005,53593625.28696402,00418e2818c85fb234b0bad4e4e10e9874769a6340c0e41a9e362478f07338d6,0.19854876175249514,2.4277745880318946e-07
fresh,28812,independent,fwp_independent,4,4,32,0,9.295504225147954e-17,1.148742568930219e-16,1203,1162,4096,0.00018985600036103278,171797091.59685782,3605ebc112d466b4072ab7782dc0b5933cd01c383a8beee630f99157631acd48,1.309520492043248e-08,0.0
fresh,28813,aligned,shared_fwp,4,4,32,0,0.026492506298862798,0.09547001939675254,317,0,4096,5.5121999139373656e-05,177330142.17632735,0de3516b077e16092e63b6b1f85197bb9b51b5b7b28dbdc1f8c0cd282d11515b,0.39361723229224943,0.0
fresh,28813,aligned,hard_tie,4,4,8,0,0.01934730328336953,0.051972268564270396,313,0,1024,1.6846000107761938e-05,178139623.88724554,3329f73480e15a4ec20d411ce98e5fdd0306f8da913d6fb071906cf28180aeb1,0.2972551481419351,0.0
fresh,28813,aligned,mirror,4,4,8,0,9.815735574450619e-17,1.1123275198997912e-16,378,67,1280,7.33599999875878e-05,23417567.58945348,1c16fa6a17a88a4fa567ead65cc5425e5ae56a337a9f23e9bf4a0a20be032810,1.0703492675512294e-08,5.551115123125783e-16
fresh,28813,aligned,film_scalar,4,4,32,0,0.01820133904196543,0.047901438295269716,383,67,1280,5.576399962592404e-05,107918635.26803578,3c9426d06f6cf22f6ca4eed8eabed997b7176bbe2be9542df0469af3ee8c9ecb,0.2693538860970285,4.582333201774702e-08
fresh,28813,aligned,lowrank_residual,4,4,32,0,2.526890501410522e-16,4.939541216898455e-16,1551,1230,3072,0.0002981490006277454,52412162.288309515,61ac8788d9b618e5474314c78fdfc00e42a325c22a087b23908181a331e8c96e,3.35065264700507e-08,9.687484969767013e-08
fresh,28813,aligned,fwp_independent,4,4,32,0,9.295250670359427e-17,1.0934963870576838e-16,1203,1162,4096,0.00019683600021380698,127915336.05551983,13d26e676a421fb1d7ac265fabf22a5d4007db2d2e100fa72fb673ddcf26c819,1.332403520848402e-08,0.0
fresh,28813,independent,shared_fwp,4,4,32,0,0.27395088069015733,0.43885292946877136,317,0,4096,5.846699968969915e-05,157315920.01691103,e4ed299965158b427fc256db45e56d916900375e8eff0085d17316fd738d8b33,0.4838088952150156,0.0
fresh,28813,independent,hard_tie,4,4,8,0,0.2828692266236772,0.4665238162818272,313,0,1024,2.5588000426068902e-05,177732418.92955393,18f89f0bfcbe3a6b182b503b42eb5084cfa02bb828ae4e4426e8fc12fa590f40,0.549243790105833,0.0
fresh,28813,independent,mirror,4,4,8,0,0.2794398085874802,0.4675266567116798,378,67,1280,8.269500085589243e-05,23475391.930781014,c4e868eff03fd5139545b1e9d71ecca5b576783c963d5cb9625a22d84a82886d,0.5911436126340894,4.440892098500626e-16
fresh,28813,independent,film_scalar,4,4,32,0,0.1346252574945731,0.1934679622081841,383,67,1280,5.9078999584016856e-05,119857131.22909111,3b9a0d9d7e8774848599d87637734f99d270f44661a4261ef54b24ceea23a5cd,0.42093713592707377,1.2393871186289207e-08
fresh,28813,independent,lowrank_residual,4,4,32,0,0.029994638515317217,0.047054190971511436,1551,1230,3072,0.0002212529998359969,53131185.76920914,a2dc2d33cd84b9ffc31bf8a66b17c70935cf32d527dc25d3cb0356c36b23e434,0.20090509518783933,2.58066208846941e-07
fresh,28813,independent,fwp_independent,4,4,32,0,1.1194737207055806e-16,1.6327074431365455e-16,1203,1162,4096,0.0001926300001287018,171270538.12130132,1d15f8d8017a1c7adf0ebd70b8d223c0bf657c6f6a3267c6d40614196bfd974b,1.4713018192669125e-08,0.0
