world_seed,evaluation_split,method,accuracy,loss,spikes_per_example,payload_bytes,payload_sha256,train_examples,updates,train_wall_seconds,inference_examples_per_second,active_macs_per_example,training_forward_backward_macs_proxy,best_step
96201,development,shared_no_task_gain,0.9158935546875,0.2894604374305345,411.06982421875,414162,79a6b693d33f7286b4c41e89fd36c4716d1b0fd0a4789990325ea2b113a72859,25600,800,8.676210767000157,13779.836712783615,813056,62442700800,800
96201,development,native_task_time_tebn,0.915771484375,0.2918256672564894,404.8099365234375,426532,51c3f5f85a0bee8057588062c009ad2fe05cf921fb6abb5ab3bbb6b692a5dbf1,25600,800,8.60464551900077,13779.397573971464,813056,62442700800,800
96201,development,mirror_cyclic_phase,0.9163818359375,0.2887708612252027,413.4920654296875,414436,c11628689f1e4ccb0dbfb1ef9f4506f50bf2a481428453259998a701c403124a,25600,800,8.902993552997941,13303.371213879285,813056,62442700800,800
96201,development,rank1_task_scalar_gate_on_shared_tebn_profile,0.9193115234375,0.2801104298850987,441.93603515625,414888,89ef1998b436b22e60bdc29dc22a5af989b3bab893017e16b2426fd6e818cbb9,25600,800,8.700807143999555,13736.920318420945,813056,62442700800,800
96201,development,independent_snn_per_task,0.9190673828125,0.29311864080955274,406.0699462890625,1652450,3276cdba5db46dd3b6462afd17cad684a2252d8639a16951c29ee55459976ed4,102400,3200,20.436278187000426,13650.591452792341,813056,249770803200,700
96202,development,shared_no_task_gain,0.911865234375,0.2991503905504942,385.1051025390625,414162,ee35e9f51dcc9d47b94ca6f8c6fa53c63e143bd723091a705706ced92568e173,25600,800,8.759785377998924,13384.085069351975,813056,62442700800,800
96202,development,native_task_time_tebn,0.9107666015625,0.3145163974550087,379.7926025390625,426532,116768d41fe29e399f5df94782c1c46651f64b2d2ee58f52fbf8f94793537ba5,25600,800,8.767403616999218,13117.621120947735,813056,62442700800,600
96202,development,mirror_cyclic_phase,0.9114990234375,0.31143148662522435,386.959716796875,414436,ec8ed43e9f71de9ad5dfb2d6b6d5cd55750f3a4c0396ad39a36e5f6ddbb1c84b,25600,800,9.180681945003016,12981.379012066092,813056,62442700800,600
96202,development,rank1_task_scalar_gate_on_shared_tebn_profile,0.91357421875,0.29158872811240144,414.073486328125,414888,f165ff34056fe865873ddbc4ae80e3cc7b61264561b1a8a9e0318a6d95c69c0e,25600,800,8.71816091599976,13769.35992678218,813056,62442700800,800
96202,development,independent_snn_per_task,0.91455078125,0.29718320388928987,391.1396484375,1652450,2eec9ef65dd8b2403004dfdc3b1a2e7899fd749ab41fe21383ec70f2b792bcbb,102400,3200,20.320012509000662,13798.227020465016,813056,249770803200,700
