phase,world,method,split,serialized_bytes,examples,optimizer_updates,active_compute_proxy,wall_time_s,nll,brier,ece_10,accuracy,pairwise_disagreement,payload_sha256
fresh,35031,mirror_phase,iid,429,4096,0,2097152,0.008609055003034882,0.48197752237319946,0.15886643528938293,0.01407727094465372,0.76318359375,0.042918771505355835,aa2e563ce7c4f71fb713b42809b297c9c2a3977154922ffd81e4667c8b7194fc
fresh,35031,mirror_phase,ood,429,4096,0,2097152,0.008592219004640356,0.4844306409358978,0.1599656641483307,0.017723143526382046,0.762939453125,0.055916935205459595,aa2e563ce7c4f71fb713b42809b297c9c2a3977154922ffd81e4667c8b7194fc
fresh,35031,direct_coefficients,iid,564,4096,0,2097152,0.00845324200054165,0.48197752237319946,0.15886643528938293,0.01407727094465372,0.76318359375,0.042918771505355835,ba6e23c0eef734c842044dca0b2c61146af65846bddcf4a9c9740464b0f04033
fresh,35031,direct_coefficients,ood,564,4096,0,2097152,0.008688802001415752,0.4844306409358978,0.1599656641483307,0.017723143526382046,0.762939453125,0.055916935205459595,ba6e23c0eef734c842044dca0b2c61146af65846bddcf4a9c9740464b0f04033
fresh,35031,independent_vectors,iid,2357,4096,0,2097152,0.008740088000195101,0.48197752237319946,0.15886643528938293,0.01407727094465372,0.76318359375,0.042918771505355835,7c45bcc700ae06de6dbe9d4ab898d2fa0a2b902812d4a9904fe65bb8b7aa1001
fresh,35031,independent_vectors,ood,2357,4096,0,2097152,0.024124527000822127,0.4844306409358978,0.1599656641483307,0.017723143526382046,0.762939453125,0.055916935205459595,7c45bcc700ae06de6dbe9d4ab898d2fa0a2b902812d4a9904fe65bb8b7aa1001
fresh,35031,single_shared,iid,294,4096,0,65536,0.0004970070003764704,0.5106589794158936,0.1696138083934784,0.038307416027237196,0.743408203125,0.0,646647b3830b97929f6041db2dd3a82fb1187a4a85893547f2e75deca9b5d529
fresh,35031,single_shared,ood,294,4096,0,65536,0.0003492069954518229,0.5244196653366089,0.172916978597641,0.04548699422957725,0.74609375,0.0,646647b3830b97929f6041db2dd3a82fb1187a4a85893547f2e75deca9b5d529
fresh,35032,mirror_phase,iid,429,4096,0,2097152,0.009715053995023482,0.5008833408355713,0.16704151034355164,0.017902282013892545,0.74609375,0.08524550497531891,71df955cbafe5f088ffbc4de6c28d43af2c3505e09f0c01850c1656e1c115906
fresh,35032,mirror_phase,ood,429,4096,0,2097152,0.007731392004643567,0.5235973000526428,0.17647787928581238,0.010102672669745516,0.7255859375,0.10778453201055527,71df955cbafe5f088ffbc4de6c28d43af2c3505e09f0c01850c1656e1c115906
fresh,35032,direct_coefficients,iid,564,4096,0,2097152,0.008718286000657827,0.5008833408355713,0.16704151034355164,0.017902282013892545,0.74609375,0.08524550497531891,0310f4c4d76eae06b582c931c73e8c31c40640682124c0830a87ba09baa508ab
fresh,35032,direct_coefficients,ood,564,4096,0,2097152,0.00820717800525017,0.5235973000526428,0.17647787928581238,0.010102672669745516,0.7255859375,0.10778453201055527,0310f4c4d76eae06b582c931c73e8c31c40640682124c0830a87ba09baa508ab
fresh,35032,independent_vectors,iid,2357,4096,0,2097152,0.008439331999397837,0.5008833408355713,0.16704151034355164,0.017902282013892545,0.74609375,0.08524550497531891,9fc3fbd613690b24ef3271188b5c71b5fffd93c43c23f3826dfe850ccb1dac39
fresh,35032,independent_vectors,ood,2357,4096,0,2097152,0.007782418993883766,0.5235973000526428,0.17647787928581238,0.010102672669745516,0.7255859375,0.10778453201055527,9fc3fbd613690b24ef3271188b5c71b5fffd93c43c23f3826dfe850ccb1dac39
fresh,35032,single_shared,iid,294,4096,0,65536,0.00047269099741242826,0.6127715110778809,0.1980048418045044,0.09264847262602416,0.71484375,0.0,a193f128fdd9078dccb68fae8191055490234afeac7ae0ce25c57c38e5b5b194
fresh,35032,single_shared,ood,294,4096,0,65536,0.00044138499652035534,0.770738959312439,0.23412208259105682,0.14505443013422337,0.67724609375,0.0,a193f128fdd9078dccb68fae8191055490234afeac7ae0ce25c57c38e5b5b194
fresh,35033,mirror_phase,iid,429,4096,0,2097152,0.007949566002935171,0.45239678025245667,0.14852961897850037,0.015849577996050357,0.78369140625,0.04206693172454834,0e4059ed73696c9a9c4db57dadd65a452aced69eaa5d91c8fc31dfdda1e06415
fresh,35033,mirror_phase,ood,429,4096,0,2097152,0.008220167001127265,0.4723588824272156,0.1549583375453949,0.009587299992745102,0.7705078125,0.054316021502017975,0e4059ed73696c9a9c4db57dadd65a452aced69eaa5d91c8fc31dfdda1e06415
fresh,35033,direct_coefficients,iid,564,4096,0,2097152,0.007520739993196912,0.45239678025245667,0.14852961897850037,0.015849577996050357,0.78369140625,0.04206693172454834,c59c7cb1805527d64b8d54b2197658abfbda1bb7a1a8c80cf12da6bead9892ec
fresh,35033,direct_coefficients,ood,564,4096,0,2097152,0.013186861004214734,0.4723588824272156,0.1549583375453949,0.009587299992745102,0.7705078125,0.054316021502017975,c59c7cb1805527d64b8d54b2197658abfbda1bb7a1a8c80cf12da6bead9892ec
fresh,35033,independent_vectors,iid,2357,4096,0,2097152,0.008960834995377809,0.45239678025245667,0.14852961897850037,0.015849577996050357,0.78369140625,0.04206693172454834,29370f03e4b301fcc4a6cf7d3cd4c60cd2d8f5a4a2ebbc7411ae53548f9ff4fa
fresh,35033,independent_vectors,ood,2357,4096,0,2097152,0.009336561997770332,0.4723588824272156,0.1549583375453949,0.009587299992745102,0.7705078125,0.054316021502017975,29370f03e4b301fcc4a6cf7d3cd4c60cd2d8f5a4a2ebbc7411ae53548f9ff4fa
fresh,35033,single_shared,iid,294,4096,0,65536,0.0005914969951845706,0.47897204756736755,0.15732237696647644,0.026397802990686614,0.77294921875,0.0,ce88f5b7e7ff456a20d0f4e9a7141d899845c5a349a0aeb416f18b2a416b7a6e
fresh,35033,single_shared,ood,294,4096,0,65536,0.0004394120041979477,0.5081961154937744,0.16687636077404022,0.04914949189424078,0.754638671875,0.0,ce88f5b7e7ff456a20d0f4e9a7141d899845c5a349a0aeb416f18b2a416b7a6e
