dataset,seed,method,train_samples,val_samples,test_samples,dataset_sha256,selected_step,max_steps,validation_nll,test_ensemble_nll,test_auc,test_brier,test_ece,test_member_ce,test_member_logit_sd,serialized_npz_bytes,member_params,cpu_p50_ms,cpu_p95_ms,validation_history
breast_cancer,301,native_full_fast_weights,318,80,171,25e2eb7b7a8745b1bde5ba18bc4969983d2e2f403291ecd5bde4a29ef30c3859,50,200,0.07769690150557267,0.10211408743993299,0.9941588785046729,0.02765244695358361,0.04489073748237384,0.1021975502371788,0.13405296206474304,13954,768,0.136155,0.17297055,25:0.1392874;50:0.0776969;100:0.10356;150:0.1170175;200:0.1298797
breast_cancer,301,fixed_seed_linear_code4,318,80,171,25e2eb7b7a8745b1bde5ba18bc4969983d2e2f403291ecd5bde4a29ef30c3859,50,200,0.07701291607170901,0.10570240220854084,0.9932827102803738,0.02883316414124095,0.0420863266424303,0.10743122547864914,0.3394050896167755,11405,128,0.16258,0.30671499999999996,25:0.1349292;50:0.07701292;100:0.1031191;150:0.1173185;200:0.1299505
breast_cancer,301,learned_dictionary_linear_code4,318,80,171,25e2eb7b7a8745b1bde5ba18bc4969983d2e2f403291ecd5bde4a29ef30c3859,50,200,0.07370147236966318,0.10110387548596737,0.9938668224299065,0.027570236097018367,0.037786796520197265,0.10114676505327225,0.23539778590202332,13201,512,0.166611,0.5523268499999996,25:0.1340673;50:0.07370147;100:0.1142815;150:0.1360556;200:0.1742091
breast_cancer,301,structured_mirror_rotation4,318,80,171,25e2eb7b7a8745b1bde5ba18bc4969983d2e2f403291ecd5bde4a29ef30c3859,50,200,0.07558955659316098,0.1040280302971863,0.9938668224299065,0.028131998452799383,0.041196680796599536,0.10405495762825012,0.057627350091934204,11409,128,0.227138,1.041665199999999,25:0.1377574;50:0.07558956;100:0.1044353;150:0.118629;200:0.1315121
breast_cancer,301,no_member_shared,318,80,171,25e2eb7b7a8745b1bde5ba18bc4969983d2e2f403291ecd5bde4a29ef30c3859,50,200,0.08179264371044041,0.10700048913649587,0.9940128504672897,0.02854964695873264,0.04623672912409255,0.10700047016143799,0.0,10396,0,0.029740000000000003,0.054557449999999987,25:0.1506591;50:0.08179264;100:0.09745977;150:0.1068521;200:0.1124988
breast_cancer,302,native_full_fast_weights,318,80,171,25e2eb7b7a8745b1bde5ba18bc4969983d2e2f403291ecd5bde4a29ef30c3859,150,200,0.03963333078621645,0.0354207266494828,1.0,0.009308937557184368,0.02853210506775574,0.03548343479633331,0.17445217072963715,13954,768,0.138514,0.3608874999999999,25:0.1640248;50:0.08121986;100:0.05213936;150:0.03963333;200:0.04251133
breast_cancer,302,fixed_seed_linear_code4,318,80,171,25e2eb7b7a8745b1bde5ba18bc4969983d2e2f403291ecd5bde4a29ef30c3859,150,200,0.04197983734884474,0.035608925704339434,1.0,0.00935890705490275,0.02864931437475552,0.0359354093670845,0.37844380736351013,11405,128,0.1839125,0.3976273,25:0.172586;50:0.08510458;100:0.05555258;150:0.04197984;200:0.0447962
breast_cancer,302,learned_dictionary_linear_code4,318,80,171,25e2eb7b7a8745b1bde5ba18bc4969983d2e2f403291ecd5bde4a29ef30c3859,150,200,0.038719916142635216,0.03333736397628559,1.0,0.008836668314597658,0.02688247738651147,0.03334357962012291,0.503957986831665,13201,512,0.1799015,0.3687766,25:0.170698;50:0.08182987;100:0.05080823;150:0.03871992;200:0.04289281
breast_cancer,302,structured_mirror_rotation4,318,80,171,25e2eb7b7a8745b1bde5ba18bc4969983d2e2f403291ecd5bde4a29ef30c3859,150,200,0.04333207144317726,0.03549384838110418,1.0,0.009335234455682968,0.024992117783523088,0.0355059839785099,0.12431201338768005,11409,128,0.244709,0.5350034999999999,25:0.1721708;50:0.08561929;100:0.05526384;150:0.04333207;200:0.04648536
breast_cancer,302,no_member_shared,318,80,171,25e2eb7b7a8745b1bde5ba18bc4969983d2e2f403291ecd5bde4a29ef30c3859,150,200,0.044410266208367945,0.03765278046096201,1.0,0.009778634426486183,0.02642372675370752,0.03765271604061127,0.0,10396,0,0.0295495,0.04068134999999999,25:0.1725828;50:0.08972912;100:0.05783885;150:0.04441027;200:0.04558547
breast_cancer,303,native_full_fast_weights,318,80,171,25e2eb7b7a8745b1bde5ba18bc4969983d2e2f403291ecd5bde4a29ef30c3859,100,200,0.12400546118031883,0.037263635449555924,0.9994158878504673,0.00906121269457663,0.024468563905541307,0.037335626780986786,0.13829271495342255,13954,768,0.19584000000000001,0.41086174999999997,25:0.1960934;50:0.1403246;100:0.1240055;150:0.1317116;200:0.1382733
breast_cancer,303,fixed_seed_linear_code4,318,80,171,25e2eb7b7a8745b1bde5ba18bc4969983d2e2f403291ecd5bde4a29ef30c3859,100,200,0.1266287079871688,0.03379805511135521,1.0,0.007186024989273386,0.02423994036320575,0.03510433807969093,0.516361653804779,11405,128,0.1915235,0.5646666999999987,25:0.1965249;50:0.1399511;100:0.1266287;150:0.1371156;200:0.1428957
breast_cancer,303,learned_dictionary_linear_code4,318,80,171,25e2eb7b7a8745b1bde5ba18bc4969983d2e2f403291ecd5bde4a29ef30c3859,100,200,0.12384089411737023,0.03226957402814699,0.9998539719626168,0.007541180697141612,0.020193261344922563,0.03230246156454086,0.8022638559341431,13201,512,0.186797,0.26956815,25:0.1927117;50:0.1364863;100:0.1238409;150:0.1367738;200:0.1472774
breast_cancer,303,structured_mirror_rotation4,318,80,171,25e2eb7b7a8745b1bde5ba18bc4969983d2e2f403291ecd5bde4a29ef30c3859,100,200,0.12439716334012588,0.03640142187077866,0.9995619158878505,0.008595232962292436,0.02273564063807764,0.03640733286738396,0.0677395612001419,11409,128,0.2252095,0.3216834999999999,25:0.1958849;50:0.1390763;100:0.1243972;150:0.1309192;200:0.1358491
breast_cancer,303,no_member_shared,318,80,171,25e2eb7b7a8745b1bde5ba18bc4969983d2e2f403291ecd5bde4a29ef30c3859,100,200,0.12487878191480775,0.04118888398354011,0.9992698598130841,0.009865731864384067,0.027403121661634472,0.0411887988448143,0.0,10396,0,0.0301855,0.03495555,25:0.2015185;50:0.1430331;100:0.1248788;150:0.1285593;200:0.1316703
breast_cancer,304,native_full_fast_weights,318,80,171,25e2eb7b7a8745b1bde5ba18bc4969983d2e2f403291ecd5bde4a29ef30c3859,200,200,0.016241150514829883,0.05310919746503988,0.9967873831775701,0.014776835601924394,0.013551588588576672,0.05360347777605057,0.22026026248931885,13954,768,0.160231,0.19307605,25:0.1160334;50:0.05152995;100:0.0311352;150:0.01831703;200:0.01624115
breast_cancer,304,fixed_seed_linear_code4,318,80,171,25e2eb7b7a8745b1bde5ba18bc4969983d2e2f403291ecd5bde4a29ef30c3859,200,200,0.014246313440669667,0.042263615919281544,0.9994158878504673,0.012499696127068593,0.020276656302511797,0.044191811233758926,0.3958031237125397,11405,128,0.16165849999999998,0.2052097,25:0.111907;50:0.05171001;100:0.03062352;150:0.01757755;200:0.01424631
breast_cancer,304,learned_dictionary_linear_code4,318,80,171,25e2eb7b7a8745b1bde5ba18bc4969983d2e2f403291ecd5bde4a29ef30c3859,200,200,0.013120354321922888,0.05664661344816887,0.9967873831775701,0.015054977388128075,0.01706802131804197,0.05745137482881546,1.1789371967315674,13201,512,0.1595955,0.26412339999999995,25:0.1090027;50:0.04931251;100:0.02950319;150:0.01580351;200:0.01312035
breast_cancer,304,structured_mirror_rotation4,318,80,171,25e2eb7b7a8745b1bde5ba18bc4969983d2e2f403291ecd5bde4a29ef30c3859,200,200,0.01623298249437255,0.05025604354872676,0.9982476635514018,0.014390485851247024,0.013952197632629837,0.05072971433401108,0.09348347783088684,11409,128,0.224744,0.3407387999999998,25:0.1116873;50:0.05149422;100:0.03181848;150:0.01888996;200:0.01623298
breast_cancer,304,no_member_shared,318,80,171,25e2eb7b7a8745b1bde5ba18bc4969983d2e2f403291ecd5bde4a29ef30c3859,200,200,0.01933133843857604,0.05163158531548782,0.997517523364486,0.014505610823089692,0.017964364243235612,0.051631420850753784,0.0,10396,0,0.030937,0.03928679999999997,25:0.1239257;50:0.05634529;100:0.03458176;150:0.02174728;200:0.01933134
breast_cancer,305,native_full_fast_weights,318,80,171,25e2eb7b7a8745b1bde5ba18bc4969983d2e2f403291ecd5bde4a29ef30c3859,100,200,0.060356919373511175,0.07638782713898731,0.9956191588785047,0.020969165993871018,0.016787497751545484,0.07669425755739212,0.18704800307750702,13954,768,0.189596,0.48400819999999983,25:0.1460971;50:0.06301389;100:0.06035692;150:0.06643139;200:0.07384429
breast_cancer,305,fixed_seed_linear_code4,318,80,171,25e2eb7b7a8745b1bde5ba18bc4969983d2e2f403291ecd5bde4a29ef30c3859,100,200,0.05823235278311785,0.07454929912425504,0.9956191588785047,0.020723110567280805,0.016680716547831823,0.07656587660312653,0.48519060015678406,11405,128,0.19639099999999998,0.38582644999999993,25:0.1464828;50:0.0649704;100:0.05823235;150:0.06078009;200:0.06523459
breast_cancer,305,learned_dictionary_linear_code4,318,80,171,25e2eb7b7a8745b1bde5ba18bc4969983d2e2f403291ecd5bde4a29ef30c3859,100,200,0.05761024761241344,0.07482172929090342,0.9956191588785047,0.02076043246811864,0.02483932554111845,0.07486545294523239,0.3316058814525604,13201,512,0.18223499999999998,0.2547096,25:0.1473726;50:0.06330625;100:0.05761025;150:0.06323805;200:0.07948688
breast_cancer,305,structured_mirror_rotation4,318,80,171,25e2eb7b7a8745b1bde5ba18bc4969983d2e2f403291ecd5bde4a29ef30c3859,100,200,0.058967933512037975,0.07537186292098627,0.9954731308411215,0.020569382238460162,0.031196520119164788,0.07539958506822586,0.08733402192592621,11409,128,0.23236,2.1182765499999996,25:0.1514056;50:0.06575655;100:0.05896793;150:0.06115318;200:0.06671569
breast_cancer,305,no_member_shared,318,80,171,25e2eb7b7a8745b1bde5ba18bc4969983d2e2f403291ecd5bde4a29ef30c3859,100,200,0.06020560173629974,0.0780579157273315,0.9956191588785047,0.021009956759765466,0.030360526914506802,0.07805785536766052,0.0,10396,0,0.02998,0.05349854999999998,25:0.1538355;50:0.0661775;100:0.0602056;150:0.06661041;200:0.06827972
wine_binary,301,native_full_fast_weights,99,25,54,0a32a4ceabde1e86a3682858bedd542b488f02d79d4622d23ea89e8a6d409bb4,100,200,0.09070496376436495,0.030763311146150347,1.0,0.00891441799757784,0.022306878050720246,0.03125065565109253,0.18258851766586304,13954,768,0.15949,0.3019600999999999,25:0.2969943;50:0.1590184;100:0.09070496;150:0.1073812;200:0.1106959
wine_binary,301,fixed_seed_linear_code4,99,25,54,0a32a4ceabde1e86a3682858bedd542b488f02d79d4622d23ea89e8a6d409bb4,100,200,0.0796275587004493,0.034986661432008584,1.0,0.010541095998085552,0.024195130897202974,0.036531962454319,0.5665462017059326,11405,128,0.164979,0.34243055,25:0.2875804;50:0.1617621;100:0.07962756;150:0.08894478;200:0.08993622
wine_binary,301,learned_dictionary_linear_code4,99,25,54,0a32a4ceabde1e86a3682858bedd542b488f02d79d4622d23ea89e8a6d409bb4,100,200,0.09227116608493816,0.03376911665756771,1.0,0.011136275589120866,0.02114089850888208,0.03383944556117058,0.5423044562339783,13201,512,0.15933,0.25222579999999994,25:0.2945834;50:0.1613434;100:0.09227117;150:0.1153433;200:0.1250528
wine_binary,301,structured_mirror_rotation4,99,25,54,0a32a4ceabde1e86a3682858bedd542b488f02d79d4622d23ea89e8a6d409bb4,100,200,0.09446494913849164,0.03341772935713531,1.0,0.009669151479028306,0.024146854204850063,0.03343575447797775,0.06920165568590164,11409,128,0.2209335,0.4330736999999998,25:0.2990084;50:0.1707942;100:0.09446495;150:0.1073448;200:0.1106011
wine_binary,301,no_member_shared,99,25,54,0a32a4ceabde1e86a3682858bedd542b488f02d79d4622d23ea89e8a6d409bb4,100,200,0.09415010318509304,0.03252151318331555,1.0,0.007595120104829561,0.026428994463963643,0.032521508634090424,0.0,10396,0,0.030331,0.09206599999999998,25:0.3106413;50:0.1805185;100:0.0941501;150:0.1003063;200:0.09928609
wine_binary,302,native_full_fast_weights,99,25,54,0a32a4ceabde1e86a3682858bedd542b488f02d79d4622d23ea89e8a6d409bb4,200,200,0.01608996507160555,0.005621298022339892,1.0,0.0004528817542395531,0.005371831538569596,0.0056668901816010475,0.26861128211021423,13954,768,0.1403165,0.4041032999999999,25:0.3548875;50:0.1590362;100:0.05151682;150:0.02502232;200:0.01608997
wine_binary,302,fixed_seed_linear_code4,99,25,54,0a32a4ceabde1e86a3682858bedd542b488f02d79d4622d23ea89e8a6d409bb4,200,200,0.016775607463509912,0.006694520503090105,1.0,0.0009129904700060449,0.006160707937346565,0.0072425659745931625,0.6830136775970459,11405,128,0.16619050000000002,0.32795089999999993,25:0.3445966;50:0.1562579;100:0.05556829;150:0.02752393;200:0.01677561
wine_binary,302,learned_dictionary_linear_code4,99,25,54,0a32a4ceabde1e86a3682858bedd542b488f02d79d4622d23ea89e8a6d409bb4,200,200,0.011294072567343392,0.0020329866297056805,1.0,6.307331632359718e-05,0.0020003939668337503,0.002048400230705738,1.1754578351974487,13201,512,0.1728555,0.3664185,25:0.3484627;50:0.1518904;100:0.04779048;150:0.01988635;200:0.01129407
wine_binary,302,structured_mirror_rotation4,99,25,54,0a32a4ceabde1e86a3682858bedd542b488f02d79d4622d23ea89e8a6d409bb4,200,200,0.019210278197142543,0.004326216444372609,1.0,0.00022261146484667125,0.004208059671024481,0.00434822216629982,0.23417426645755768,11409,128,0.20681650000000001,0.36408584999999993,25:0.3495152;50:0.1623235;100:0.06091283;150:0.03211476;200:0.01921028
wine_binary,302,no_member_shared,99,25,54,0a32a4ceabde1e86a3682858bedd542b488f02d79d4622d23ea89e8a6d409bb4,200,200,0.022473040256863898,0.010177023674964824,1.0,0.001178294226306097,0.009490497677621466,0.010176990181207657,0.0,10396,0,0.030411,0.07249054999999985,25:0.3644372;50:0.1822688;100:0.06447043;150:0.03412154;200:0.02247304
wine_binary,303,native_full_fast_weights,99,25,54,0a32a4ceabde1e86a3682858bedd542b488f02d79d4622d23ea89e8a6d409bb4,100,200,0.08832553795422428,0.03203605686539285,1.0,0.009291707885749644,0.012647159449342225,0.032157979905605316,0.1692899614572525,13954,768,0.141564,0.3259760499999999,25:0.2988915;50:0.1565058;100:0.08832554;150:0.1033172;200:0.1125175
wine_binary,303,fixed_seed_linear_code4,99,25,54,0a32a4ceabde1e86a3682858bedd542b488f02d79d4622d23ea89e8a6d409bb4,100,200,0.12413775456720032,0.03301668937272687,1.0,0.009759711907354038,0.012729906899578593,0.03410397097468376,0.4542945921421051,11405,128,0.16946050000000001,0.5206489999999999,25:0.323093;50:0.1784883;100:0.1241378;150:0.1515209;200:0.1690864
wine_binary,303,learned_dictionary_linear_code4,99,25,54,0a32a4ceabde1e86a3682858bedd542b488f02d79d4622d23ea89e8a6d409bb4,100,200,0.0991234946633631,0.025328174607129432,1.0,0.00737277009423986,0.01953080550043119,0.02537005953490734,0.9285298585891724,13201,512,0.163131,0.36946199999999996,25:0.3087334;50:0.1626135;100:0.09912349;150:0.1288656;200:0.1464261
wine_binary,303,structured_mirror_rotation4,99,25,54,0a32a4ceabde1e86a3682858bedd542b488f02d79d4622d23ea89e8a6d409bb4,100,200,0.10355273472989211,0.029065459138244612,1.0,0.0077778243939151896,0.022997424920537954,0.02907302789390087,0.08344577997922897,11409,128,0.2204175,0.5268597999999999,25:0.3170133;50:0.1754452;100:0.1035527;150:0.1210128;200:0.133983
wine_binary,303,no_member_shared,99,25,54,0a32a4ceabde1e86a3682858bedd542b488f02d79d4622d23ea89e8a6d409bb4,100,200,0.10337788224336691,0.038251211267345715,1.0,0.010218627660910007,0.01709919986832473,0.03825121000409126,0.0,10396,0,0.030796999999999998,0.08154419999999997,25:0.3176136;50:0.1815464;100:0.1033779;150:0.1067089;200:0.1084424
wine_binary,304,native_full_fast_weights,99,25,54,0a32a4ceabde1e86a3682858bedd542b488f02d79d4622d23ea89e8a6d409bb4,100,200,0.15587291427727906,0.0655892422079584,1.0,0.015257315342202047,0.05457323386023442,0.06600011885166168,0.21842996776103973,13954,768,0.1422545,0.27264150000000004,25:0.296216;50:0.1578292;100:0.1558729;150:0.1781158;200:0.1873491
wine_binary,304,fixed_seed_linear_code4,99,25,54,0a32a4ceabde1e86a3682858bedd542b488f02d79d4622d23ea89e8a6d409bb4,50,200,0.1572911086026579,0.15483014311865662,1.0,0.038428339779177374,0.1273598657162101,0.1570090353488922,0.3873741924762726,11405,128,0.163717,0.41537384999999993,25:0.2872356;50:0.1572911;100:0.1643283;150:0.1860797;200:0.1992185
wine_binary,304,learned_dictionary_linear_code4,99,25,54,0a32a4ceabde1e86a3682858bedd542b488f02d79d4622d23ea89e8a6d409bb4,50,200,0.15242808703333138,0.14625872543547302,1.0,0.035140245692445504,0.12189259738833816,0.1463288515806198,0.18477922677993774,13201,512,0.1637165,0.2643613999999999,25:0.28925;50:0.1524281;100:0.1674607;150:0.198445;200:0.2140512
wine_binary,304,structured_mirror_rotation4,99,25,54,0a32a4ceabde1e86a3682858bedd542b488f02d79d4622d23ea89e8a6d409bb4,50,200,0.15538739211391658,0.15504619336031653,1.0,0.03769308328636333,0.12883221854766208,0.15508262813091278,0.04383352771401405,11409,128,0.20517849999999999,0.39083729999999994,25:0.2919654;50:0.1553874;100:0.1601137;150:0.18218;200:0.1923398
wine_binary,304,no_member_shared,99,25,54,0a32a4ceabde1e86a3682858bedd542b488f02d79d4622d23ea89e8a6d409bb4,100,200,0.1512547972484026,0.07964869873750205,1.0,0.01815770570409588,0.06681468717201991,0.0796487033367157,0.0,10396,0,0.030511,0.1735755,25:0.3115312;50:0.1692116;100:0.1512548;150:0.166027;200:0.172989
wine_binary,305,native_full_fast_weights,99,25,54,0a32a4ceabde1e86a3682858bedd542b488f02d79d4622d23ea89e8a6d409bb4,200,200,0.01710610848741453,0.007652890661130708,1.0,0.0006590708149246021,0.007286186226540142,0.007665056269615889,0.23892728984355927,13954,768,0.147207,0.25308075,25:0.2555733;50:0.1057037;100:0.03507389;150:0.02227071;200:0.01710611
wine_binary,305,fixed_seed_linear_code4,99,25,54,0a32a4ceabde1e86a3682858bedd542b488f02d79d4622d23ea89e8a6d409bb4,200,200,0.014914014943879011,0.006885519474657805,1.0,0.0006362635888307746,0.006528555105129877,0.007015410345047712,0.8070679903030396,11405,128,0.169385,0.3082625,25:0.2360936;50:0.0882919;100:0.02978371;150:0.01957658;200:0.01491401
wine_binary,305,learned_dictionary_linear_code4,99,25,54,0a32a4ceabde1e86a3682858bedd542b488f02d79d4622d23ea89e8a6d409bb4,200,200,0.016051212490283434,0.004947832035676819,1.0,0.0004454124274816302,0.004701659911208683,0.0049517955631017685,0.6034024357795715,13201,512,0.1924805,0.4440442499999999,25:0.2453595;50:0.09194339;100:0.02834654;150:0.01992145;200:0.01605121
wine_binary,305,structured_mirror_rotation4,99,25,54,0a32a4ceabde1e86a3682858bedd542b488f02d79d4622d23ea89e8a6d409bb4,200,200,0.016491058707633784,0.008000513628364505,1.0,0.0007708645058401189,0.007565303464178686,0.0080184917896986,0.15004341304302216,11409,128,0.204398,0.40341045,25:0.249718;50:0.1004983;100:0.03383322;150:0.02170293;200:0.01649106
wine_binary,305,no_member_shared,99,25,54,0a32a4ceabde1e86a3682858bedd542b488f02d79d4622d23ea89e8a6d409bb4,200,200,0.020099283050340092,0.010985523726705852,1.0,0.0009928770959608856,0.010427307578976508,0.010985522530972958,0.0,10396,0,0.030336000000000002,0.08810184999999995,25:0.2670681;50:0.1199074;100:0.04530898;150:0.02699191;200:0.02009928
