world,seed,length_bits,method,flip_probability,accuracy,misroute_rate,payload_bytes,bits_per_address,min_distance,decode_hamming_ops,hash,path
49420,0,5,binary,0,1.0,0.0,1957,5,1,640000,8012c37b15833d83b6e14b148862ff814bd182f14dd065320fd93ded3f5331d4,experiments/mirror_applications/ma-494-error-correcting-expert-ids/artifacts/payloads/49420_0_binary_L5_p0.pt
49420,0,5,binary,0.02,0.8952500224113464,0.10474997758865356,1957,5,1,640000,8012c37b15833d83b6e14b148862ff814bd182f14dd065320fd93ded3f5331d4,experiments/mirror_applications/ma-494-error-correcting-expert-ids/artifacts/payloads/49420_0_binary_L5_p0.02.pt
49420,0,5,binary,0.05,0.7727500200271606,0.22724997997283936,1957,5,1,640000,8012c37b15833d83b6e14b148862ff814bd182f14dd065320fd93ded3f5331d4,experiments/mirror_applications/ma-494-error-correcting-expert-ids/artifacts/payloads/49420_0_binary_L5_p0.05.pt
49420,0,5,binary,0.1,0.5914999842643738,0.4085000157356262,1957,5,1,640000,8012c37b15833d83b6e14b148862ff814bd182f14dd065320fd93ded3f5331d4,experiments/mirror_applications/ma-494-error-correcting-expert-ids/artifacts/payloads/49420_0_binary_L5_p0.1.pt
49420,0,5,binary,0.2,0.32749998569488525,0.6725000143051147,1957,5,1,640000,8012c37b15833d83b6e14b148862ff814bd182f14dd065320fd93ded3f5331d4,experiments/mirror_applications/ma-494-error-correcting-expert-ids/artifacts/payloads/49420_0_binary_L5_p0.2.pt
49420,0,7,ecoc,0,1.0,0.0,2021,7,1,896000,a3e33d0af04a1d1ba2d309794497f0ef2a84d8846a5fb2341abb6870f7a2defb,experiments/mirror_applications/ma-494-error-correcting-expert-ids/artifacts/payloads/49420_0_ecoc_L7_p0.pt
49420,0,7,ecoc,0.02,0.9132500290870667,0.08674997091293335,2021,7,1,896000,a3e33d0af04a1d1ba2d309794497f0ef2a84d8846a5fb2341abb6870f7a2defb,experiments/mirror_applications/ma-494-error-correcting-expert-ids/artifacts/payloads/49420_0_ecoc_L7_p0.02.pt
49420,0,7,ecoc,0.05,0.7985000014305115,0.20149999856948853,2021,7,1,896000,a3e33d0af04a1d1ba2d309794497f0ef2a84d8846a5fb2341abb6870f7a2defb,experiments/mirror_applications/ma-494-error-correcting-expert-ids/artifacts/payloads/49420_0_ecoc_L7_p0.05.pt
49420,0,7,ecoc,0.1,0.6259999871253967,0.37400001287460327,2021,7,1,896000,a3e33d0af04a1d1ba2d309794497f0ef2a84d8846a5fb2341abb6870f7a2defb,experiments/mirror_applications/ma-494-error-correcting-expert-ids/artifacts/payloads/49420_0_ecoc_L7_p0.1.pt
49420,0,7,ecoc,0.2,0.3477500081062317,0.6522499918937683,2021,7,1,896000,a3e33d0af04a1d1ba2d309794497f0ef2a84d8846a5fb2341abb6870f7a2defb,experiments/mirror_applications/ma-494-error-correcting-expert-ids/artifacts/payloads/49420_0_ecoc_L7_p0.2.pt
49420,0,9,ecoc,0,1.0,0.0,2085,9,2,1152000,bbf38c5a637285b3347ad129fbf35c72d1b391c0502fc9a2b561df5e89e9ea02,experiments/mirror_applications/ma-494-error-correcting-expert-ids/artifacts/payloads/49420_0_ecoc_L9_p0.pt
49420,0,9,ecoc,0.02,0.9570000171661377,0.042999982833862305,2085,9,2,1152000,bbf38c5a637285b3347ad129fbf35c72d1b391c0502fc9a2b561df5e89e9ea02,experiments/mirror_applications/ma-494-error-correcting-expert-ids/artifacts/payloads/49420_0_ecoc_L9_p0.02.pt
49420,0,9,ecoc,0.05,0.8777499794960022,0.1222500205039978,2085,9,2,1152000,bbf38c5a637285b3347ad129fbf35c72d1b391c0502fc9a2b561df5e89e9ea02,experiments/mirror_applications/ma-494-error-correcting-expert-ids/artifacts/payloads/49420_0_ecoc_L9_p0.05.pt
49420,0,9,ecoc,0.1,0.7237499952316284,0.2762500047683716,2085,9,2,1152000,bbf38c5a637285b3347ad129fbf35c72d1b391c0502fc9a2b561df5e89e9ea02,experiments/mirror_applications/ma-494-error-correcting-expert-ids/artifacts/payloads/49420_0_ecoc_L9_p0.1.pt
49420,0,9,ecoc,0.2,0.43650001287460327,0.5634999871253967,2085,9,2,1152000,bbf38c5a637285b3347ad129fbf35c72d1b391c0502fc9a2b561df5e89e9ea02,experiments/mirror_applications/ma-494-error-correcting-expert-ids/artifacts/payloads/49420_0_ecoc_L9_p0.2.pt
49420,0,11,ecoc,0,1.0,0.0,2149,11,2,1408000,ecafc38b0534545b5bd6a83673f2a234453e86c851095593479d93599c28346f,experiments/mirror_applications/ma-494-error-correcting-expert-ids/artifacts/payloads/49420_0_ecoc_L11_p0.pt
49420,0,11,ecoc,0.02,0.9865000247955322,0.013499975204467773,2149,11,2,1408000,ecafc38b0534545b5bd6a83673f2a234453e86c851095593479d93599c28346f,experiments/mirror_applications/ma-494-error-correcting-expert-ids/artifacts/payloads/49420_0_ecoc_L11_p0.02.pt
49420,0,11,ecoc,0.05,0.9347500205039978,0.0652499794960022,2149,11,2,1408000,ecafc38b0534545b5bd6a83673f2a234453e86c851095593479d93599c28346f,experiments/mirror_applications/ma-494-error-correcting-expert-ids/artifacts/payloads/49420_0_ecoc_L11_p0.05.pt
49420,0,11,ecoc,0.1,0.8090000152587891,0.19099998474121094,2149,11,2,1408000,ecafc38b0534545b5bd6a83673f2a234453e86c851095593479d93599c28346f,experiments/mirror_applications/ma-494-error-correcting-expert-ids/artifacts/payloads/49420_0_ecoc_L11_p0.1.pt
49420,0,11,ecoc,0.2,0.5147500038146973,0.48524999618530273,2149,11,2,1408000,ecafc38b0534545b5bd6a83673f2a234453e86c851095593479d93599c28346f,experiments/mirror_applications/ma-494-error-correcting-expert-ids/artifacts/payloads/49420_0_ecoc_L11_p0.2.pt
49420,0,15,repeat3,0,1.0,0.0,2277,15,3,1920000,a2095e16052ca5ce0a2c0f4e078a285a53d54e981434b517b52e2cd0548b384e,experiments/mirror_applications/ma-494-error-correcting-expert-ids/artifacts/payloads/49420_0_repeat3_L15_p0.pt
49420,0,15,repeat3,0.02,0.9934999942779541,0.0065000057220458984,2277,15,3,1920000,a2095e16052ca5ce0a2c0f4e078a285a53d54e981434b517b52e2cd0548b384e,experiments/mirror_applications/ma-494-error-correcting-expert-ids/artifacts/payloads/49420_0_repeat3_L15_p0.02.pt
49420,0,15,repeat3,0.05,0.9617499709129333,0.03825002908706665,2277,15,3,1920000,a2095e16052ca5ce0a2c0f4e078a285a53d54e981434b517b52e2cd0548b384e,experiments/mirror_applications/ma-494-error-correcting-expert-ids/artifacts/payloads/49420_0_repeat3_L15_p0.05.pt
49420,0,15,repeat3,0.1,0.8647500276565552,0.13524997234344482,2277,15,3,1920000,a2095e16052ca5ce0a2c0f4e078a285a53d54e981434b517b52e2cd0548b384e,experiments/mirror_applications/ma-494-error-correcting-expert-ids/artifacts/payloads/49420_0_repeat3_L15_p0.1.pt
49420,0,15,repeat3,0.2,0.5747500061988831,0.42524999380111694,2277,15,3,1920000,a2095e16052ca5ce0a2c0f4e078a285a53d54e981434b517b52e2cd0548b384e,experiments/mirror_applications/ma-494-error-correcting-expert-ids/artifacts/payloads/49420_0_repeat3_L15_p0.2.pt
49420,1,5,binary,0,1.0,0.0,1957,5,1,640000,8012c37b15833d83b6e14b148862ff814bd182f14dd065320fd93ded3f5331d4,experiments/mirror_applications/ma-494-error-correcting-expert-ids/artifacts/payloads/49420_1_binary_L5_p0.pt
49420,1,5,binary,0.02,0.8995000123977661,0.10049998760223389,1957,5,1,640000,8012c37b15833d83b6e14b148862ff814bd182f14dd065320fd93ded3f5331d4,experiments/mirror_applications/ma-494-error-correcting-expert-ids/artifacts/payloads/49420_1_binary_L5_p0.02.pt
49420,1,5,binary,0.05,0.7822499871253967,0.21775001287460327,1957,5,1,640000,8012c37b15833d83b6e14b148862ff814bd182f14dd065320fd93ded3f5331d4,experiments/mirror_applications/ma-494-error-correcting-expert-ids/artifacts/payloads/49420_1_binary_L5_p0.05.pt
49420,1,5,binary,0.1,0.5917500257492065,0.40824997425079346,1957,5,1,640000,8012c37b15833d83b6e14b148862ff814bd182f14dd065320fd93ded3f5331d4,experiments/mirror_applications/ma-494-error-correcting-expert-ids/artifacts/payloads/49420_1_binary_L5_p0.1.pt
49420,1,5,binary,0.2,0.31049999594688416,0.6895000040531158,1957,5,1,640000,8012c37b15833d83b6e14b148862ff814bd182f14dd065320fd93ded3f5331d4,experiments/mirror_applications/ma-494-error-correcting-expert-ids/artifacts/payloads/49420_1_binary_L5_p0.2.pt
49420,1,7,ecoc,0,1.0,0.0,2021,7,1,896000,a3e33d0af04a1d1ba2d309794497f0ef2a84d8846a5fb2341abb6870f7a2defb,experiments/mirror_applications/ma-494-error-correcting-expert-ids/artifacts/payloads/49420_1_ecoc_L7_p0.pt
49420,1,7,ecoc,0.02,0.9147499799728394,0.08525002002716064,2021,7,1,896000,a3e33d0af04a1d1ba2d309794497f0ef2a84d8846a5fb2341abb6870f7a2defb,experiments/mirror_applications/ma-494-error-correcting-expert-ids/artifacts/payloads/49420_1_ecoc_L7_p0.02.pt
49420,1,7,ecoc,0.05,0.8047500252723694,0.19524997472763062,2021,7,1,896000,a3e33d0af04a1d1ba2d309794497f0ef2a84d8846a5fb2341abb6870f7a2defb,experiments/mirror_applications/ma-494-error-correcting-expert-ids/artifacts/payloads/49420_1_ecoc_L7_p0.05.pt
49420,1,7,ecoc,0.1,0.624750018119812,0.375249981880188,2021,7,1,896000,a3e33d0af04a1d1ba2d309794497f0ef2a84d8846a5fb2341abb6870f7a2defb,experiments/mirror_applications/ma-494-error-correcting-expert-ids/artifacts/payloads/49420_1_ecoc_L7_p0.1.pt
49420,1,7,ecoc,0.2,0.3544999957084656,0.6455000042915344,2021,7,1,896000,a3e33d0af04a1d1ba2d309794497f0ef2a84d8846a5fb2341abb6870f7a2defb,experiments/mirror_applications/ma-494-error-correcting-expert-ids/artifacts/payloads/49420_1_ecoc_L7_p0.2.pt
49420,1,9,ecoc,0,1.0,0.0,2085,9,2,1152000,bbf38c5a637285b3347ad129fbf35c72d1b391c0502fc9a2b561df5e89e9ea02,experiments/mirror_applications/ma-494-error-correcting-expert-ids/artifacts/payloads/49420_1_ecoc_L9_p0.pt
49420,1,9,ecoc,0.02,0.9570000171661377,0.042999982833862305,2085,9,2,1152000,bbf38c5a637285b3347ad129fbf35c72d1b391c0502fc9a2b561df5e89e9ea02,experiments/mirror_applications/ma-494-error-correcting-expert-ids/artifacts/payloads/49420_1_ecoc_L9_p0.02.pt
49420,1,9,ecoc,0.05,0.8862500190734863,0.11374998092651367,2085,9,2,1152000,bbf38c5a637285b3347ad129fbf35c72d1b391c0502fc9a2b561df5e89e9ea02,experiments/mirror_applications/ma-494-error-correcting-expert-ids/artifacts/payloads/49420_1_ecoc_L9_p0.05.pt
49420,1,9,ecoc,0.1,0.734749972820282,0.265250027179718,2085,9,2,1152000,bbf38c5a637285b3347ad129fbf35c72d1b391c0502fc9a2b561df5e89e9ea02,experiments/mirror_applications/ma-494-error-correcting-expert-ids/artifacts/payloads/49420_1_ecoc_L9_p0.1.pt
49420,1,9,ecoc,0.2,0.4267500042915344,0.5732499957084656,2085,9,2,1152000,bbf38c5a637285b3347ad129fbf35c72d1b391c0502fc9a2b561df5e89e9ea02,experiments/mirror_applications/ma-494-error-correcting-expert-ids/artifacts/payloads/49420_1_ecoc_L9_p0.2.pt
49420,1,11,ecoc,0,1.0,0.0,2149,11,2,1408000,ecafc38b0534545b5bd6a83673f2a234453e86c851095593479d93599c28346f,experiments/mirror_applications/ma-494-error-correcting-expert-ids/artifacts/payloads/49420_1_ecoc_L11_p0.pt
49420,1,11,ecoc,0.02,0.9817500114440918,0.018249988555908203,2149,11,2,1408000,ecafc38b0534545b5bd6a83673f2a234453e86c851095593479d93599c28346f,experiments/mirror_applications/ma-494-error-correcting-expert-ids/artifacts/payloads/49420_1_ecoc_L11_p0.02.pt
49420,1,11,ecoc,0.05,0.9432500004768372,0.05674999952316284,2149,11,2,1408000,ecafc38b0534545b5bd6a83673f2a234453e86c851095593479d93599c28346f,experiments/mirror_applications/ma-494-error-correcting-expert-ids/artifacts/payloads/49420_1_ecoc_L11_p0.05.pt
49420,1,11,ecoc,0.1,0.8132500052452087,0.18674999475479126,2149,11,2,1408000,ecafc38b0534545b5bd6a83673f2a234453e86c851095593479d93599c28346f,experiments/mirror_applications/ma-494-error-correcting-expert-ids/artifacts/payloads/49420_1_ecoc_L11_p0.1.pt
49420,1,11,ecoc,0.2,0.5080000162124634,0.4919999837875366,2149,11,2,1408000,ecafc38b0534545b5bd6a83673f2a234453e86c851095593479d93599c28346f,experiments/mirror_applications/ma-494-error-correcting-expert-ids/artifacts/payloads/49420_1_ecoc_L11_p0.2.pt
49420,1,15,repeat3,0,1.0,0.0,2277,15,3,1920000,a2095e16052ca5ce0a2c0f4e078a285a53d54e981434b517b52e2cd0548b384e,experiments/mirror_applications/ma-494-error-correcting-expert-ids/artifacts/payloads/49420_1_repeat3_L15_p0.pt
49420,1,15,repeat3,0.02,0.9922500252723694,0.007749974727630615,2277,15,3,1920000,a2095e16052ca5ce0a2c0f4e078a285a53d54e981434b517b52e2cd0548b384e,experiments/mirror_applications/ma-494-error-correcting-expert-ids/artifacts/payloads/49420_1_repeat3_L15_p0.02.pt
49420,1,15,repeat3,0.05,0.9599999785423279,0.04000002145767212,2277,15,3,1920000,a2095e16052ca5ce0a2c0f4e078a285a53d54e981434b517b52e2cd0548b384e,experiments/mirror_applications/ma-494-error-correcting-expert-ids/artifacts/payloads/49420_1_repeat3_L15_p0.05.pt
49420,1,15,repeat3,0.1,0.8637499809265137,0.13625001907348633,2277,15,3,1920000,a2095e16052ca5ce0a2c0f4e078a285a53d54e981434b517b52e2cd0548b384e,experiments/mirror_applications/ma-494-error-correcting-expert-ids/artifacts/payloads/49420_1_repeat3_L15_p0.1.pt
49420,1,15,repeat3,0.2,0.5902500152587891,0.40974998474121094,2277,15,3,1920000,a2095e16052ca5ce0a2c0f4e078a285a53d54e981434b517b52e2cd0548b384e,experiments/mirror_applications/ma-494-error-correcting-expert-ids/artifacts/payloads/49420_1_repeat3_L15_p0.2.pt
49420,2,5,binary,0,1.0,0.0,1957,5,1,640000,8012c37b15833d83b6e14b148862ff814bd182f14dd065320fd93ded3f5331d4,experiments/mirror_applications/ma-494-error-correcting-expert-ids/artifacts/payloads/49420_2_binary_L5_p0.pt
49420,2,5,binary,0.02,0.9045000076293945,0.09549999237060547,1957,5,1,640000,8012c37b15833d83b6e14b148862ff814bd182f14dd065320fd93ded3f5331d4,experiments/mirror_applications/ma-494-error-correcting-expert-ids/artifacts/payloads/49420_2_binary_L5_p0.02.pt
49420,2,5,binary,0.05,0.7749999761581421,0.2250000238418579,1957,5,1,640000,8012c37b15833d83b6e14b148862ff814bd182f14dd065320fd93ded3f5331d4,experiments/mirror_applications/ma-494-error-correcting-expert-ids/artifacts/payloads/49420_2_binary_L5_p0.05.pt
49420,2,5,binary,0.1,0.6019999980926514,0.39800000190734863,1957,5,1,640000,8012c37b15833d83b6e14b148862ff814bd182f14dd065320fd93ded3f5331d4,experiments/mirror_applications/ma-494-error-correcting-expert-ids/artifacts/payloads/49420_2_binary_L5_p0.1.pt
49420,2,5,binary,0.2,0.34174999594688416,0.6582500040531158,1957,5,1,640000,8012c37b15833d83b6e14b148862ff814bd182f14dd065320fd93ded3f5331d4,experiments/mirror_applications/ma-494-error-correcting-expert-ids/artifacts/payloads/49420_2_binary_L5_p0.2.pt
49420,2,7,ecoc,0,1.0,0.0,2021,7,1,896000,a3e33d0af04a1d1ba2d309794497f0ef2a84d8846a5fb2341abb6870f7a2defb,experiments/mirror_applications/ma-494-error-correcting-expert-ids/artifacts/payloads/49420_2_ecoc_L7_p0.pt
49420,2,7,ecoc,0.02,0.9160000085830688,0.08399999141693115,2021,7,1,896000,a3e33d0af04a1d1ba2d309794497f0ef2a84d8846a5fb2341abb6870f7a2defb,experiments/mirror_applications/ma-494-error-correcting-expert-ids/artifacts/payloads/49420_2_ecoc_L7_p0.02.pt
49420,2,7,ecoc,0.05,0.8002499938011169,0.19975000619888306,2021,7,1,896000,a3e33d0af04a1d1ba2d309794497f0ef2a84d8846a5fb2341abb6870f7a2defb,experiments/mirror_applications/ma-494-error-correcting-expert-ids/artifacts/payloads/49420_2_ecoc_L7_p0.05.pt
49420,2,7,ecoc,0.1,0.6284999847412109,0.37150001525878906,2021,7,1,896000,a3e33d0af04a1d1ba2d309794497f0ef2a84d8846a5fb2341abb6870f7a2defb,experiments/mirror_applications/ma-494-error-correcting-expert-ids/artifacts/payloads/49420_2_ecoc_L7_p0.1.pt
49420,2,7,ecoc,0.2,0.3477500081062317,0.6522499918937683,2021,7,1,896000,a3e33d0af04a1d1ba2d309794497f0ef2a84d8846a5fb2341abb6870f7a2defb,experiments/mirror_applications/ma-494-error-correcting-expert-ids/artifacts/payloads/49420_2_ecoc_L7_p0.2.pt
49420,2,9,ecoc,0,1.0,0.0,2085,9,2,1152000,bbf38c5a637285b3347ad129fbf35c72d1b391c0502fc9a2b561df5e89e9ea02,experiments/mirror_applications/ma-494-error-correcting-expert-ids/artifacts/payloads/49420_2_ecoc_L9_p0.pt
49420,2,9,ecoc,0.02,0.9632499814033508,0.03675001859664917,2085,9,2,1152000,bbf38c5a637285b3347ad129fbf35c72d1b391c0502fc9a2b561df5e89e9ea02,experiments/mirror_applications/ma-494-error-correcting-expert-ids/artifacts/payloads/49420_2_ecoc_L9_p0.02.pt
49420,2,9,ecoc,0.05,0.8815000057220459,0.1184999942779541,2085,9,2,1152000,bbf38c5a637285b3347ad129fbf35c72d1b391c0502fc9a2b561df5e89e9ea02,experiments/mirror_applications/ma-494-error-correcting-expert-ids/artifacts/payloads/49420_2_ecoc_L9_p0.05.pt
49420,2,9,ecoc,0.1,0.7277500033378601,0.2722499966621399,2085,9,2,1152000,bbf38c5a637285b3347ad129fbf35c72d1b391c0502fc9a2b561df5e89e9ea02,experiments/mirror_applications/ma-494-error-correcting-expert-ids/artifacts/payloads/49420_2_ecoc_L9_p0.1.pt
49420,2,9,ecoc,0.2,0.4337500035762787,0.5662499964237213,2085,9,2,1152000,bbf38c5a637285b3347ad129fbf35c72d1b391c0502fc9a2b561df5e89e9ea02,experiments/mirror_applications/ma-494-error-correcting-expert-ids/artifacts/payloads/49420_2_ecoc_L9_p0.2.pt
49420,2,11,ecoc,0,1.0,0.0,2149,11,2,1408000,ecafc38b0534545b5bd6a83673f2a234453e86c851095593479d93599c28346f,experiments/mirror_applications/ma-494-error-correcting-expert-ids/artifacts/payloads/49420_2_ecoc_L11_p0.pt
49420,2,11,ecoc,0.02,0.9792500138282776,0.020749986171722412,2149,11,2,1408000,ecafc38b0534545b5bd6a83673f2a234453e86c851095593479d93599c28346f,experiments/mirror_applications/ma-494-error-correcting-expert-ids/artifacts/payloads/49420_2_ecoc_L11_p0.02.pt
49420,2,11,ecoc,0.05,0.9417499899864197,0.05825001001358032,2149,11,2,1408000,ecafc38b0534545b5bd6a83673f2a234453e86c851095593479d93599c28346f,experiments/mirror_applications/ma-494-error-correcting-expert-ids/artifacts/payloads/49420_2_ecoc_L11_p0.05.pt
49420,2,11,ecoc,0.1,0.8147500157356262,0.18524998426437378,2149,11,2,1408000,ecafc38b0534545b5bd6a83673f2a234453e86c851095593479d93599c28346f,experiments/mirror_applications/ma-494-error-correcting-expert-ids/artifacts/payloads/49420_2_ecoc_L11_p0.1.pt
49420,2,11,ecoc,0.2,0.5122500061988831,0.48774999380111694,2149,11,2,1408000,ecafc38b0534545b5bd6a83673f2a234453e86c851095593479d93599c28346f,experiments/mirror_applications/ma-494-error-correcting-expert-ids/artifacts/payloads/49420_2_ecoc_L11_p0.2.pt
49420,2,15,repeat3,0,1.0,0.0,2277,15,3,1920000,a2095e16052ca5ce0a2c0f4e078a285a53d54e981434b517b52e2cd0548b384e,experiments/mirror_applications/ma-494-error-correcting-expert-ids/artifacts/payloads/49420_2_repeat3_L15_p0.pt
49420,2,15,repeat3,0.02,0.9944999814033508,0.00550001859664917,2277,15,3,1920000,a2095e16052ca5ce0a2c0f4e078a285a53d54e981434b517b52e2cd0548b384e,experiments/mirror_applications/ma-494-error-correcting-expert-ids/artifacts/payloads/49420_2_repeat3_L15_p0.02.pt
49420,2,15,repeat3,0.05,0.9682499766349792,0.03175002336502075,2277,15,3,1920000,a2095e16052ca5ce0a2c0f4e078a285a53d54e981434b517b52e2cd0548b384e,experiments/mirror_applications/ma-494-error-correcting-expert-ids/artifacts/payloads/49420_2_repeat3_L15_p0.05.pt
49420,2,15,repeat3,0.1,0.8640000224113464,0.13599997758865356,2277,15,3,1920000,a2095e16052ca5ce0a2c0f4e078a285a53d54e981434b517b52e2cd0548b384e,experiments/mirror_applications/ma-494-error-correcting-expert-ids/artifacts/payloads/49420_2_repeat3_L15_p0.1.pt
49420,2,15,repeat3,0.2,0.5724999904632568,0.42750000953674316,2277,15,3,1920000,a2095e16052ca5ce0a2c0f4e078a285a53d54e981434b517b52e2cd0548b384e,experiments/mirror_applications/ma-494-error-correcting-expert-ids/artifacts/payloads/49420_2_repeat3_L15_p0.2.pt
49421,0,5,binary,0,1.0,0.0,1957,5,1,640000,8012c37b15833d83b6e14b148862ff814bd182f14dd065320fd93ded3f5331d4,experiments/mirror_applications/ma-494-error-correcting-expert-ids/artifacts/payloads/49421_0_binary_L5_p0.pt
49421,0,5,binary,0.02,0.9039999842643738,0.09600001573562622,1957,5,1,640000,8012c37b15833d83b6e14b148862ff814bd182f14dd065320fd93ded3f5331d4,experiments/mirror_applications/ma-494-error-correcting-expert-ids/artifacts/payloads/49421_0_binary_L5_p0.02.pt
49421,0,5,binary,0.05,0.7645000219345093,0.23549997806549072,1957,5,1,640000,8012c37b15833d83b6e14b148862ff814bd182f14dd065320fd93ded3f5331d4,experiments/mirror_applications/ma-494-error-correcting-expert-ids/artifacts/payloads/49421_0_binary_L5_p0.05.pt
49421,0,5,binary,0.1,0.5927500128746033,0.40724998712539673,1957,5,1,640000,8012c37b15833d83b6e14b148862ff814bd182f14dd065320fd93ded3f5331d4,experiments/mirror_applications/ma-494-error-correcting-expert-ids/artifacts/payloads/49421_0_binary_L5_p0.1.pt
49421,0,5,binary,0.2,0.3310000002384186,0.6689999997615814,1957,5,1,640000,8012c37b15833d83b6e14b148862ff814bd182f14dd065320fd93ded3f5331d4,experiments/mirror_applications/ma-494-error-correcting-expert-ids/artifacts/payloads/49421_0_binary_L5_p0.2.pt
49421,0,7,ecoc,0,1.0,0.0,2021,7,1,896000,a3e33d0af04a1d1ba2d309794497f0ef2a84d8846a5fb2341abb6870f7a2defb,experiments/mirror_applications/ma-494-error-correcting-expert-ids/artifacts/payloads/49421_0_ecoc_L7_p0.pt
49421,0,7,ecoc,0.02,0.9112499952316284,0.08875000476837158,2021,7,1,896000,a3e33d0af04a1d1ba2d309794497f0ef2a84d8846a5fb2341abb6870f7a2defb,experiments/mirror_applications/ma-494-error-correcting-expert-ids/artifacts/payloads/49421_0_ecoc_L7_p0.02.pt
49421,0,7,ecoc,0.05,0.8037499785423279,0.19625002145767212,2021,7,1,896000,a3e33d0af04a1d1ba2d309794497f0ef2a84d8846a5fb2341abb6870f7a2defb,experiments/mirror_applications/ma-494-error-correcting-expert-ids/artifacts/payloads/49421_0_ecoc_L7_p0.05.pt
49421,0,7,ecoc,0.1,0.6212499737739563,0.3787500262260437,2021,7,1,896000,a3e33d0af04a1d1ba2d309794497f0ef2a84d8846a5fb2341abb6870f7a2defb,experiments/mirror_applications/ma-494-error-correcting-expert-ids/artifacts/payloads/49421_0_ecoc_L7_p0.1.pt
49421,0,7,ecoc,0.2,0.35899999737739563,0.6410000026226044,2021,7,1,896000,a3e33d0af04a1d1ba2d309794497f0ef2a84d8846a5fb2341abb6870f7a2defb,experiments/mirror_applications/ma-494-error-correcting-expert-ids/artifacts/payloads/49421_0_ecoc_L7_p0.2.pt
49421,0,9,ecoc,0,1.0,0.0,2085,9,2,1152000,bbf38c5a637285b3347ad129fbf35c72d1b391c0502fc9a2b561df5e89e9ea02,experiments/mirror_applications/ma-494-error-correcting-expert-ids/artifacts/payloads/49421_0_ecoc_L9_p0.pt
49421,0,9,ecoc,0.02,0.9559999704360962,0.04400002956390381,2085,9,2,1152000,bbf38c5a637285b3347ad129fbf35c72d1b391c0502fc9a2b561df5e89e9ea02,experiments/mirror_applications/ma-494-error-correcting-expert-ids/artifacts/payloads/49421_0_ecoc_L9_p0.02.pt
49421,0,9,ecoc,0.05,0.8820000290870667,0.11799997091293335,2085,9,2,1152000,bbf38c5a637285b3347ad129fbf35c72d1b391c0502fc9a2b561df5e89e9ea02,experiments/mirror_applications/ma-494-error-correcting-expert-ids/artifacts/payloads/49421_0_ecoc_L9_p0.05.pt
49421,0,9,ecoc,0.1,0.7250000238418579,0.2749999761581421,2085,9,2,1152000,bbf38c5a637285b3347ad129fbf35c72d1b391c0502fc9a2b561df5e89e9ea02,experiments/mirror_applications/ma-494-error-correcting-expert-ids/artifacts/payloads/49421_0_ecoc_L9_p0.1.pt
49421,0,9,ecoc,0.2,0.4507499933242798,0.5492500066757202,2085,9,2,1152000,bbf38c5a637285b3347ad129fbf35c72d1b391c0502fc9a2b561df5e89e9ea02,experiments/mirror_applications/ma-494-error-correcting-expert-ids/artifacts/payloads/49421_0_ecoc_L9_p0.2.pt
49421,0,11,ecoc,0,1.0,0.0,2149,11,2,1408000,ecafc38b0534545b5bd6a83673f2a234453e86c851095593479d93599c28346f,experiments/mirror_applications/ma-494-error-correcting-expert-ids/artifacts/payloads/49421_0_ecoc_L11_p0.pt
49421,0,11,ecoc,0.02,0.9857500195503235,0.014249980449676514,2149,11,2,1408000,ecafc38b0534545b5bd6a83673f2a234453e86c851095593479d93599c28346f,experiments/mirror_applications/ma-494-error-correcting-expert-ids/artifacts/payloads/49421_0_ecoc_L11_p0.02.pt
49421,0,11,ecoc,0.05,0.934499979019165,0.06550002098083496,2149,11,2,1408000,ecafc38b0534545b5bd6a83673f2a234453e86c851095593479d93599c28346f,experiments/mirror_applications/ma-494-error-correcting-expert-ids/artifacts/payloads/49421_0_ecoc_L11_p0.05.pt
49421,0,11,ecoc,0.1,0.8105000257492065,0.18949997425079346,2149,11,2,1408000,ecafc38b0534545b5bd6a83673f2a234453e86c851095593479d93599c28346f,experiments/mirror_applications/ma-494-error-correcting-expert-ids/artifacts/payloads/49421_0_ecoc_L11_p0.1.pt
49421,0,11,ecoc,0.2,0.5189999938011169,0.48100000619888306,2149,11,2,1408000,ecafc38b0534545b5bd6a83673f2a234453e86c851095593479d93599c28346f,experiments/mirror_applications/ma-494-error-correcting-expert-ids/artifacts/payloads/49421_0_ecoc_L11_p0.2.pt
49421,0,15,repeat3,0,1.0,0.0,2277,15,3,1920000,a2095e16052ca5ce0a2c0f4e078a285a53d54e981434b517b52e2cd0548b384e,experiments/mirror_applications/ma-494-error-correcting-expert-ids/artifacts/payloads/49421_0_repeat3_L15_p0.pt
49421,0,15,repeat3,0.02,0.9950000047683716,0.004999995231628418,2277,15,3,1920000,a2095e16052ca5ce0a2c0f4e078a285a53d54e981434b517b52e2cd0548b384e,experiments/mirror_applications/ma-494-error-correcting-expert-ids/artifacts/payloads/49421_0_repeat3_L15_p0.02.pt
49421,0,15,repeat3,0.05,0.965499997138977,0.03450000286102295,2277,15,3,1920000,a2095e16052ca5ce0a2c0f4e078a285a53d54e981434b517b52e2cd0548b384e,experiments/mirror_applications/ma-494-error-correcting-expert-ids/artifacts/payloads/49421_0_repeat3_L15_p0.05.pt
49421,0,15,repeat3,0.1,0.8692499995231628,0.13075000047683716,2277,15,3,1920000,a2095e16052ca5ce0a2c0f4e078a285a53d54e981434b517b52e2cd0548b384e,experiments/mirror_applications/ma-494-error-correcting-expert-ids/artifacts/payloads/49421_0_repeat3_L15_p0.1.pt
49421,0,15,repeat3,0.2,0.5722500085830688,0.42774999141693115,2277,15,3,1920000,a2095e16052ca5ce0a2c0f4e078a285a53d54e981434b517b52e2cd0548b384e,experiments/mirror_applications/ma-494-error-correcting-expert-ids/artifacts/payloads/49421_0_repeat3_L15_p0.2.pt
49421,1,5,binary,0,1.0,0.0,1957,5,1,640000,8012c37b15833d83b6e14b148862ff814bd182f14dd065320fd93ded3f5331d4,experiments/mirror_applications/ma-494-error-correcting-expert-ids/artifacts/payloads/49421_1_binary_L5_p0.pt
49421,1,5,binary,0.02,0.9017500281333923,0.09824997186660767,1957,5,1,640000,8012c37b15833d83b6e14b148862ff814bd182f14dd065320fd93ded3f5331d4,experiments/mirror_applications/ma-494-error-correcting-expert-ids/artifacts/payloads/49421_1_binary_L5_p0.02.pt
49421,1,5,binary,0.05,0.7680000066757202,0.23199999332427979,1957,5,1,640000,8012c37b15833d83b6e14b148862ff814bd182f14dd065320fd93ded3f5331d4,experiments/mirror_applications/ma-494-error-correcting-expert-ids/artifacts/payloads/49421_1_binary_L5_p0.05.pt
49421,1,5,binary,0.1,0.5820000171661377,0.4179999828338623,1957,5,1,640000,8012c37b15833d83b6e14b148862ff814bd182f14dd065320fd93ded3f5331d4,experiments/mirror_applications/ma-494-error-correcting-expert-ids/artifacts/payloads/49421_1_binary_L5_p0.1.pt
49421,1,5,binary,0.2,0.3334999978542328,0.6665000021457672,1957,5,1,640000,8012c37b15833d83b6e14b148862ff814bd182f14dd065320fd93ded3f5331d4,experiments/mirror_applications/ma-494-error-correcting-expert-ids/artifacts/payloads/49421_1_binary_L5_p0.2.pt
49421,1,7,ecoc,0,1.0,0.0,2021,7,1,896000,a3e33d0af04a1d1ba2d309794497f0ef2a84d8846a5fb2341abb6870f7a2defb,experiments/mirror_applications/ma-494-error-correcting-expert-ids/artifacts/payloads/49421_1_ecoc_L7_p0.pt
49421,1,7,ecoc,0.02,0.9190000295639038,0.08099997043609619,2021,7,1,896000,a3e33d0af04a1d1ba2d309794497f0ef2a84d8846a5fb2341abb6870f7a2defb,experiments/mirror_applications/ma-494-error-correcting-expert-ids/artifacts/payloads/49421_1_ecoc_L7_p0.02.pt
49421,1,7,ecoc,0.05,0.8012499809265137,0.19875001907348633,2021,7,1,896000,a3e33d0af04a1d1ba2d309794497f0ef2a84d8846a5fb2341abb6870f7a2defb,experiments/mirror_applications/ma-494-error-correcting-expert-ids/artifacts/payloads/49421_1_ecoc_L7_p0.05.pt
49421,1,7,ecoc,0.1,0.6244999766349792,0.37550002336502075,2021,7,1,896000,a3e33d0af04a1d1ba2d309794497f0ef2a84d8846a5fb2341abb6870f7a2defb,experiments/mirror_applications/ma-494-error-correcting-expert-ids/artifacts/payloads/49421_1_ecoc_L7_p0.1.pt
49421,1,7,ecoc,0.2,0.3472500145435333,0.6527499854564667,2021,7,1,896000,a3e33d0af04a1d1ba2d309794497f0ef2a84d8846a5fb2341abb6870f7a2defb,experiments/mirror_applications/ma-494-error-correcting-expert-ids/artifacts/payloads/49421_1_ecoc_L7_p0.2.pt
49421,1,9,ecoc,0,1.0,0.0,2085,9,2,1152000,bbf38c5a637285b3347ad129fbf35c72d1b391c0502fc9a2b561df5e89e9ea02,experiments/mirror_applications/ma-494-error-correcting-expert-ids/artifacts/payloads/49421_1_ecoc_L9_p0.pt
49421,1,9,ecoc,0.02,0.953499972820282,0.04650002717971802,2085,9,2,1152000,bbf38c5a637285b3347ad129fbf35c72d1b391c0502fc9a2b561df5e89e9ea02,experiments/mirror_applications/ma-494-error-correcting-expert-ids/artifacts/payloads/49421_1_ecoc_L9_p0.02.pt
49421,1,9,ecoc,0.05,0.871999979019165,0.12800002098083496,2085,9,2,1152000,bbf38c5a637285b3347ad129fbf35c72d1b391c0502fc9a2b561df5e89e9ea02,experiments/mirror_applications/ma-494-error-correcting-expert-ids/artifacts/payloads/49421_1_ecoc_L9_p0.05.pt
49421,1,9,ecoc,0.1,0.7304999828338623,0.2695000171661377,2085,9,2,1152000,bbf38c5a637285b3347ad129fbf35c72d1b391c0502fc9a2b561df5e89e9ea02,experiments/mirror_applications/ma-494-error-correcting-expert-ids/artifacts/payloads/49421_1_ecoc_L9_p0.1.pt
49421,1,9,ecoc,0.2,0.43525001406669617,0.5647499859333038,2085,9,2,1152000,bbf38c5a637285b3347ad129fbf35c72d1b391c0502fc9a2b561df5e89e9ea02,experiments/mirror_applications/ma-494-error-correcting-expert-ids/artifacts/payloads/49421_1_ecoc_L9_p0.2.pt
49421,1,11,ecoc,0,1.0,0.0,2149,11,2,1408000,ecafc38b0534545b5bd6a83673f2a234453e86c851095593479d93599c28346f,experiments/mirror_applications/ma-494-error-correcting-expert-ids/artifacts/payloads/49421_1_ecoc_L11_p0.pt
49421,1,11,ecoc,0.02,0.984250009059906,0.015749990940093994,2149,11,2,1408000,ecafc38b0534545b5bd6a83673f2a234453e86c851095593479d93599c28346f,experiments/mirror_applications/ma-494-error-correcting-expert-ids/artifacts/payloads/49421_1_ecoc_L11_p0.02.pt
49421,1,11,ecoc,0.05,0.9380000233650208,0.06199997663497925,2149,11,2,1408000,ecafc38b0534545b5bd6a83673f2a234453e86c851095593479d93599c28346f,experiments/mirror_applications/ma-494-error-correcting-expert-ids/artifacts/payloads/49421_1_ecoc_L11_p0.05.pt
49421,1,11,ecoc,0.1,0.8199999928474426,0.18000000715255737,2149,11,2,1408000,ecafc38b0534545b5bd6a83673f2a234453e86c851095593479d93599c28346f,experiments/mirror_applications/ma-494-error-correcting-expert-ids/artifacts/payloads/49421_1_ecoc_L11_p0.1.pt
49421,1,11,ecoc,0.2,0.49950000643730164,0.5004999935626984,2149,11,2,1408000,ecafc38b0534545b5bd6a83673f2a234453e86c851095593479d93599c28346f,experiments/mirror_applications/ma-494-error-correcting-expert-ids/artifacts/payloads/49421_1_ecoc_L11_p0.2.pt
49421,1,15,repeat3,0,1.0,0.0,2277,15,3,1920000,a2095e16052ca5ce0a2c0f4e078a285a53d54e981434b517b52e2cd0548b384e,experiments/mirror_applications/ma-494-error-correcting-expert-ids/artifacts/payloads/49421_1_repeat3_L15_p0.pt
49421,1,15,repeat3,0.02,0.9947500228881836,0.005249977111816406,2277,15,3,1920000,a2095e16052ca5ce0a2c0f4e078a285a53d54e981434b517b52e2cd0548b384e,experiments/mirror_applications/ma-494-error-correcting-expert-ids/artifacts/payloads/49421_1_repeat3_L15_p0.02.pt
49421,1,15,repeat3,0.05,0.9637500047683716,0.03624999523162842,2277,15,3,1920000,a2095e16052ca5ce0a2c0f4e078a285a53d54e981434b517b52e2cd0548b384e,experiments/mirror_applications/ma-494-error-correcting-expert-ids/artifacts/payloads/49421_1_repeat3_L15_p0.05.pt
49421,1,15,repeat3,0.1,0.8677499890327454,0.13225001096725464,2277,15,3,1920000,a2095e16052ca5ce0a2c0f4e078a285a53d54e981434b517b52e2cd0548b384e,experiments/mirror_applications/ma-494-error-correcting-expert-ids/artifacts/payloads/49421_1_repeat3_L15_p0.1.pt
49421,1,15,repeat3,0.2,0.5612499713897705,0.4387500286102295,2277,15,3,1920000,a2095e16052ca5ce0a2c0f4e078a285a53d54e981434b517b52e2cd0548b384e,experiments/mirror_applications/ma-494-error-correcting-expert-ids/artifacts/payloads/49421_1_repeat3_L15_p0.2.pt
49421,2,5,binary,0,1.0,0.0,1957,5,1,640000,8012c37b15833d83b6e14b148862ff814bd182f14dd065320fd93ded3f5331d4,experiments/mirror_applications/ma-494-error-correcting-expert-ids/artifacts/payloads/49421_2_binary_L5_p0.pt
49421,2,5,binary,0.02,0.9047499895095825,0.09525001049041748,1957,5,1,640000,8012c37b15833d83b6e14b148862ff814bd182f14dd065320fd93ded3f5331d4,experiments/mirror_applications/ma-494-error-correcting-expert-ids/artifacts/payloads/49421_2_binary_L5_p0.02.pt
49421,2,5,binary,0.05,0.7770000100135803,0.22299998998641968,1957,5,1,640000,8012c37b15833d83b6e14b148862ff814bd182f14dd065320fd93ded3f5331d4,experiments/mirror_applications/ma-494-error-correcting-expert-ids/artifacts/payloads/49421_2_binary_L5_p0.05.pt
49421,2,5,binary,0.1,0.5882499814033508,0.41175001859664917,1957,5,1,640000,8012c37b15833d83b6e14b148862ff814bd182f14dd065320fd93ded3f5331d4,experiments/mirror_applications/ma-494-error-correcting-expert-ids/artifacts/payloads/49421_2_binary_L5_p0.1.pt
49421,2,5,binary,0.2,0.3232499957084656,0.6767500042915344,1957,5,1,640000,8012c37b15833d83b6e14b148862ff814bd182f14dd065320fd93ded3f5331d4,experiments/mirror_applications/ma-494-error-correcting-expert-ids/artifacts/payloads/49421_2_binary_L5_p0.2.pt
49421,2,7,ecoc,0,1.0,0.0,2021,7,1,896000,a3e33d0af04a1d1ba2d309794497f0ef2a84d8846a5fb2341abb6870f7a2defb,experiments/mirror_applications/ma-494-error-correcting-expert-ids/artifacts/payloads/49421_2_ecoc_L7_p0.pt
49421,2,7,ecoc,0.02,0.906499981880188,0.09350001811981201,2021,7,1,896000,a3e33d0af04a1d1ba2d309794497f0ef2a84d8846a5fb2341abb6870f7a2defb,experiments/mirror_applications/ma-494-error-correcting-expert-ids/artifacts/payloads/49421_2_ecoc_L7_p0.02.pt
49421,2,7,ecoc,0.05,0.7992500066757202,0.20074999332427979,2021,7,1,896000,a3e33d0af04a1d1ba2d309794497f0ef2a84d8846a5fb2341abb6870f7a2defb,experiments/mirror_applications/ma-494-error-correcting-expert-ids/artifacts/payloads/49421_2_ecoc_L7_p0.05.pt
49421,2,7,ecoc,0.1,0.6142500042915344,0.3857499957084656,2021,7,1,896000,a3e33d0af04a1d1ba2d309794497f0ef2a84d8846a5fb2341abb6870f7a2defb,experiments/mirror_applications/ma-494-error-correcting-expert-ids/artifacts/payloads/49421_2_ecoc_L7_p0.1.pt
49421,2,7,ecoc,0.2,0.33799999952316284,0.6620000004768372,2021,7,1,896000,a3e33d0af04a1d1ba2d309794497f0ef2a84d8846a5fb2341abb6870f7a2defb,experiments/mirror_applications/ma-494-error-correcting-expert-ids/artifacts/payloads/49421_2_ecoc_L7_p0.2.pt
49421,2,9,ecoc,0,1.0,0.0,2085,9,2,1152000,bbf38c5a637285b3347ad129fbf35c72d1b391c0502fc9a2b561df5e89e9ea02,experiments/mirror_applications/ma-494-error-correcting-expert-ids/artifacts/payloads/49421_2_ecoc_L9_p0.pt
49421,2,9,ecoc,0.02,0.9559999704360962,0.04400002956390381,2085,9,2,1152000,bbf38c5a637285b3347ad129fbf35c72d1b391c0502fc9a2b561df5e89e9ea02,experiments/mirror_applications/ma-494-error-correcting-expert-ids/artifacts/payloads/49421_2_ecoc_L9_p0.02.pt
49421,2,9,ecoc,0.05,0.8707500100135803,0.12924998998641968,2085,9,2,1152000,bbf38c5a637285b3347ad129fbf35c72d1b391c0502fc9a2b561df5e89e9ea02,experiments/mirror_applications/ma-494-error-correcting-expert-ids/artifacts/payloads/49421_2_ecoc_L9_p0.05.pt
49421,2,9,ecoc,0.1,0.7192500233650208,0.28074997663497925,2085,9,2,1152000,bbf38c5a637285b3347ad129fbf35c72d1b391c0502fc9a2b561df5e89e9ea02,experiments/mirror_applications/ma-494-error-correcting-expert-ids/artifacts/payloads/49421_2_ecoc_L9_p0.1.pt
49421,2,9,ecoc,0.2,0.44449999928474426,0.5555000007152557,2085,9,2,1152000,bbf38c5a637285b3347ad129fbf35c72d1b391c0502fc9a2b561df5e89e9ea02,experiments/mirror_applications/ma-494-error-correcting-expert-ids/artifacts/payloads/49421_2_ecoc_L9_p0.2.pt
49421,2,11,ecoc,0,1.0,0.0,2149,11,2,1408000,ecafc38b0534545b5bd6a83673f2a234453e86c851095593479d93599c28346f,experiments/mirror_applications/ma-494-error-correcting-expert-ids/artifacts/payloads/49421_2_ecoc_L11_p0.pt
49421,2,11,ecoc,0.02,0.984000027179718,0.015999972820281982,2149,11,2,1408000,ecafc38b0534545b5bd6a83673f2a234453e86c851095593479d93599c28346f,experiments/mirror_applications/ma-494-error-correcting-expert-ids/artifacts/payloads/49421_2_ecoc_L11_p0.02.pt
49421,2,11,ecoc,0.05,0.9304999709129333,0.06950002908706665,2149,11,2,1408000,ecafc38b0534545b5bd6a83673f2a234453e86c851095593479d93599c28346f,experiments/mirror_applications/ma-494-error-correcting-expert-ids/artifacts/payloads/49421_2_ecoc_L11_p0.05.pt
49421,2,11,ecoc,0.1,0.8117499947547913,0.18825000524520874,2149,11,2,1408000,ecafc38b0534545b5bd6a83673f2a234453e86c851095593479d93599c28346f,experiments/mirror_applications/ma-494-error-correcting-expert-ids/artifacts/payloads/49421_2_ecoc_L11_p0.1.pt
49421,2,11,ecoc,0.2,0.5037500262260437,0.4962499737739563,2149,11,2,1408000,ecafc38b0534545b5bd6a83673f2a234453e86c851095593479d93599c28346f,experiments/mirror_applications/ma-494-error-correcting-expert-ids/artifacts/payloads/49421_2_ecoc_L11_p0.2.pt
49421,2,15,repeat3,0,1.0,0.0,2277,15,3,1920000,a2095e16052ca5ce0a2c0f4e078a285a53d54e981434b517b52e2cd0548b384e,experiments/mirror_applications/ma-494-error-correcting-expert-ids/artifacts/payloads/49421_2_repeat3_L15_p0.pt
49421,2,15,repeat3,0.02,0.9922500252723694,0.007749974727630615,2277,15,3,1920000,a2095e16052ca5ce0a2c0f4e078a285a53d54e981434b517b52e2cd0548b384e,experiments/mirror_applications/ma-494-error-correcting-expert-ids/artifacts/payloads/49421_2_repeat3_L15_p0.02.pt
49421,2,15,repeat3,0.05,0.9635000228881836,0.036499977111816406,2277,15,3,1920000,a2095e16052ca5ce0a2c0f4e078a285a53d54e981434b517b52e2cd0548b384e,experiments/mirror_applications/ma-494-error-correcting-expert-ids/artifacts/payloads/49421_2_repeat3_L15_p0.05.pt
49421,2,15,repeat3,0.1,0.8690000176429749,0.13099998235702515,2277,15,3,1920000,a2095e16052ca5ce0a2c0f4e078a285a53d54e981434b517b52e2cd0548b384e,experiments/mirror_applications/ma-494-error-correcting-expert-ids/artifacts/payloads/49421_2_repeat3_L15_p0.1.pt
49421,2,15,repeat3,0.2,0.5799999833106995,0.42000001668930054,2277,15,3,1920000,a2095e16052ca5ce0a2c0f4e078a285a53d54e981434b517b52e2cd0548b384e,experiments/mirror_applications/ma-494-error-correcting-expert-ids/artifacts/payloads/49421_2_repeat3_L15_p0.2.pt
49422,0,5,binary,0,1.0,0.0,1957,5,1,640000,8012c37b15833d83b6e14b148862ff814bd182f14dd065320fd93ded3f5331d4,experiments/mirror_applications/ma-494-error-correcting-expert-ids/artifacts/payloads/49422_0_binary_L5_p0.pt
49422,0,5,binary,0.02,0.8995000123977661,0.10049998760223389,1957,5,1,640000,8012c37b15833d83b6e14b148862ff814bd182f14dd065320fd93ded3f5331d4,experiments/mirror_applications/ma-494-error-correcting-expert-ids/artifacts/payloads/49422_0_binary_L5_p0.02.pt
49422,0,5,binary,0.05,0.7745000123977661,0.2254999876022339,1957,5,1,640000,8012c37b15833d83b6e14b148862ff814bd182f14dd065320fd93ded3f5331d4,experiments/mirror_applications/ma-494-error-correcting-expert-ids/artifacts/payloads/49422_0_binary_L5_p0.05.pt
49422,0,5,binary,0.1,0.5814999938011169,0.41850000619888306,1957,5,1,640000,8012c37b15833d83b6e14b148862ff814bd182f14dd065320fd93ded3f5331d4,experiments/mirror_applications/ma-494-error-correcting-expert-ids/artifacts/payloads/49422_0_binary_L5_p0.1.pt
49422,0,5,binary,0.2,0.328000009059906,0.671999990940094,1957,5,1,640000,8012c37b15833d83b6e14b148862ff814bd182f14dd065320fd93ded3f5331d4,experiments/mirror_applications/ma-494-error-correcting-expert-ids/artifacts/payloads/49422_0_binary_L5_p0.2.pt
49422,0,7,ecoc,0,1.0,0.0,2021,7,1,896000,a3e33d0af04a1d1ba2d309794497f0ef2a84d8846a5fb2341abb6870f7a2defb,experiments/mirror_applications/ma-494-error-correcting-expert-ids/artifacts/payloads/49422_0_ecoc_L7_p0.pt
49422,0,7,ecoc,0.02,0.9160000085830688,0.08399999141693115,2021,7,1,896000,a3e33d0af04a1d1ba2d309794497f0ef2a84d8846a5fb2341abb6870f7a2defb,experiments/mirror_applications/ma-494-error-correcting-expert-ids/artifacts/payloads/49422_0_ecoc_L7_p0.02.pt
49422,0,7,ecoc,0.05,0.796750009059906,0.203249990940094,2021,7,1,896000,a3e33d0af04a1d1ba2d309794497f0ef2a84d8846a5fb2341abb6870f7a2defb,experiments/mirror_applications/ma-494-error-correcting-expert-ids/artifacts/payloads/49422_0_ecoc_L7_p0.05.pt
49422,0,7,ecoc,0.1,0.6294999718666077,0.37050002813339233,2021,7,1,896000,a3e33d0af04a1d1ba2d309794497f0ef2a84d8846a5fb2341abb6870f7a2defb,experiments/mirror_applications/ma-494-error-correcting-expert-ids/artifacts/payloads/49422_0_ecoc_L7_p0.1.pt
49422,0,7,ecoc,0.2,0.3552500009536743,0.6447499990463257,2021,7,1,896000,a3e33d0af04a1d1ba2d309794497f0ef2a84d8846a5fb2341abb6870f7a2defb,experiments/mirror_applications/ma-494-error-correcting-expert-ids/artifacts/payloads/49422_0_ecoc_L7_p0.2.pt
49422,0,9,ecoc,0,1.0,0.0,2085,9,2,1152000,bbf38c5a637285b3347ad129fbf35c72d1b391c0502fc9a2b561df5e89e9ea02,experiments/mirror_applications/ma-494-error-correcting-expert-ids/artifacts/payloads/49422_0_ecoc_L9_p0.pt
49422,0,9,ecoc,0.02,0.953499972820282,0.04650002717971802,2085,9,2,1152000,bbf38c5a637285b3347ad129fbf35c72d1b391c0502fc9a2b561df5e89e9ea02,experiments/mirror_applications/ma-494-error-correcting-expert-ids/artifacts/payloads/49422_0_ecoc_L9_p0.02.pt
49422,0,9,ecoc,0.05,0.8732500076293945,0.12674999237060547,2085,9,2,1152000,bbf38c5a637285b3347ad129fbf35c72d1b391c0502fc9a2b561df5e89e9ea02,experiments/mirror_applications/ma-494-error-correcting-expert-ids/artifacts/payloads/49422_0_ecoc_L9_p0.05.pt
49422,0,9,ecoc,0.1,0.7404999732971191,0.25950002670288086,2085,9,2,1152000,bbf38c5a637285b3347ad129fbf35c72d1b391c0502fc9a2b561df5e89e9ea02,experiments/mirror_applications/ma-494-error-correcting-expert-ids/artifacts/payloads/49422_0_ecoc_L9_p0.1.pt
49422,0,9,ecoc,0.2,0.429500013589859,0.570499986410141,2085,9,2,1152000,bbf38c5a637285b3347ad129fbf35c72d1b391c0502fc9a2b561df5e89e9ea02,experiments/mirror_applications/ma-494-error-correcting-expert-ids/artifacts/payloads/49422_0_ecoc_L9_p0.2.pt
49422,0,11,ecoc,0,1.0,0.0,2149,11,2,1408000,ecafc38b0534545b5bd6a83673f2a234453e86c851095593479d93599c28346f,experiments/mirror_applications/ma-494-error-correcting-expert-ids/artifacts/payloads/49422_0_ecoc_L11_p0.pt
49422,0,11,ecoc,0.02,0.984749972820282,0.015250027179718018,2149,11,2,1408000,ecafc38b0534545b5bd6a83673f2a234453e86c851095593479d93599c28346f,experiments/mirror_applications/ma-494-error-correcting-expert-ids/artifacts/payloads/49422_0_ecoc_L11_p0.02.pt
49422,0,11,ecoc,0.05,0.9332500100135803,0.06674998998641968,2149,11,2,1408000,ecafc38b0534545b5bd6a83673f2a234453e86c851095593479d93599c28346f,experiments/mirror_applications/ma-494-error-correcting-expert-ids/artifacts/payloads/49422_0_ecoc_L11_p0.05.pt
49422,0,11,ecoc,0.1,0.8232499957084656,0.17675000429153442,2149,11,2,1408000,ecafc38b0534545b5bd6a83673f2a234453e86c851095593479d93599c28346f,experiments/mirror_applications/ma-494-error-correcting-expert-ids/artifacts/payloads/49422_0_ecoc_L11_p0.1.pt
49422,0,11,ecoc,0.2,0.5172500014305115,0.4827499985694885,2149,11,2,1408000,ecafc38b0534545b5bd6a83673f2a234453e86c851095593479d93599c28346f,experiments/mirror_applications/ma-494-error-correcting-expert-ids/artifacts/payloads/49422_0_ecoc_L11_p0.2.pt
49422,0,15,repeat3,0,1.0,0.0,2277,15,3,1920000,a2095e16052ca5ce0a2c0f4e078a285a53d54e981434b517b52e2cd0548b384e,experiments/mirror_applications/ma-494-error-correcting-expert-ids/artifacts/payloads/49422_0_repeat3_L15_p0.pt
49422,0,15,repeat3,0.02,0.9944999814033508,0.00550001859664917,2277,15,3,1920000,a2095e16052ca5ce0a2c0f4e078a285a53d54e981434b517b52e2cd0548b384e,experiments/mirror_applications/ma-494-error-correcting-expert-ids/artifacts/payloads/49422_0_repeat3_L15_p0.02.pt
49422,0,15,repeat3,0.05,0.9629999995231628,0.03700000047683716,2277,15,3,1920000,a2095e16052ca5ce0a2c0f4e078a285a53d54e981434b517b52e2cd0548b384e,experiments/mirror_applications/ma-494-error-correcting-expert-ids/artifacts/payloads/49422_0_repeat3_L15_p0.05.pt
49422,0,15,repeat3,0.1,0.8669999837875366,0.13300001621246338,2277,15,3,1920000,a2095e16052ca5ce0a2c0f4e078a285a53d54e981434b517b52e2cd0548b384e,experiments/mirror_applications/ma-494-error-correcting-expert-ids/artifacts/payloads/49422_0_repeat3_L15_p0.1.pt
49422,0,15,repeat3,0.2,0.578499972820282,0.421500027179718,2277,15,3,1920000,a2095e16052ca5ce0a2c0f4e078a285a53d54e981434b517b52e2cd0548b384e,experiments/mirror_applications/ma-494-error-correcting-expert-ids/artifacts/payloads/49422_0_repeat3_L15_p0.2.pt
49422,1,5,binary,0,1.0,0.0,1957,5,1,640000,8012c37b15833d83b6e14b148862ff814bd182f14dd065320fd93ded3f5331d4,experiments/mirror_applications/ma-494-error-correcting-expert-ids/artifacts/payloads/49422_1_binary_L5_p0.pt
49422,1,5,binary,0.02,0.9024999737739563,0.0975000262260437,1957,5,1,640000,8012c37b15833d83b6e14b148862ff814bd182f14dd065320fd93ded3f5331d4,experiments/mirror_applications/ma-494-error-correcting-expert-ids/artifacts/payloads/49422_1_binary_L5_p0.02.pt
49422,1,5,binary,0.05,0.78125,0.21875,1957,5,1,640000,8012c37b15833d83b6e14b148862ff814bd182f14dd065320fd93ded3f5331d4,experiments/mirror_applications/ma-494-error-correcting-expert-ids/artifacts/payloads/49422_1_binary_L5_p0.05.pt
49422,1,5,binary,0.1,0.5985000133514404,0.40149998664855957,1957,5,1,640000,8012c37b15833d83b6e14b148862ff814bd182f14dd065320fd93ded3f5331d4,experiments/mirror_applications/ma-494-error-correcting-expert-ids/artifacts/payloads/49422_1_binary_L5_p0.1.pt
49422,1,5,binary,0.2,0.335999995470047,0.664000004529953,1957,5,1,640000,8012c37b15833d83b6e14b148862ff814bd182f14dd065320fd93ded3f5331d4,experiments/mirror_applications/ma-494-error-correcting-expert-ids/artifacts/payloads/49422_1_binary_L5_p0.2.pt
49422,1,7,ecoc,0,1.0,0.0,2021,7,1,896000,a3e33d0af04a1d1ba2d309794497f0ef2a84d8846a5fb2341abb6870f7a2defb,experiments/mirror_applications/ma-494-error-correcting-expert-ids/artifacts/payloads/49422_1_ecoc_L7_p0.pt
49422,1,7,ecoc,0.02,0.9185000061988831,0.08149999380111694,2021,7,1,896000,a3e33d0af04a1d1ba2d309794497f0ef2a84d8846a5fb2341abb6870f7a2defb,experiments/mirror_applications/ma-494-error-correcting-expert-ids/artifacts/payloads/49422_1_ecoc_L7_p0.02.pt
49422,1,7,ecoc,0.05,0.7985000014305115,0.20149999856948853,2021,7,1,896000,a3e33d0af04a1d1ba2d309794497f0ef2a84d8846a5fb2341abb6870f7a2defb,experiments/mirror_applications/ma-494-error-correcting-expert-ids/artifacts/payloads/49422_1_ecoc_L7_p0.05.pt
49422,1,7,ecoc,0.1,0.6340000033378601,0.3659999966621399,2021,7,1,896000,a3e33d0af04a1d1ba2d309794497f0ef2a84d8846a5fb2341abb6870f7a2defb,experiments/mirror_applications/ma-494-error-correcting-expert-ids/artifacts/payloads/49422_1_ecoc_L7_p0.1.pt
49422,1,7,ecoc,0.2,0.351749986410141,0.648250013589859,2021,7,1,896000,a3e33d0af04a1d1ba2d309794497f0ef2a84d8846a5fb2341abb6870f7a2defb,experiments/mirror_applications/ma-494-error-correcting-expert-ids/artifacts/payloads/49422_1_ecoc_L7_p0.2.pt
49422,1,9,ecoc,0,1.0,0.0,2085,9,2,1152000,bbf38c5a637285b3347ad129fbf35c72d1b391c0502fc9a2b561df5e89e9ea02,experiments/mirror_applications/ma-494-error-correcting-expert-ids/artifacts/payloads/49422_1_ecoc_L9_p0.pt
49422,1,9,ecoc,0.02,0.952750027179718,0.04724997282028198,2085,9,2,1152000,bbf38c5a637285b3347ad129fbf35c72d1b391c0502fc9a2b561df5e89e9ea02,experiments/mirror_applications/ma-494-error-correcting-expert-ids/artifacts/payloads/49422_1_ecoc_L9_p0.02.pt
49422,1,9,ecoc,0.05,0.8822500109672546,0.11774998903274536,2085,9,2,1152000,bbf38c5a637285b3347ad129fbf35c72d1b391c0502fc9a2b561df5e89e9ea02,experiments/mirror_applications/ma-494-error-correcting-expert-ids/artifacts/payloads/49422_1_ecoc_L9_p0.05.pt
49422,1,9,ecoc,0.1,0.7222499847412109,0.27775001525878906,2085,9,2,1152000,bbf38c5a637285b3347ad129fbf35c72d1b391c0502fc9a2b561df5e89e9ea02,experiments/mirror_applications/ma-494-error-correcting-expert-ids/artifacts/payloads/49422_1_ecoc_L9_p0.1.pt
49422,1,9,ecoc,0.2,0.4332500100135803,0.5667499899864197,2085,9,2,1152000,bbf38c5a637285b3347ad129fbf35c72d1b391c0502fc9a2b561df5e89e9ea02,experiments/mirror_applications/ma-494-error-correcting-expert-ids/artifacts/payloads/49422_1_ecoc_L9_p0.2.pt
49422,1,11,ecoc,0,1.0,0.0,2149,11,2,1408000,ecafc38b0534545b5bd6a83673f2a234453e86c851095593479d93599c28346f,experiments/mirror_applications/ma-494-error-correcting-expert-ids/artifacts/payloads/49422_1_ecoc_L11_p0.pt
49422,1,11,ecoc,0.02,0.9869999885559082,0.013000011444091797,2149,11,2,1408000,ecafc38b0534545b5bd6a83673f2a234453e86c851095593479d93599c28346f,experiments/mirror_applications/ma-494-error-correcting-expert-ids/artifacts/payloads/49422_1_ecoc_L11_p0.02.pt
49422,1,11,ecoc,0.05,0.9369999766349792,0.06300002336502075,2149,11,2,1408000,ecafc38b0534545b5bd6a83673f2a234453e86c851095593479d93599c28346f,experiments/mirror_applications/ma-494-error-correcting-expert-ids/artifacts/payloads/49422_1_ecoc_L11_p0.05.pt
49422,1,11,ecoc,0.1,0.8137500286102295,0.1862499713897705,2149,11,2,1408000,ecafc38b0534545b5bd6a83673f2a234453e86c851095593479d93599c28346f,experiments/mirror_applications/ma-494-error-correcting-expert-ids/artifacts/payloads/49422_1_ecoc_L11_p0.1.pt
49422,1,11,ecoc,0.2,0.5,0.5,2149,11,2,1408000,ecafc38b0534545b5bd6a83673f2a234453e86c851095593479d93599c28346f,experiments/mirror_applications/ma-494-error-correcting-expert-ids/artifacts/payloads/49422_1_ecoc_L11_p0.2.pt
49422,1,15,repeat3,0,1.0,0.0,2277,15,3,1920000,a2095e16052ca5ce0a2c0f4e078a285a53d54e981434b517b52e2cd0548b384e,experiments/mirror_applications/ma-494-error-correcting-expert-ids/artifacts/payloads/49422_1_repeat3_L15_p0.pt
49422,1,15,repeat3,0.02,0.9909999966621399,0.009000003337860107,2277,15,3,1920000,a2095e16052ca5ce0a2c0f4e078a285a53d54e981434b517b52e2cd0548b384e,experiments/mirror_applications/ma-494-error-correcting-expert-ids/artifacts/payloads/49422_1_repeat3_L15_p0.02.pt
49422,1,15,repeat3,0.05,0.9624999761581421,0.03750002384185791,2277,15,3,1920000,a2095e16052ca5ce0a2c0f4e078a285a53d54e981434b517b52e2cd0548b384e,experiments/mirror_applications/ma-494-error-correcting-expert-ids/artifacts/payloads/49422_1_repeat3_L15_p0.05.pt
49422,1,15,repeat3,0.1,0.8684999942779541,0.1315000057220459,2277,15,3,1920000,a2095e16052ca5ce0a2c0f4e078a285a53d54e981434b517b52e2cd0548b384e,experiments/mirror_applications/ma-494-error-correcting-expert-ids/artifacts/payloads/49422_1_repeat3_L15_p0.1.pt
49422,1,15,repeat3,0.2,0.5742499828338623,0.4257500171661377,2277,15,3,1920000,a2095e16052ca5ce0a2c0f4e078a285a53d54e981434b517b52e2cd0548b384e,experiments/mirror_applications/ma-494-error-correcting-expert-ids/artifacts/payloads/49422_1_repeat3_L15_p0.2.pt
49422,2,5,binary,0,1.0,0.0,1957,5,1,640000,8012c37b15833d83b6e14b148862ff814bd182f14dd065320fd93ded3f5331d4,experiments/mirror_applications/ma-494-error-correcting-expert-ids/artifacts/payloads/49422_2_binary_L5_p0.pt
49422,2,5,binary,0.02,0.8972499966621399,0.10275000333786011,1957,5,1,640000,8012c37b15833d83b6e14b148862ff814bd182f14dd065320fd93ded3f5331d4,experiments/mirror_applications/ma-494-error-correcting-expert-ids/artifacts/payloads/49422_2_binary_L5_p0.02.pt
49422,2,5,binary,0.05,0.7772499918937683,0.2227500081062317,1957,5,1,640000,8012c37b15833d83b6e14b148862ff814bd182f14dd065320fd93ded3f5331d4,experiments/mirror_applications/ma-494-error-correcting-expert-ids/artifacts/payloads/49422_2_binary_L5_p0.05.pt
49422,2,5,binary,0.1,0.590499997138977,0.40950000286102295,1957,5,1,640000,8012c37b15833d83b6e14b148862ff814bd182f14dd065320fd93ded3f5331d4,experiments/mirror_applications/ma-494-error-correcting-expert-ids/artifacts/payloads/49422_2_binary_L5_p0.1.pt
49422,2,5,binary,0.2,0.3255000114440918,0.6744999885559082,1957,5,1,640000,8012c37b15833d83b6e14b148862ff814bd182f14dd065320fd93ded3f5331d4,experiments/mirror_applications/ma-494-error-correcting-expert-ids/artifacts/payloads/49422_2_binary_L5_p0.2.pt
49422,2,7,ecoc,0,1.0,0.0,2021,7,1,896000,a3e33d0af04a1d1ba2d309794497f0ef2a84d8846a5fb2341abb6870f7a2defb,experiments/mirror_applications/ma-494-error-correcting-expert-ids/artifacts/payloads/49422_2_ecoc_L7_p0.pt
49422,2,7,ecoc,0.02,0.9139999747276306,0.08600002527236938,2021,7,1,896000,a3e33d0af04a1d1ba2d309794497f0ef2a84d8846a5fb2341abb6870f7a2defb,experiments/mirror_applications/ma-494-error-correcting-expert-ids/artifacts/payloads/49422_2_ecoc_L7_p0.02.pt
49422,2,7,ecoc,0.05,0.7922499775886536,0.20775002241134644,2021,7,1,896000,a3e33d0af04a1d1ba2d309794497f0ef2a84d8846a5fb2341abb6870f7a2defb,experiments/mirror_applications/ma-494-error-correcting-expert-ids/artifacts/payloads/49422_2_ecoc_L7_p0.05.pt
49422,2,7,ecoc,0.1,0.637499988079071,0.36250001192092896,2021,7,1,896000,a3e33d0af04a1d1ba2d309794497f0ef2a84d8846a5fb2341abb6870f7a2defb,experiments/mirror_applications/ma-494-error-correcting-expert-ids/artifacts/payloads/49422_2_ecoc_L7_p0.1.pt
49422,2,7,ecoc,0.2,0.3467499911785126,0.6532500088214874,2021,7,1,896000,a3e33d0af04a1d1ba2d309794497f0ef2a84d8846a5fb2341abb6870f7a2defb,experiments/mirror_applications/ma-494-error-correcting-expert-ids/artifacts/payloads/49422_2_ecoc_L7_p0.2.pt
49422,2,9,ecoc,0,1.0,0.0,2085,9,2,1152000,bbf38c5a637285b3347ad129fbf35c72d1b391c0502fc9a2b561df5e89e9ea02,experiments/mirror_applications/ma-494-error-correcting-expert-ids/artifacts/payloads/49422_2_ecoc_L9_p0.pt
49422,2,9,ecoc,0.02,0.9614999890327454,0.03850001096725464,2085,9,2,1152000,bbf38c5a637285b3347ad129fbf35c72d1b391c0502fc9a2b561df5e89e9ea02,experiments/mirror_applications/ma-494-error-correcting-expert-ids/artifacts/payloads/49422_2_ecoc_L9_p0.02.pt
49422,2,9,ecoc,0.05,0.8787500262260437,0.1212499737739563,2085,9,2,1152000,bbf38c5a637285b3347ad129fbf35c72d1b391c0502fc9a2b561df5e89e9ea02,experiments/mirror_applications/ma-494-error-correcting-expert-ids/artifacts/payloads/49422_2_ecoc_L9_p0.05.pt
49422,2,9,ecoc,0.1,0.7352499961853027,0.26475000381469727,2085,9,2,1152000,bbf38c5a637285b3347ad129fbf35c72d1b391c0502fc9a2b561df5e89e9ea02,experiments/mirror_applications/ma-494-error-correcting-expert-ids/artifacts/payloads/49422_2_ecoc_L9_p0.1.pt
49422,2,9,ecoc,0.2,0.43950000405311584,0.5604999959468842,2085,9,2,1152000,bbf38c5a637285b3347ad129fbf35c72d1b391c0502fc9a2b561df5e89e9ea02,experiments/mirror_applications/ma-494-error-correcting-expert-ids/artifacts/payloads/49422_2_ecoc_L9_p0.2.pt
49422,2,11,ecoc,0,1.0,0.0,2149,11,2,1408000,ecafc38b0534545b5bd6a83673f2a234453e86c851095593479d93599c28346f,experiments/mirror_applications/ma-494-error-correcting-expert-ids/artifacts/payloads/49422_2_ecoc_L11_p0.pt
49422,2,11,ecoc,0.02,0.9810000061988831,0.018999993801116943,2149,11,2,1408000,ecafc38b0534545b5bd6a83673f2a234453e86c851095593479d93599c28346f,experiments/mirror_applications/ma-494-error-correcting-expert-ids/artifacts/payloads/49422_2_ecoc_L11_p0.02.pt
49422,2,11,ecoc,0.05,0.9384999871253967,0.06150001287460327,2149,11,2,1408000,ecafc38b0534545b5bd6a83673f2a234453e86c851095593479d93599c28346f,experiments/mirror_applications/ma-494-error-correcting-expert-ids/artifacts/payloads/49422_2_ecoc_L11_p0.05.pt
49422,2,11,ecoc,0.1,0.8242499828338623,0.1757500171661377,2149,11,2,1408000,ecafc38b0534545b5bd6a83673f2a234453e86c851095593479d93599c28346f,experiments/mirror_applications/ma-494-error-correcting-expert-ids/artifacts/payloads/49422_2_ecoc_L11_p0.1.pt
49422,2,11,ecoc,0.2,0.515749990940094,0.484250009059906,2149,11,2,1408000,ecafc38b0534545b5bd6a83673f2a234453e86c851095593479d93599c28346f,experiments/mirror_applications/ma-494-error-correcting-expert-ids/artifacts/payloads/49422_2_ecoc_L11_p0.2.pt
49422,2,15,repeat3,0,1.0,0.0,2277,15,3,1920000,a2095e16052ca5ce0a2c0f4e078a285a53d54e981434b517b52e2cd0548b384e,experiments/mirror_applications/ma-494-error-correcting-expert-ids/artifacts/payloads/49422_2_repeat3_L15_p0.pt
49422,2,15,repeat3,0.02,0.9919999837875366,0.008000016212463379,2277,15,3,1920000,a2095e16052ca5ce0a2c0f4e078a285a53d54e981434b517b52e2cd0548b384e,experiments/mirror_applications/ma-494-error-correcting-expert-ids/artifacts/payloads/49422_2_repeat3_L15_p0.02.pt
49422,2,15,repeat3,0.05,0.9635000228881836,0.036499977111816406,2277,15,3,1920000,a2095e16052ca5ce0a2c0f4e078a285a53d54e981434b517b52e2cd0548b384e,experiments/mirror_applications/ma-494-error-correcting-expert-ids/artifacts/payloads/49422_2_repeat3_L15_p0.05.pt
49422,2,15,repeat3,0.1,0.8759999871253967,0.12400001287460327,2277,15,3,1920000,a2095e16052ca5ce0a2c0f4e078a285a53d54e981434b517b52e2cd0548b384e,experiments/mirror_applications/ma-494-error-correcting-expert-ids/artifacts/payloads/49422_2_repeat3_L15_p0.1.pt
49422,2,15,repeat3,0.2,0.5667499899864197,0.4332500100135803,2277,15,3,1920000,a2095e16052ca5ce0a2c0f4e078a285a53d54e981434b517b52e2cd0548b384e,experiments/mirror_applications/ma-494-error-correcting-expert-ids/artifacts/payloads/49422_2_repeat3_L15_p0.2.pt
