condition,world_or_seed,method,serialized_bytes,train_tokens_or_examples,optimizer_updates,active_compute_proxy,wall_time_s,primary_metric,primary_value,secondary_metric,secondary_value,status_note
development,53301,none,0,0,0,0,13.078584,heldout_mean_gold_candidate_logprob,-13.321806,accuracy/margin/FVU/latent sparsity/dictionary+code+standalone bytes/compute,accuracy=0.218750;gold_logprob=-13.321806;margin=-2.763688;FVU=0.015927;latent_density=0.015596;dictionary_bytes=0;code_bytes=0;standalone_bytes=168144624;SAE_bytes=0;capture_s=0.000000;fit_s=0.000000;coding_s=0.000000;inference_s=2.096827;candidate_tokens=2016;fresh_sealed,FAIL; frozen dev only; fresh locked
development,53301,explicit_fv,34214,0,0,0,12.948252,heldout_mean_gold_candidate_logprob,-10.292674,accuracy/margin/FVU/latent sparsity/dictionary+code+standalone bytes/compute,accuracy=0.312500;gold_logprob=-10.292674;margin=-2.414908;FVU=0.015927;latent_density=0.015596;dictionary_bytes=0;code_bytes=34214;standalone_bytes=168178838;SAE_bytes=0;capture_s=0.000000;fit_s=0.000000;coding_s=0.000000;inference_s=1.966495;candidate_tokens=2016;fresh_sealed,FAIL; frozen dev only; fresh locked
development,53301,shared_transcoder_pool16,36294,6371,1000,805509922816,38.259335,heldout_mean_gold_candidate_logprob,-12.692569,accuracy/margin/FVU/latent sparsity/dictionary+code+standalone bytes/compute,accuracy=0.218750;gold_logprob=-12.692569;margin=-2.626520;FVU=0.015927;latent_density=0.015596;dictionary_bytes=32800;code_bytes=3494;standalone_bytes=168180918;SAE_bytes=0;capture_s=5.434091;fit_s=19.476186;coding_s=0.007233;inference_s=2.303934;candidate_tokens=2016;fresh_sealed,FAIL; frozen dev only; fresh locked
development,53301,global_transcoder_omp16,4197810,6371,1000,805776261120,37.833877,heldout_mean_gold_candidate_logprob,-12.414637,accuracy/margin/FVU/latent sparsity/dictionary+code+standalone bytes/compute,accuracy=0.250000;gold_logprob=-12.414637;margin=-2.612098;FVU=0.015927;latent_density=0.015596;dictionary_bytes=4194304;code_bytes=3506;standalone_bytes=172342434;SAE_bytes=0;capture_s=5.434091;fit_s=19.476186;coding_s=0.092949;inference_s=1.792761;candidate_tokens=2016;fresh_sealed,FAIL; frozen dev only; fresh locked
development,53301,global_sae_omp16,3840,0,0,268566528,12.926927,heldout_mean_gold_candidate_logprob,-11.070990,accuracy/margin/FVU/latent sparsity/dictionary+code+standalone bytes/compute,accuracy=0.218750;gold_logprob=-11.070990;margin=-2.299064;FVU=0.015927;latent_density=0.015596;dictionary_bytes=4204391;code_bytes=3840;standalone_bytes=172352855;SAE_bytes=4204391;capture_s=0.000000;fit_s=0.000000;coding_s=0.094421;inference_s=1.850748;candidate_tokens=2016;fresh_sealed,FAIL; frozen dev only; fresh locked
development,53302,none,0,0,0,0,14.989005,heldout_mean_gold_candidate_logprob,-13.451520,accuracy/margin/FVU/latent sparsity/dictionary+code+standalone bytes/compute,accuracy=0.218750;gold_logprob=-13.451520;margin=-2.264062;FVU=0.015658;latent_density=0.015586;dictionary_bytes=0;code_bytes=0;standalone_bytes=168144624;SAE_bytes=0;capture_s=0.000000;fit_s=0.000000;coding_s=0.000000;inference_s=2.122417;candidate_tokens=2032;fresh_sealed,FAIL; frozen dev only; fresh locked
development,53302,explicit_fv,34214,0,0,0,14.627302,heldout_mean_gold_candidate_logprob,-10.739561,accuracy/margin/FVU/latent sparsity/dictionary+code+standalone bytes/compute,accuracy=0.218750;gold_logprob=-10.739561;margin=-2.119237;FVU=0.015658;latent_density=0.015586;dictionary_bytes=0;code_bytes=34214;standalone_bytes=168178838;SAE_bytes=0;capture_s=0.000000;fit_s=0.000000;coding_s=0.000000;inference_s=1.760714;candidate_tokens=2032;fresh_sealed,FAIL; frozen dev only; fresh locked
development,53302,shared_transcoder_pool16,36294,6357,1000,805509922816,45.225983,heldout_mean_gold_candidate_logprob,-13.028971,accuracy/margin/FVU/latent sparsity/dictionary+code+standalone bytes/compute,accuracy=0.218750;gold_logprob=-13.028971;margin=-2.226337;FVU=0.015658;latent_density=0.015586;dictionary_bytes=32800;code_bytes=3494;standalone_bytes=168180918;SAE_bytes=0;capture_s=5.925922;fit_s=24.121035;coding_s=0.004327;inference_s=2.232457;candidate_tokens=2032;fresh_sealed,FAIL; frozen dev only; fresh locked
development,53302,global_transcoder_omp16,4197810,6357,1000,805776261120,45.137667,heldout_mean_gold_candidate_logprob,-12.378145,accuracy/margin/FVU/latent sparsity/dictionary+code+standalone bytes/compute,accuracy=0.218750;gold_logprob=-12.378145;margin=-2.427755;FVU=0.015658;latent_density=0.015586;dictionary_bytes=4194304;code_bytes=3506;standalone_bytes=172342434;SAE_bytes=0;capture_s=5.925922;fit_s=24.121035;coding_s=0.046958;inference_s=2.101510;candidate_tokens=2032;fresh_sealed,FAIL; frozen dev only; fresh locked
development,53302,global_sae_omp16,3840,0,0,268566528,14.981139,heldout_mean_gold_candidate_logprob,-11.458640,accuracy/margin/FVU/latent sparsity/dictionary+code+standalone bytes/compute,accuracy=0.187500;gold_logprob=-11.458640;margin=-2.115009;FVU=0.015658;latent_density=0.015586;dictionary_bytes=4204391;code_bytes=3840;standalone_bytes=172352855;SAE_bytes=4204391;capture_s=0.000000;fit_s=0.000000;coding_s=0.070564;inference_s=2.043988;candidate_tokens=2032;fresh_sealed,FAIL; frozen dev only; fresh locked
