subject_id,sparsity,support_directions,method,retrieved_training_subject,shared_payload_bytes,personalized_payload_bytes,retrieval_database_bytes,independent_map_bytes,lsd_db,ild_mae_db,itd_mae_us,calibration_fit_wall_s,metric_wall_s,active_compute_proxy,payload_sha256,shared_sha256
P0031,3,3,nearest_measured_direction,,0,6272,0,1624213,8.214103875784673,7.089320536811999,269.51476793248946,0.012461983000321197,0.16618456400101422,418304,4fc221b227a87264876e34fdf64a98f21d452f957bbb1804e441292a5e2995ba,
P0031,3,3,retrieval_nearest_training_listener,P0013,0,115,48722145,1624213,6.637381877386548,1.1307953396512627,38.71308016877637,0.012461983000321197,0.16670117099965864,418304,f1734809aac95adf9d84c26753d814ebc595becfbda0a9b7c9293d42b47fd56e,
P0031,3,3,shared_pca_rank8_dense_code,,14616798,165,0,1624213,6.891639512304063,2.092683145345357,33.175105485232066,0.012461983000321197,0.16527352400044037,3260416,02715eb321b58c1114a44bc87e93085b382f3c20e8d8a45baca12d96769dcc27,102982437bd8d5b993c4f882b43228e3b6b44a8a09cd02bd0427a9806f09bfe5
P0031,3,3,mirror_top4_sparse_code,,14616798,210,0,1624213,6.843931712064916,1.8726321344756292,32.621308016877634,0.012461983000321197,0.16441011399911076,3260416,d3432912590336ac9e886466a972b5505a7bd5f1b681d1778addbddd08ef431d,102982437bd8d5b993c4f882b43228e3b6b44a8a09cd02bd0427a9806f09bfe5
P0031,3,3,ordinary_top4_sparse_pca_code,,14616798,210,0,1624213,6.843931712064916,1.8726321344756292,32.621308016877634,0.012461983000321197,0.16431490000104532,3260416,d3432912590336ac9e886466a972b5505a7bd5f1b681d1778addbddd08ef431d,102982437bd8d5b993c4f882b43228e3b6b44a8a09cd02bd0427a9806f09bfe5
P0031,3,3,independent_full_listener_map,,0,1624213,0,1624213,0.0,0.0,0.0,0.012461983000321197,0.16508643199995277,418304,8fa3a51466937b4853c56d68b732249d288b87cb02b8badf518ed06d6942e1f5,
P0031,5,5,nearest_measured_direction,,0,10369,0,1624213,7.697467469144165,4.438201057289955,144.5378595600677,0.012518538000222179,0.16349411499868438,426496,647c3ab83d7f07811079b9c8d8231735c78f80c4d8b905c5739453b199d71e21,
P0031,5,5,retrieval_nearest_training_listener,P0013,0,115,48722145,1624213,6.638883280619682,1.1324871107100654,38.81133671742809,0.012518538000222179,0.16408922099981282,426496,f1734809aac95adf9d84c26753d814ebc595becfbda0a9b7c9293d42b47fd56e,
P0031,5,5,shared_pca_rank8_dense_code,,14616798,165,0,1624213,7.62179801327555,1.4137704956129153,37.251480541455166,0.012518538000222179,0.16313141899991024,3268608,f1f1848ae8b87d4cfb36a2d3370232fb194e25372168b00829b9c66c0a2aa71e,102982437bd8d5b993c4f882b43228e3b6b44a8a09cd02bd0427a9806f09bfe5
P0031,5,5,mirror_top4_sparse_code,,14616798,210,0,1624213,7.696649981234256,1.6283899779815694,38.150380710659896,0.012518538000222179,0.1639100119991781,3268608,2f9151b808cbb9fac916c4a09f874df0c8f76428ee81b4eb4224c75bc9ca2f4f,102982437bd8d5b993c4f882b43228e3b6b44a8a09cd02bd0427a9806f09bfe5
P0031,5,5,ordinary_top4_sparse_pca_code,,14616798,210,0,1624213,7.696649981234256,1.6283899779815694,38.150380710659896,0.012518538000222179,0.16483314000106475,3268608,2f9151b808cbb9fac916c4a09f874df0c8f76428ee81b4eb4224c75bc9ca2f4f,102982437bd8d5b993c4f882b43228e3b6b44a8a09cd02bd0427a9806f09bfe5
P0031,5,5,independent_full_listener_map,,0,1624213,0,1624213,0.0,0.0,0.0,0.012518538000222179,0.1637594950007042,426496,8fa3a51466937b4853c56d68b732249d288b87cb02b8badf518ed06d6942e1f5,
P0032,3,3,nearest_measured_direction,,0,6272,0,1624213,8.864018351914677,8.35972129298707,274.8945147679325,0.010997759000019869,0.16411809500095842,418304,52af46df02ea578b4634f04f5df03f2e5d15db5395ff2ae839e0f0068dce29ca,
P0032,3,3,retrieval_nearest_training_listener,P0015,0,115,48722145,1624213,6.999203006252608,1.3638484080581696,22.07278481012658,0.010997759000019869,0.1650717899992742,418304,54b964b6b59e1e2a1afc2ca35585fcf2aeaaa9cf3d333b04804ae7ac1065c5f6,
P0032,3,3,shared_pca_rank8_dense_code,,14616798,165,0,1624213,9.436937875353188,1.518960916008401,23.76054852320675,0.010997759000019869,0.16324539000015648,3260416,e3e13936d70bcab03e2c24251858048e8be064e68b09bec42c256c2002b06af4,102982437bd8d5b993c4f882b43228e3b6b44a8a09cd02bd0427a9806f09bfe5
P0032,3,3,mirror_top4_sparse_code,,14616798,210,0,1624213,9.663881576013749,1.312563930776343,23.54957805907173,0.010997759000019869,0.16359008000108588,3260416,726a10da92980639fd466107387678b94ad77363e3f8f1738336bab116d69b7f,102982437bd8d5b993c4f882b43228e3b6b44a8a09cd02bd0427a9806f09bfe5
P0032,3,3,ordinary_top4_sparse_pca_code,,14616798,210,0,1624213,9.663881576013749,1.312563930776343,23.54957805907173,0.010997759000019869,0.16287856900089537,3260416,726a10da92980639fd466107387678b94ad77363e3f8f1738336bab116d69b7f,102982437bd8d5b993c4f882b43228e3b6b44a8a09cd02bd0427a9806f09bfe5
P0032,3,3,independent_full_listener_map,,0,1624213,0,1624213,0.0,0.0,0.0,0.010997759000019869,0.16356627399909485,418304,88498a937f91bd14284f5e2e06b3c78d993db7ad1a4aeac8cc9537f34b166311,
P0032,5,5,nearest_measured_direction,,0,10369,0,1624213,8.743017173100911,4.963891978934929,145.72758037225043,0.01315953300036199,0.1807501110015437,426496,f5be0fc7a52399900c582702702ce8ed6aa1d737b51a08a5c31a222ed867a80d,
P0032,5,5,retrieval_nearest_training_listener,P0012,0,115,48722145,1624213,6.879990167810555,1.5138749418366795,21.044839255499156,0.01315953300036199,0.16765013999975054,426496,bb7bd1248813854b6f967eb8db8e770355ce5aa7c8cca821cc6750431a727056,
P0032,5,5,shared_pca_rank8_dense_code,,14616798,165,0,1624213,9.709402528201602,1.4151892974702578,22.28743654822335,0.01315953300036199,0.16271447200051625,3268608,85d8dbcd3e5e043a5b2705fddeec7a00f7a26f75375e7cb64f7ea86d156a476c,102982437bd8d5b993c4f882b43228e3b6b44a8a09cd02bd0427a9806f09bfe5
P0032,5,5,mirror_top4_sparse_code,,14616798,210,0,1624213,9.382157713877767,1.3435218874879868,23.212774957698816,0.01315953300036199,0.1629399020002893,3268608,ccbe74556658fe217971075193f1fddb0a80b1bc1c02c82a096a25548e83e7f9,102982437bd8d5b993c4f882b43228e3b6b44a8a09cd02bd0427a9806f09bfe5
P0032,5,5,ordinary_top4_sparse_pca_code,,14616798,210,0,1624213,9.382157713877767,1.3435218874879868,23.212774957698816,0.01315953300036199,0.16423000199938542,3268608,ccbe74556658fe217971075193f1fddb0a80b1bc1c02c82a096a25548e83e7f9,102982437bd8d5b993c4f882b43228e3b6b44a8a09cd02bd0427a9806f09bfe5
P0032,5,5,independent_full_listener_map,,0,1624213,0,1624213,0.0,0.0,0.0,0.01315953300036199,0.16296331600096892,426496,88498a937f91bd14284f5e2e06b3c78d993db7ad1a4aeac8cc9537f34b166311,
P0033,3,3,nearest_measured_direction,,0,6272,0,1624213,8.735008605985938,7.8706188857095505,278.11181434599155,0.011230690000957111,0.16387665599904722,418304,fb75756b393d7791fa86960fac6ba3750e44685881bba39b65b0f6126d62491f,
P0033,3,3,retrieval_nearest_training_listener,P0019,0,115,48722145,1624213,6.46248716379822,1.0996050864332456,27.34704641350211,0.011230690000957111,0.1638516700004402,418304,064fc4158295e8fd17bb5462f3c1adffae1d24757dcf6520060df996cfa919c6,
P0033,3,3,shared_pca_rank8_dense_code,,14616798,165,0,1624213,7.247816811583911,2.0618030843520847,19.93670886075949,0.011230690000957111,0.1638685070010979,3260416,71ae85975fe4973b024a0b375e47b40dad4be5b39bda799b9f6d1f613382935b,102982437bd8d5b993c4f882b43228e3b6b44a8a09cd02bd0427a9806f09bfe5
P0033,3,3,mirror_top4_sparse_code,,14616798,210,0,1624213,8.314503192241414,1.7963617095169322,17.167721518987342,0.011230690000957111,0.16405622999991465,3260416,1694a19c5cd0f9d2c5c640745cc797bec1ddc7ea6614fa97fa13da68115d1871,102982437bd8d5b993c4f882b43228e3b6b44a8a09cd02bd0427a9806f09bfe5
P0033,3,3,ordinary_top4_sparse_pca_code,,14616798,210,0,1624213,8.314503192241414,1.7963617095169322,17.167721518987342,0.011230690000957111,0.16457228600120288,3260416,1694a19c5cd0f9d2c5c640745cc797bec1ddc7ea6614fa97fa13da68115d1871,102982437bd8d5b993c4f882b43228e3b6b44a8a09cd02bd0427a9806f09bfe5
P0033,3,3,independent_full_listener_map,,0,1624213,0,1624213,0.0,0.0,0.0,0.011230690000957111,0.16461228699881758,418304,d8fb0e548450a4c90b861461629c9cd93d0ff036a13755cb75f9b6a8f04d4d2d,
P0033,5,5,nearest_measured_direction,,0,10369,0,1624213,8.208979962126818,4.769786182968361,149.40249576988157,0.012259458999324124,0.16556265600047482,426496,32917e9494246834649c86124b145f4b58ce075c054c81a2cd4ce8b78ce9fdea,
P0033,5,5,retrieval_nearest_training_listener,P0023,0,115,48722145,1624213,5.433711323270282,1.3123999954581793,27.4164551607445,0.012259458999324124,0.16434254100022372,426496,d67fde2e17230a630b1e64e318b641696d799826316971ba038c370af2a9ea4e,
P0033,5,5,shared_pca_rank8_dense_code,,14616798,165,0,1624213,7.586249208920783,1.6422180826079775,23.503595600676817,0.012259458999324124,0.1648975159987458,3268608,666cf95acb58ff8ba35e3943f5bd18a415ad7895f0bfbbcf31d0659b20f854e4,102982437bd8d5b993c4f882b43228e3b6b44a8a09cd02bd0427a9806f09bfe5
P0033,5,5,mirror_top4_sparse_code,,14616798,210,0,1624213,7.998463740470689,1.3593584205328157,23.10702199661591,0.012259458999324124,0.16462895199947525,3268608,67a294b946a1677dde3df4eedb5d4e3b45166610954e1027a801fb2910b14720,102982437bd8d5b993c4f882b43228e3b6b44a8a09cd02bd0427a9806f09bfe5
P0033,5,5,ordinary_top4_sparse_pca_code,,14616798,210,0,1624213,7.998463740470689,1.3593584205328157,23.10702199661591,0.012259458999324124,0.1660541960009141,3268608,67a294b946a1677dde3df4eedb5d4e3b45166610954e1027a801fb2910b14720,102982437bd8d5b993c4f882b43228e3b6b44a8a09cd02bd0427a9806f09bfe5
P0033,5,5,independent_full_listener_map,,0,1624213,0,1624213,0.0,0.0,0.0,0.012259458999324124,0.16477382899938675,426496,d8fb0e548450a4c90b861461629c9cd93d0ff036a13755cb75f9b6a8f04d4d2d,
P0034,3,3,nearest_measured_direction,,0,6272,0,1624213,9.43235224352711,8.64270406496322,286.12869198312234,0.010999922998962575,0.1665177240010962,418304,59196f423bbf44fe050e3328e724345812f2b6567602292c2f12eb4deb4bdea3,
P0034,3,3,retrieval_nearest_training_listener,P0010,0,115,48722145,1624213,7.0259293707329515,1.195413715332842,30.90717299578059,0.010999922998962575,0.16648485400037316,418304,422c5d3be7935262f33c32ea6a7e85f5f94140939e10829b1a992bcffb8e5135,
P0034,3,3,shared_pca_rank8_dense_code,,14616798,165,0,1624213,8.092355663871729,2.162952175028145,27.66350210970464,0.010999922998962575,0.16752438900039124,3260416,3b81129ab4233a2b89ff35d466d4cfe3a9c0449135c82757febc0395f9e0b1d8,102982437bd8d5b993c4f882b43228e3b6b44a8a09cd02bd0427a9806f09bfe5
P0034,3,3,mirror_top4_sparse_code,,14616798,210,0,1624213,8.441200462347432,1.8287316821788733,36.94620253164557,0.010999922998962575,0.1660588029990322,3260416,4c69373bdf6edf8e3cefcee1d0fbd73adf18020543aae709459eb09cbfecbce3,102982437bd8d5b993c4f882b43228e3b6b44a8a09cd02bd0427a9806f09bfe5
P0034,3,3,ordinary_top4_sparse_pca_code,,14616798,210,0,1624213,8.441200462347432,1.8287316821788733,36.94620253164557,0.010999922998962575,0.1673385590001999,3260416,4c69373bdf6edf8e3cefcee1d0fbd73adf18020543aae709459eb09cbfecbce3,102982437bd8d5b993c4f882b43228e3b6b44a8a09cd02bd0427a9806f09bfe5
P0034,3,3,independent_full_listener_map,,0,1624213,0,1624213,0.0,0.0,0.0,0.010999922998962575,0.16627375700045377,418304,9b3d32cb43a87c722cd961ae15b5a8befffe2c6c25199ad200de94883b142bb8,
P0034,5,5,nearest_measured_direction,,0,10369,0,1624213,8.078370028320709,5.0664809236354245,161.4054568527919,0.011693646998537588,0.16875109399916255,426496,f9853b22f37514d7759e3aaba84a428b287d345d1aeb8f3303bd6ef88c53aa25,
P0034,5,5,retrieval_nearest_training_listener,P0004,0,115,48722145,1624213,7.471769160791615,1.2492302085947036,26.491116751269036,0.011693646998537588,0.16758788399965852,426496,fe19d9c24d4fd7555b8b9ec598fb892b51226428e3ba23464415f902bc558305,
P0034,5,5,shared_pca_rank8_dense_code,,14616798,165,0,1624213,8.355308800700174,1.1831216857397917,32.14890016920474,0.011693646998537588,0.16592093500003102,3268608,83db1606b989afab474cb54697a07360df1880c1f8570cb42a6a3ad9c5fc5f9d,102982437bd8d5b993c4f882b43228e3b6b44a8a09cd02bd0427a9806f09bfe5
P0034,5,5,mirror_top4_sparse_code,,14616798,210,0,1624213,8.476493605489159,1.179649027347019,32.0167089678511,0.011693646998537588,0.16627445700032695,3268608,06b9b080426ad74c7525875999d3e3dcc8e4fcba9d5254e74eb37201defb05a1,102982437bd8d5b993c4f882b43228e3b6b44a8a09cd02bd0427a9806f09bfe5
P0034,5,5,ordinary_top4_sparse_pca_code,,14616798,210,0,1624213,8.476493605489159,1.179649027347019,32.0167089678511,0.011693646998537588,0.16684753099980298,3268608,06b9b080426ad74c7525875999d3e3dcc8e4fcba9d5254e74eb37201defb05a1,102982437bd8d5b993c4f882b43228e3b6b44a8a09cd02bd0427a9806f09bfe5
P0034,5,5,independent_full_listener_map,,0,1624213,0,1624213,0.0,0.0,0.0,0.011693646998537588,0.16530568399866752,426496,9b3d32cb43a87c722cd961ae15b5a8befffe2c6c25199ad200de94883b142bb8,
P0035,3,3,nearest_measured_direction,,0,6272,0,1624213,9.803652358531005,7.755872092545458,304.1402953586498,0.011151369999424787,0.16723564399944735,418304,e04c168918f1b6d126fdf5b8dd2bee06f3ca74fce58a35b2e96e78b9db754486,
P0035,3,3,retrieval_nearest_training_listener,P0013,0,115,48722145,1624213,6.89487741854622,1.7595027978387505,22.943037974683545,0.011151369999424787,0.16856316200028232,418304,f1734809aac95adf9d84c26753d814ebc595becfbda0a9b7c9293d42b47fd56e,
P0035,3,3,shared_pca_rank8_dense_code,,14616798,165,0,1624213,6.700445726626958,1.7161585539443849,34.889240506329116,0.011151369999424787,0.1679008539995266,3260416,f6a331a1b3275fadc3317e037cab7b89135cd3780e865dc06652adc96b3bae7f,102982437bd8d5b993c4f882b43228e3b6b44a8a09cd02bd0427a9806f09bfe5
P0035,3,3,mirror_top4_sparse_code,,14616798,210,0,1624213,6.427391020860424,1.4837281415330148,32.779535864978904,0.011151369999424787,0.16829833299925667,3260416,2b089312be80a189461334f519df27f739b06134601b2dc1fab2f9df589b16a5,102982437bd8d5b993c4f882b43228e3b6b44a8a09cd02bd0427a9806f09bfe5
P0035,3,3,ordinary_top4_sparse_pca_code,,14616798,210,0,1624213,6.427391020860424,1.4837281415330148,32.779535864978904,0.011151369999424787,0.1684526850003749,3260416,2b089312be80a189461334f519df27f739b06134601b2dc1fab2f9df589b16a5,102982437bd8d5b993c4f882b43228e3b6b44a8a09cd02bd0427a9806f09bfe5
P0035,3,3,independent_full_listener_map,,0,1624213,0,1624213,0.0,0.0,0.0,0.011151369999424787,0.16824746700149262,418304,2eab109408d6f783b47f78c716f9e15e45415aa51ba11a4647c273a85c8ab46f,
P0035,5,5,nearest_measured_direction,,0,10369,0,1624213,8.969768838481453,4.48200501254053,157.91560913705587,0.012522564000391867,0.1651131799990253,426496,ae1fe0165da5818d41766480fcaeea2eb24bcad51a46c65276dc9957e3a27573,
P0035,5,5,retrieval_nearest_training_listener,P0030,0,115,48722145,1624213,6.617009351021255,2.222674319172344,37.27791878172589,0.012522564000391867,0.16742875400086632,426496,e7aa2d855665028dad7a8bc04440a02e1002694e767b62b977276f8f158e56e7,
P0035,5,5,shared_pca_rank8_dense_code,,14616798,165,0,1624213,6.885208943676917,2.1545194080302963,23.080583756345177,0.012522564000391867,0.1640633600000001,3268608,7717a2b13703b506d517ca1312a24ee79735aca5175246dac94bcab25565158e,102982437bd8d5b993c4f882b43228e3b6b44a8a09cd02bd0427a9806f09bfe5
P0035,5,5,mirror_top4_sparse_code,,14616798,210,0,1624213,6.8616275367289195,2.1328666921630854,24.402495769881558,0.012522564000391867,0.16780610200112278,3268608,7fc79c0a664b06976c4feb50372ca7f0ff99cb4a82e2eb2112091c5f1f43ff4e,102982437bd8d5b993c4f882b43228e3b6b44a8a09cd02bd0427a9806f09bfe5
P0035,5,5,ordinary_top4_sparse_pca_code,,14616798,210,0,1624213,6.8616275367289195,2.1328666921630854,24.402495769881558,0.012522564000391867,0.16556128400043235,3268608,7fc79c0a664b06976c4feb50372ca7f0ff99cb4a82e2eb2112091c5f1f43ff4e,102982437bd8d5b993c4f882b43228e3b6b44a8a09cd02bd0427a9806f09bfe5
P0035,5,5,independent_full_listener_map,,0,1624213,0,1624213,0.0,0.0,0.0,0.012522564000391867,0.16701784600081737,426496,2eab109408d6f783b47f78c716f9e15e45415aa51ba11a4647c273a85c8ab46f,
P0036,3,3,nearest_measured_direction,,0,6272,0,1624213,8.35107137096087,7.498500430376936,284.0189873417722,0.01109604799967201,0.16467037399888795,418304,1057024c97bf9eb03a43ad6526a48329e1094455ca4cd8b9ba0fb9e2366763e9,
P0036,3,3,retrieval_nearest_training_listener,P0010,0,115,48722145,1624213,6.080188560988036,1.1561785556524633,23.180379746835442,0.01109604799967201,0.16490982400137,418304,422c5d3be7935262f33c32ea6a7e85f5f94140939e10829b1a992bcffb8e5135,
P0036,3,3,shared_pca_rank8_dense_code,,14616798,165,0,1624213,6.914110836190286,1.8607443730514166,20.5168776371308,0.01109604799967201,0.1667555310013995,3260416,f463f876b3929f771591bbf80b19d33a1937235182ad4c3af85d8e0ee89e339b,102982437bd8d5b993c4f882b43228e3b6b44a8a09cd02bd0427a9806f09bfe5
P0036,3,3,mirror_top4_sparse_code,,14616798,210,0,1624213,7.09725564729337,1.854634539733807,21.360759493670884,0.01109604799967201,0.16631136199976027,3260416,35b844ec259c99f72eed0e6f7cee10bcaf45cdedbf980f947daf05422fd40fce,102982437bd8d5b993c4f882b43228e3b6b44a8a09cd02bd0427a9806f09bfe5
P0036,3,3,ordinary_top4_sparse_pca_code,,14616798,210,0,1624213,7.09725564729337,1.854634539733807,21.360759493670884,0.01109604799967201,0.16476590700040106,3260416,35b844ec259c99f72eed0e6f7cee10bcaf45cdedbf980f947daf05422fd40fce,102982437bd8d5b993c4f882b43228e3b6b44a8a09cd02bd0427a9806f09bfe5
P0036,3,3,independent_full_listener_map,,0,1624213,0,1624213,0.0,0.0,0.0,0.01109604799967201,0.1655852000003506,418304,58c09055e4314561cd9f4255174c3da5edea41d85fc7d32335a6989af7e26d87,
P0036,5,5,nearest_measured_direction,,0,10369,0,1624213,8.677827760000271,4.553022898831996,154.63726734348563,0.011601738000535988,0.16461005299970566,426496,83677952df63bdef096c591ee809788da2836573e7ffc9dee96e31fc6415f85a,
P0036,5,5,retrieval_nearest_training_listener,P0010,0,115,48722145,1624213,6.074032085183305,1.15367271104316,23.212774957698816,0.011601738000535988,0.16449192499931087,426496,422c5d3be7935262f33c32ea6a7e85f5f94140939e10829b1a992bcffb8e5135,
P0036,5,5,shared_pca_rank8_dense_code,,14616798,165,0,1624213,6.5994980133654995,1.6609836287740767,21.758671742808797,0.011601738000535988,0.16413161299897183,3268608,51f7c0ead0f85b3171b51aa56111bcba1513e574d4ffd346044b270ebcc1de8b,102982437bd8d5b993c4f882b43228e3b6b44a8a09cd02bd0427a9806f09bfe5
P0036,5,5,mirror_top4_sparse_code,,14616798,210,0,1624213,6.822055467885066,1.5480021235410768,18.61252115059222,0.011601738000535988,0.16455928800132824,3268608,17c9d5899f62dff39190cf01163256c081c5918fabb9b47211156a1db63dae97,102982437bd8d5b993c4f882b43228e3b6b44a8a09cd02bd0427a9806f09bfe5
P0036,5,5,ordinary_top4_sparse_pca_code,,14616798,210,0,1624213,6.822055467885066,1.5480021235410768,18.61252115059222,0.011601738000535988,0.16404436500124575,3268608,17c9d5899f62dff39190cf01163256c081c5918fabb9b47211156a1db63dae97,102982437bd8d5b993c4f882b43228e3b6b44a8a09cd02bd0427a9806f09bfe5
P0036,5,5,independent_full_listener_map,,0,1624213,0,1624213,0.0,0.0,0.0,0.011601738000535988,0.16398320299958868,426496,58c09055e4314561cd9f4255174c3da5edea41d85fc7d32335a6989af7e26d87,
