seed,method,payload_bytes,sha256,predictive_nll,brier,ece_15bin,probability_calibration_mse,posterior_modes,posterior_samples_per_input,examples_evaluated,optimizer_updates,active_MACs,wall_seconds_serialize_predict
34901,deterministic_mean,441,2000adb9c8e3456f8ed0b0f09953b58f01c81e3b7b9617b9322a2a1d3387a14c,0.6959992051124573,0.24645623564720154,0.07181288438507664,0.011097043752670288,1,1,12000,0,384000,0.001467129994125571
34901,independent_two_model_posterior,651,90b529456ffcadb8ec1aa7c5db6693f3a283989ba4244152e84538c0806c2a62,0.659877359867096,0.23392118513584137,0.008917369147141774,8.984942222064985e-16,2,2,12000,0,768000,0.0013060820056125522
34901,rank1_bnn_multiplicative_posterior,1195,852897a7bb570d0d596ee1bae6c86b95723e84d291209040683c704cae5ef2f2,0.659877359867096,0.23392118513584137,0.008917369147141774,8.984942222064985e-16,2,2,12000,0,768000,0.0012040110013913363
34901,mirror_scalar_posterior,1196,41f90d91402e546155f763610c20aaa0c3a5128be55a556170568115913fc912,0.659877359867096,0.23392118513584137,0.008917369147141774,8.984942222064985e-16,2,2,12000,0,768000,0.001150672003859654
34901,direct_sparse_scalar_posterior,1196,41f90d91402e546155f763610c20aaa0c3a5128be55a556170568115913fc912,0.659877359867096,0.23392118513584137,0.008917369147141774,8.984942222064985e-16,2,2,12000,0,768000,0.0010895609957515262
34902,deterministic_mean,441,fece0ce24258541e3436029d62cf61838027cf8b68eca480b257fe9cddd895a4,0.6863969564437866,0.24208498001098633,0.06993970938771964,0.011193564161658287,1,1,12000,0,384000,0.0006663259991910309
34902,independent_two_model_posterior,652,63309e5fb206eb6ec31bd8d3669c7eace93a65099fb42b4e1760ec43b18498a9,0.65579754114151,0.23200878500938416,0.014540712415551146,7.280981394545678e-16,2,2,12000,0,768000,0.0008894050042727031
34902,rank1_bnn_multiplicative_posterior,1195,40460a844af5dd490563242d2ff881ee0f217693523830097637bfd1b506f57a,0.65579754114151,0.23200878500938416,0.014540712415551146,7.280981394545678e-16,2,2,12000,0,768000,0.0011670660023810342
34902,mirror_scalar_posterior,1196,ed68d643bbd0602b4b7d46fe72d082d0ffa93708c927dcfa827172f47d8f7639,0.65579754114151,0.23200878500938416,0.014540712415551146,7.280981394545678e-16,2,2,12000,0,768000,0.0010629520038492046
34902,direct_sparse_scalar_posterior,1196,ed68d643bbd0602b4b7d46fe72d082d0ffa93708c927dcfa827172f47d8f7639,0.65579754114151,0.23200878500938416,0.014540712415551146,7.280981394545678e-16,2,2,12000,0,768000,0.0010496920003788546
